----------------
IN: 
0xfffffff0:  ea 5b e0 00 f0           ljmpw    $0xf000:$0xe05b

----------------
IN: 
0x000fe05b:  2e 66 83 3e 68 62 00     cmpl     $0, %cs:0x6268
0x000fe062:  0f 85 4d f0              jne      0xfd0b3

----------------
IN: 
0x000fe066:  31 d2                    xorw     %dx, %dx
0x000fe068:  8e d2                    movw     %dx, %ss

----------------
IN: 
0x000fe06a:  66 bc 00 70 00 00        movl     $0x7000, %esp

----------------
IN: 
0x000fe070:  66 ba 0e 07 0f 00        movl     $0xf070e, %edx
0x000fe076:  e9 b7 ee                 jmp      0xfcf30

----------------
IN: 
0x000fcf30:  fa                       cli      
0x000fcf31:  fc                       cld      
0x000fcf32:  66 89 c1                 movl     %eax, %ecx
0x000fcf35:  66 b8 8f 00 00 00        movl     $0x8f, %eax
0x000fcf3b:  e6 70                    outb     %al, $0x70

----------------
IN: 
0x000fcf3d:  e4 71                    inb      $0x71, %al

----------------
IN: 
0x000fcf3f:  e4 92                    inb      $0x92, %al

----------------
IN: 
0x000fcf41:  0c 02                    orb      $2, %al
0x000fcf43:  e6 92                    outb     %al, $0x92

----------------
IN: 
0x000fcf45:  66 89 c8                 movl     %ecx, %eax
0x000fcf48:  2e 0f 01 1e 58 62        lidtw    %cs:0x6258
0x000fcf4e:  2e 0f 01 16 18 62        lgdtw    %cs:0x6218
0x000fcf54:  0f 20 c1                 movl     %cr0, %ecx
0x000fcf57:  66 81 e1 ff ff ff 1f     andl     $0x1fffffff, %ecx
0x000fcf5e:  66 83 c9 01              orl      $1, %ecx
0x000fcf62:  0f 22 c1                 movl     %ecx, %cr0

----------------
IN: 
0x000fcf65:  66 ea 6d cf 0f 00 08 00  ljmpl    $0x8:$0xfcf6d

----------------
IN: 
0x000fcf6d:  b9 10 00 00 00           movl     $0x10, %ecx
0x000fcf72:  8e d9                    movl     %ecx, %ds

----------------
IN: 
0x000fcf74:  8e c1                    movl     %ecx, %es

----------------
IN: 
0x000fcf76:  8e d1                    movl     %ecx, %ss

----------------
IN: 
0x000fcf78:  8e e1                    movl     %ecx, %fs

----------------
IN: 
0x000fcf7a:  8e e9                    movl     %ecx, %gs
0x000fcf7c:  ff e2                    jmpl     *%edx

----------------
IN: 
0x000f070e:  53                       pushl    %ebx
0x000f070f:  83 ec 20                 subl     $0x20, %esp
0x000f0712:  e8 1e c8 ff ff           calll    0xecf35

----------------
IN: 
0x000ecf35:  68 c0 4a 0f 00           pushl    $0xf4ac0
0x000ecf3a:  68 53 0f 0f 00           pushl    $0xf0f53
0x000ecf3f:  e8 de ff ff ff           calll    0xecf22

----------------
IN: 
0x000ecf22:  8d 4c 24 08              leal     8(%esp), %ecx
0x000ecf26:  8b 54 24 04              movl     4(%esp), %edx
0x000ecf2a:  b8 48 4a 0f 00           movl     $0xf4a48, %eax
0x000ecf2f:  e8 a6 f7 ff ff           calll    0xec6da

----------------
IN: 
0x000ec6da:  55                       pushl    %ebp
0x000ec6db:  57                       pushl    %edi
0x000ec6dc:  56                       pushl    %esi
0x000ec6dd:  53                       pushl    %ebx
0x000ec6de:  83 ec 08                 subl     $8, %esp
0x000ec6e1:  89 c5                    movl     %eax, %ebp
0x000ec6e3:  89 d7                    movl     %edx, %edi
0x000ec6e5:  89 cb                    movl     %ecx, %ebx
0x000ec6e7:  0f be 17                 movsbl   (%edi), %edx
0x000ec6ea:  84 d2                    testb    %dl, %dl
0x000ec6ec:  0f 84 41 02 00 00        je       0xec933

----------------
IN: 
0x000ec6f2:  80 fa 25                 cmpb     $0x25, %dl
0x000ec6f5:  0f 85 23 02 00 00        jne      0xec91e

----------------
IN: 
0x000ec91e:  89 e8                    movl     %ebp, %eax
0x000ec920:  e8 76 d9 ff ff           calll    0xea29b

----------------
IN: 
0x000ea29b:  0f be d2                 movsbl   %dl, %edx
0x000ea29e:  ff 20                    jmpl     *(%eax)

----------------
IN: 
0x000ebd7c:  88 d0                    movb     %dl, %al
0x000ebd7e:  66 8b 15 d4 60 0f 00     movw     0xf60d4, %dx
0x000ebd85:  66 85 d2                 testw    %dx, %dx
0x000ebd88:  74 01                    je       0xebd8b

----------------
IN: 
0x000ebd8a:  ee                       outb     %al, %dx

----------------
IN: 
0x000ebd8b:  c3                       retl     

----------------
IN: 
0x000ec925:  89 fe                    movl     %edi, %esi
0x000ec927:  eb 02                    jmp      0xec92b

----------------
IN: 
0x000ec92b:  8d 7e 01                 leal     1(%esi), %edi
0x000ec92e:  e9 b4 fd ff ff           jmp      0xec6e7

----------------
IN: 
0x000ec6e7:  0f be 17                 movsbl   (%edi), %edx
0x000ec6ea:  84 d2                    testb    %dl, %dl
0x000ec6ec:  0f 84 41 02 00 00        je       0xec933

----------------
IN: 
0x000ec6fb:  8d 77 01                 leal     1(%edi), %esi
0x000ec6fe:  c6 04 24 20              movb     $0x20, (%esp)
0x000ec702:  31 c9                    xorl     %ecx, %ecx
0x000ec704:  0f b6 06                 movzbl   (%esi), %eax
0x000ec707:  8d 50 d0                 leal     -0x30(%eax), %edx
0x000ec70a:  80 fa 09                 cmpb     $9, %dl
0x000ec70d:  77 1a                    ja       0xec729

----------------
IN: 
0x000ec729:  31 d2                    xorl     %edx, %edx
0x000ec72b:  3c 6c                    cmpb     $0x6c, %al
0x000ec72d:  75 12                    jne      0xec741

----------------
IN: 
0x000ec741:  3c 64                    cmpb     $0x64, %al
0x000ec743:  74 68                    je       0xec7ad

----------------
IN: 
0x000ec745:  7f 42                    jg       0xec789

----------------
IN: 
0x000ec789:  3c 73                    cmpb     $0x73, %al
0x000ec78b:  0f 84 72 01 00 00        je       0xec903

----------------
IN: 
0x000ec903:  8d 7b 04                 leal     4(%ebx), %edi
0x000ec906:  8b 1b                    movl     (%ebx), %ebx
0x000ec908:  0f be 13                 movsbl   (%ebx), %edx
0x000ec90b:  84 d2                    testb    %dl, %dl
0x000ec90d:  74 1a                    je       0xec929

----------------
IN: 
0x000ec90f:  89 e8                    movl     %ebp, %eax
0x000ec911:  e8 85 d9 ff ff           calll    0xea29b

----------------
IN: 
0x000ec916:  43                       incl     %ebx
0x000ec917:  eb ef                    jmp      0xec908

----------------
IN: 
0x000ec908:  0f be 13                 movsbl   (%ebx), %edx
0x000ec90b:  84 d2                    testb    %dl, %dl
0x000ec90d:  74 1a                    je       0xec929

----------------
IN: 
0x000ec929:  89 fb                    movl     %edi, %ebx
0x000ec92b:  8d 7e 01                 leal     1(%esi), %edi
0x000ec92e:  e9 b4 fd ff ff           jmp      0xec6e7

----------------
IN: 
0x000ec933:  83 c4 08                 addl     $8, %esp
0x000ec936:  5b                       popl     %ebx
0x000ec937:  5e                       popl     %esi
0x000ec938:  5f                       popl     %edi
0x000ec939:  5d                       popl     %ebp
0x000ec93a:  c3                       retl     

----------------
IN: 
0x000ecf34:  c3                       retl     

----------------
IN: 
0x000ecf44:  68 60 4a 0f 00           pushl    $0xf4a60
0x000ecf49:  68 69 0f 0f 00           pushl    $0xf0f69
0x000ecf4e:  e8 cf ff ff ff           calll    0xecf22

----------------
IN: 
0x000ecf53:  83 c4 10                 addl     $0x10, %esp
0x000ecf56:  c3                       retl     

----------------
IN: 
0x000f0717:  bb 00 00 00 40           movl     $0x40000000, %ebx
0x000f071c:  8d 4c 24 04              leal     4(%esp), %ecx
0x000f0720:  89 e2                    movl     %esp, %edx
0x000f0722:  8d 44 24 0c              leal     0xc(%esp), %eax
0x000f0726:  50                       pushl    %eax
0x000f0727:  8d 44 24 0c              leal     0xc(%esp), %eax
0x000f072b:  50                       pushl    %eax
0x000f072c:  89 d8                    movl     %ebx, %eax
0x000f072e:  e8 bd 9e ff ff           calll    0xea5f0

----------------
IN: 
0x000ea5f0:  55                       pushl    %ebp
0x000ea5f1:  57                       pushl    %edi
0x000ea5f2:  56                       pushl    %esi
0x000ea5f3:  53                       pushl    %ebx
0x000ea5f4:  89 d6                    movl     %edx, %esi
0x000ea5f6:  89 cf                    movl     %ecx, %edi
0x000ea5f8:  8b 6c 24 14              movl     0x14(%esp), %ebp
0x000ea5fc:  9c                       pushfl   
0x000ea5fd:  59                       popl     %ecx
0x000ea5fe:  89 ca                    movl     %ecx, %edx
0x000ea600:  81 f2 00 00 20 00        xorl     $0x200000, %edx
0x000ea606:  52                       pushl    %edx
0x000ea607:  9d                       popfl    

----------------
IN: 
0x000ea608:  9c                       pushfl   
0x000ea609:  5a                       popl     %edx
0x000ea60a:  51                       pushl    %ecx
0x000ea60b:  9d                       popfl    

----------------
IN: 
0x000ea60c:  31 ca                    xorl     %ecx, %edx
0x000ea60e:  0f ba e2 15              btl      $0x15, %edx
0x000ea612:  72 11                    jb       0xea625

----------------
IN: 
0x000ea625:  0f a2                    cpuid    
0x000ea627:  89 06                    movl     %eax, (%esi)
0x000ea629:  89 1f                    movl     %ebx, (%edi)
0x000ea62b:  89 4d 00                 movl     %ecx, (%ebp)
0x000ea62e:  8b 44 24 18              movl     0x18(%esp), %eax
0x000ea632:  89 10                    movl     %edx, (%eax)
0x000ea634:  5b                       popl     %ebx
0x000ea635:  5e                       popl     %esi
0x000ea636:  5f                       popl     %edi
0x000ea637:  5d                       popl     %ebp
0x000ea638:  c3                       retl     

----------------
IN: 
0x000f0733:  8b 44 24 0c              movl     0xc(%esp), %eax
0x000f0737:  89 44 24 1b              movl     %eax, 0x1b(%esp)
0x000f073b:  8b 44 24 10              movl     0x10(%esp), %eax
0x000f073f:  89 44 24 1f              movl     %eax, 0x1f(%esp)
0x000f0743:  8b 44 24 14              movl     0x14(%esp), %eax
0x000f0747:  89 44 24 23              movl     %eax, 0x23(%esp)
0x000f074b:  c6 44 24 27 00           movb     $0, 0x27(%esp)
0x000f0750:  8d 44 24 1b              leal     0x1b(%esp), %eax
0x000f0754:  ba ec 41 0f 00           movl     $0xf41ec, %edx
0x000f0759:  e8 d0 9c ff ff           calll    0xea42e

----------------
IN: 
0x000ea42e:  53                       pushl    %ebx
0x000ea42f:  89 c1                    movl     %eax, %ecx
0x000ea431:  89 d3                    movl     %edx, %ebx
0x000ea433:  31 c0                    xorl     %eax, %eax
0x000ea435:  8a 14 01                 movb     (%ecx, %eax), %dl
0x000ea438:  3a 14 03                 cmpb     (%ebx, %eax), %dl
0x000ea43b:  74 0c                    je       0xea449

----------------
IN: 
0x000ea43d:  b8 01 00 00 00           movl     $1, %eax
0x000ea442:  7d 0c                    jge      0xea450

----------------
IN: 
0x000ea444:  83 c8 ff                 orl      $0xffffffff, %eax
0x000ea447:  eb 07                    jmp      0xea450

----------------
IN: 
0x000ea450:  5b                       popl     %ebx
0x000ea451:  c3                       retl     

----------------
IN: 
0x000f075e:  5a                       popl     %edx
0x000f075f:  59                       popl     %ecx
0x000f0760:  85 c0                    testl    %eax, %eax
0x000f0762:  75 41                    jne      0xf07a5

----------------
IN: 
0x000f07a5:  81 c3 00 01 00 00        addl     $0x100, %ebx
0x000f07ab:  81 fb 00 00 01 40        cmpl     $0x40010000, %ebx
0x000f07b1:  0f 85 65 ff ff ff        jne      0xf071c

----------------
IN: 
0x000f071c:  8d 4c 24 04              leal     4(%esp), %ecx
0x000f0720:  89 e2                    movl     %esp, %edx
0x000f0722:  8d 44 24 0c              leal     0xc(%esp), %eax
0x000f0726:  50                       pushl    %eax
0x000f0727:  8d 44 24 0c              leal     0xc(%esp), %eax
0x000f072b:  50                       pushl    %eax
0x000f072c:  89 d8                    movl     %ebx, %eax
0x000f072e:  e8 bd 9e ff ff           calll    0xea5f0

----------------
IN: 
0x000f07b7:  83 3d 20 4b 0f 00 00     cmpl     $0, 0xf4b20
0x000f07be:  75 07                    jne      0xf07c7

----------------
IN: 
0x000f07c0:  68 52 42 0f 00           pushl    $0xf4252
0x000f07c5:  eb 1a                    jmp      0xf07e1

----------------
IN: 
0x000f07e1:  e8 3c c7 ff ff           calll    0xecf22

----------------
IN: 
0x000f07e6:  58                       popl     %eax
0x000f07e7:  e8 73 e2 ff ff           calll    0xeea5f

----------------
IN: 
0x000eea5f:  53                       pushl    %ebx
0x000eea60:  e8 f5 b7 ff ff           calll    0xea25a

----------------
IN: 
0x000ea25a:  a0 20 56 0f 00           movb     0xf5620, %al
0x000ea25f:  d0 e8                    shrb     $1, %al
0x000ea261:  83 e0 01                 andl     $1, %eax
0x000ea264:  c3                       retl     

----------------
IN: 
0x000eea65:  85 c0                    testl    %eax, %eax
0x000eea67:  75 70                    jne      0xeead9

----------------
IN: 
0x000eea69:  83 c8 ff                 orl      $0xffffffff, %eax
0x000eea6c:  e8 0b db ff ff           calll    0xec57c

----------------
IN: 
0x000ec57c:  56                       pushl    %esi
0x000ec57d:  53                       pushl    %ebx
0x000ec57e:  89 c1                    movl     %eax, %ecx
0x000ec580:  a8 07                    testb    $7, %al
0x000ec582:  75 50                    jne      0xec5d4

----------------
IN: 
0x000ec5d4:  41                       incl     %ecx
0x000ec5d5:  eb cd                    jmp      0xec5a4

----------------
IN: 
0x000ec5a4:  89 c8                    movl     %ecx, %eax
0x000ec5a6:  66 c1 e8 08              shrw     $8, %ax
0x000ec5aa:  75 2b                    jne      0xec5d7

----------------
IN: 
0x000ec5ac:  89 c8                    movl     %ecx, %eax
0x000ec5ae:  c1 e0 08                 shll     $8, %eax
0x000ec5b1:  25 00 ff ff 00           andl     $0xffff00, %eax
0x000ec5b6:  0d 00 00 00 80           orl      $0x80000000, %eax
0x000ec5bb:  ba f8 0c 00 00           movl     $0xcf8, %edx
0x000ec5c0:  ef                       outl     %eax, %dx

----------------
IN: 
0x000ec5c1:  ba fc 0c 00 00           movl     $0xcfc, %edx
0x000ec5c6:  66 ed                    inw      %dx, %ax

----------------
IN: 
0x000ec5c8:  48                       decl     %eax
0x000ec5c9:  66 83 f8 fd              cmpw     $-3, %ax
0x000ec5cd:  76 0b                    jbe      0xec5da

----------------
IN: 
0x000ec5da:  89 c8                    movl     %ecx, %eax
0x000ec5dc:  5b                       popl     %ebx
0x000ec5dd:  5e                       popl     %esi
0x000ec5de:  c3                       retl     

----------------
IN: 
0x000eea71:  89 c3                    movl     %eax, %ebx
0x000eea73:  85 c0                    testl    %eax, %eax
0x000eea75:  78 57                    js       0xeeace

----------------
IN: 
0x000eea77:  89 d8                    movl     %ebx, %eax
0x000eea79:  c1 e0 08                 shll     $8, %eax
0x000eea7c:  25 00 ff ff 00           andl     $0xffff00, %eax
0x000eea81:  0d 00 00 00 80           orl      $0x80000000, %eax
0x000eea86:  ba f8 0c 00 00           movl     $0xcf8, %edx
0x000eea8b:  ef                       outl     %eax, %dx

----------------
IN: 
0x000eea8c:  ba fc 0c 00 00           movl     $0xcfc, %edx
0x000eea91:  ed                       inl      %dx, %eax

----------------
IN: 
0x000eea92:  66 3d 86 80              cmpw     $0x8086, %ax
0x000eea96:  75 32                    jne      0xeeaca

----------------
IN: 
0x000eea98:  c1 e8 10                 shrl     $0x10, %eax
0x000eea9b:  3d 37 12 00 00           cmpl     $0x1237, %eax
0x000eeaa0:  75 07                    jne      0xeeaa9

----------------
IN: 
0x000eeaa2:  ba 59 00 00 00           movl     $0x59, %edx
0x000eeaa7:  eb 0c                    jmp      0xeeab5

----------------
IN: 
0x000eeab5:  0f b7 c3                 movzwl   %bx, %eax
0x000eeab8:  e8 de db ff ff           calll    0xec69b

----------------
IN: 
0x000ec69b:  53                       pushl    %ebx
0x000ec69c:  89 d3                    movl     %edx, %ebx
0x000ec69e:  0f b7 c8                 movzwl   %ax, %ecx
0x000ec6a1:  89 c8                    movl     %ecx, %eax
0x000ec6a3:  c1 e0 08                 shll     $8, %eax
0x000ec6a6:  81 e2 fc 00 00 00        andl     $0xfc, %edx
0x000ec6ac:  09 d0                    orl      %edx, %eax
0x000ec6ae:  0d 00 00 00 80           orl      $0x80000000, %eax
0x000ec6b3:  ba f8 0c 00 00           movl     $0xcf8, %edx
0x000ec6b8:  ef                       outl     %eax, %dx

----------------
IN: 
0x000ec6b9:  89 da                    movl     %ebx, %edx
0x000ec6bb:  83 e2 03                 andl     $3, %edx
0x000ec6be:  66 81 c2 fc 0c           addw     $0xcfc, %dx
0x000ec6c3:  ec                       inb      %dx, %al

----------------
IN: 
0x000ec6c4:  89 da                    movl     %ebx, %edx
0x000ec6c6:  a8 10                    testb    $0x10, %al
0x000ec6c8:  89 c8                    movl     %ecx, %eax
0x000ec6ca:  75 08                    jne      0xec6d4

----------------
IN: 
0x000ec6cc:  b9 df c5 fe ff           movl     $0xfffec5df, %ecx
0x000ec6d1:  5b                       popl     %ebx
0x000ec6d2:  ff e1                    jmpl     *%ecx

----------------
IN: 
0xfffec5df:  55                       pushl    %ebp
0xfffec5e0:  57                       pushl    %edi
0xfffec5e1:  56                       pushl    %esi
0xfffec5e2:  53                       pushl    %ebx
0xfffec5e3:  83 ec 08                 subl     $8, %esp
0xfffec5e6:  89 d3                    movl     %edx, %ebx
0xfffec5e8:  0f b7 c8                 movzwl   %ax, %ecx
0xfffec5eb:  c1 e1 08                 shll     $8, %ecx
0xfffec5ee:  89 d6                    movl     %edx, %esi
0xfffec5f0:  81 e6 fc 00 00 00        andl     $0xfc, %esi
0xfffec5f6:  09 ce                    orl      %ecx, %esi
0xfffec5f8:  81 ce 00 00 00 80        orl      $0x80000000, %esi
0xfffec5fe:  bd f8 0c 00 00           movl     $0xcf8, %ebp
0xfffec603:  89 f0                    movl     %esi, %eax
0xfffec605:  89 ea                    movl     %ebp, %edx
0xfffec607:  ef                       outl     %eax, %dx

----------------
IN: 
0xfffec608:  ba fc 0c 00 00           movl     $0xcfc, %edx
0xfffec60d:  ed                       inl      %dx, %eax

----------------
IN: 
0xfffec60e:  89 04 24                 movl     %eax, (%esp)
0xfffec611:  89 d8                    movl     %ebx, %eax
0xfffec613:  83 e0 fc                 andl     $0xfffffffc, %eax
0xfffec616:  83 c0 04                 addl     $4, %eax
0xfffec619:  25 fc 00 00 00           andl     $0xfc, %eax
0xfffec61e:  09 c1                    orl      %eax, %ecx
0xfffec620:  81 c9 00 00 00 80        orl      $0x80000000, %ecx
0xfffec626:  89 c8                    movl     %ecx, %eax
0xfffec628:  89 ea                    movl     %ebp, %edx
0xfffec62a:  ef                       outl     %eax, %dx

----------------
IN: 
0xfffec62b:  ba fc 0c 00 00           movl     $0xcfc, %edx
0xfffec630:  ed                       inl      %dx, %eax

----------------
IN: 
0xfffec631:  89 44 24 04              movl     %eax, 4(%esp)
0xfffec635:  83 e3 03                 andl     $3, %ebx
0xfffec638:  8d 14 1c                 leal     (%esp, %ebx), %edx
0xfffec63b:  31 c0                    xorl     %eax, %eax
0xfffec63d:  c6 44 02 01 33           movb     $0x33, 1(%edx, %eax)
0xfffec642:  40                       incl     %eax
0xfffec643:  83 f8 06                 cmpl     $6, %eax
0xfffec646:  75 f5                    jne      0xfffec63d

----------------
IN: 
0xfffec63d:  c6 44 02 01 33           movb     $0x33, 1(%edx, %eax)
0xfffec642:  40                       incl     %eax
0xfffec643:  83 f8 06                 cmpl     $6, %eax
0xfffec646:  75 f5                    jne      0xfffec63d

----------------
IN: 
0xfffec648:  0f b6 3c 1c              movzbl   (%esp, %ebx), %edi
0xfffec64c:  83 e7 10                 andl     $0x10, %edi
0xfffec64f:  c6 04 1c 30              movb     $0x30, (%esp, %ebx)
0xfffec653:  89 f0                    movl     %esi, %eax
0xfffec655:  ba f8 0c 00 00           movl     $0xcf8, %edx
0xfffec65a:  ef                       outl     %eax, %dx

----------------
IN: 
0xfffec65b:  8b 04 24                 movl     (%esp), %eax
0xfffec65e:  ba fc 0c 00 00           movl     $0xcfc, %edx
0xfffec663:  ef                       outl     %eax, %dx

----------------
IN: 
0xfffec664:  89 c8                    movl     %ecx, %eax
0xfffec666:  ba f8 0c 00 00           movl     $0xcf8, %edx
0xfffec66b:  ef                       outl     %eax, %dx

----------------
IN: 
0xfffec66c:  8b 44 24 04              movl     4(%esp), %eax
0xfffec670:  ba fc 0c 00 00           movl     $0xcfc, %edx
0xfffec675:  ef                       outl     %eax, %dx

----------------
IN: 
0xfffec676:  89 f8                    movl     %edi, %eax
0xfffec678:  84 c0                    testb    %al, %al
0xfffec67a:  75 17                    jne      0xfffec693

----------------
IN: 
0xfffec67c:  b9 00 00 10 00           movl     $0x100000, %ecx
0xfffec681:  81 e9 00 42 0d 00        subl     $0xd4200, %ecx
0xfffec687:  be 00 42 fd ff           movl     $0xfffd4200, %esi
0xfffec68c:  bf 00 42 0d 00           movl     $0xd4200, %edi
0xfffec691:  f3 a4                    rep movsb (%esi), %es:(%edi)

----------------
IN: 
0xfffec691:  f3 a4                    rep movsb (%esi), %es:(%edi)

----------------
IN: 
0xfffec693:  83 c4 08                 addl     $8, %esp
0xfffec696:  5b                       popl     %ebx
0xfffec697:  5e                       popl     %esi
0xfffec698:  5f                       popl     %edi
0xfffec699:  5d                       popl     %ebp
0xfffec69a:  c3                       retl     

----------------
IN: 
0x000eeabd:  e8 95 c9 ff ff           calll    0xeb457

----------------
IN: 
0x000eb457:  83 3d 68 62 0f 00 00     cmpl     $0, 0xf6268
0x000eb45e:  75 12                    jne      0xeb472

----------------
IN: 
0x000eb460:  b0 8f                    movb     $0x8f, %al
0x000eb462:  e6 70                    outb     %al, $0x70

----------------
IN: 
0x000eb464:  31 c0                    xorl     %eax, %eax
0x000eb466:  e6 71                    outb     %al, $0x71

----------------
IN: 
0x000eb468:  c7 05 68 62 0f 00 01 00  movl     $1, 0xf6268
0x000eb470:  00 00
0x000eb472:  c3                       retl     

----------------
IN: 
0x000eeac2:  89 1d 38 4a 0f 00        movl     %ebx, 0xf4a38
0x000eeac8:  eb 0f                    jmp      0xeead9

----------------
IN: 
0x000eead9:  5b                       popl     %ebx
0x000eeada:  c3                       retl     

----------------
IN: 
0x000f07ec:  e8 bf 81 ff ff           calll    0xe89b0

----------------
IN: 
0x000e89b0:  55                       pushl    %ebp
0x000e89b1:  57                       pushl    %edi
0x000e89b2:  56                       pushl    %esi
0x000e89b3:  53                       pushl    %ebx
0x000e89b4:  83 ec 70                 subl     $0x70, %esp
0x000e89b7:  e8 9b 2a 00 00           calll    0xeb457

----------------
IN: 
0x000eb472:  c3                       retl     

----------------
IN: 
0x000e89bc:  e8 99 18 00 00           calll    0xea25a

----------------
IN: 
0x000ea25a:  a0 20 56 0f 00           movb     0xf5620, %al
0x000ea25f:  d0 e8                    shrb     $1, %al
0x000ea261:  83 e0 01                 andl     $1, %eax
0x000ea264:  c3                       retl     

----------------
IN: 
0x000e89c1:  85 c0                    testl    %eax, %eax
0x000e89c3:  75 15                    jne      0xe89da

----------------
IN: 
0x000e89c5:  66 8b 15 d4 60 0f 00     movw     0xf60d4, %dx
0x000e89cc:  ec                       inb      %dx, %al

----------------
IN: 
0x000e89cd:  3c e9                    cmpb     $0xe9, %al
0x000e89cf:  74 09                    je       0xe89da

----------------
IN: 
0x000e89d1:  66 c7 05 d4 60 0f 00 00  movw     $0, 0xf60d4
0x000e89d9:  00
0x000e89da:  31 d2                    xorl     %edx, %edx
0x000e89dc:  31 c0                    xorl     %eax, %eax
0x000e89de:  e8 60 1b 00 00           calll    0xea543

----------------
IN: 
0x000ea543:  89 d1                    movl     %edx, %ecx
0x000ea545:  8b 15 f8 4d 0f 00        movl     0xf4df8, %edx
0x000ea54b:  0f b7 c0                 movzwl   %ax, %eax
0x000ea54e:  85 d2                    testl    %edx, %edx
0x000ea550:  74 0b                    je       0xea55d

----------------
IN: 
0x000ea55d:  c1 e0 08                 shll     $8, %eax
0x000ea560:  89 ca                    movl     %ecx, %edx
0x000ea562:  81 e2 fc 00 00 00        andl     $0xfc, %edx
0x000ea568:  09 d0                    orl      %edx, %eax
0x000ea56a:  0d 00 00 00 80           orl      $0x80000000, %eax
0x000ea56f:  ba f8 0c 00 00           movl     $0xcf8, %edx
0x000ea574:  ef                       outl     %eax, %dx

----------------
IN: 
0x000ea575:  83 e1 02                 andl     $2, %ecx
0x000ea578:  8d 91 fc 0c 00 00        leal     0xcfc(%ecx), %edx
0x000ea57e:  66 ed                    inw      %dx, %ax

----------------
IN: 
0x000ea580:  c3                       retl     

----------------
IN: 
0x000e89e3:  0f b7 f0                 movzwl   %ax, %esi
0x000e89e6:  8d 46 ff                 leal     -1(%esi), %eax
0x000e89e9:  66 83 f8 fd              cmpw     $-3, %ax
0x000e89ed:  0f 87 0f 02 00 00        ja       0xe8c02

----------------
IN: 
0x000e89f3:  ba 02 00 00 00           movl     $2, %edx
0x000e89f8:  31 c0                    xorl     %eax, %eax
0x000e89fa:  e8 44 1b 00 00           calll    0xea543

----------------
IN: 
0x000e89ff:  0f b7 d8                 movzwl   %ax, %ebx
0x000e8a02:  ba 2c 00 00 00           movl     $0x2c, %edx
0x000e8a07:  31 c0                    xorl     %eax, %eax
0x000e8a09:  e8 35 1b 00 00           calll    0xea543

----------------
IN: 
0x000e8a0e:  89 c7                    movl     %eax, %edi
0x000e8a10:  ba 2e 00 00 00           movl     $0x2e, %edx
0x000e8a15:  31 c0                    xorl     %eax, %eax
0x000e8a17:  e8 27 1b 00 00           calll    0xea543

----------------
IN: 
0x000e8a1c:  66 81 ff f4 1a           cmpw     $0x1af4, %di
0x000e8a21:  0f 85 db 01 00 00        jne      0xe8c02

----------------
IN: 
0x000e8a27:  66 3d 00 11              cmpw     $0x1100, %ax
0x000e8a2b:  0f 85 d1 01 00 00        jne      0xe8c02

----------------
IN: 
0x000e8a31:  83 0d 20 56 0f 00 01     orl      $1, 0xf5620
0x000e8a38:  66 81 fb 37 12           cmpw     $0x1237, %bx
0x000e8a3d:  74 0e                    je       0xe8a4d

----------------
IN: 
0x000e8a4d:  68 d8 3f 0f 00           pushl    $0xf3fd8
0x000e8a52:  e8 cb 44 00 00           calll    0xecf22

----------------
IN: 
0x000ecf22:  8d 4c 24 08              leal     8(%esp), %ecx
0x000ecf26:  8b 54 24 04              movl     4(%esp), %edx
0x000ecf2a:  b8 48 4a 0f 00           movl     $0xf4a48, %eax
0x000ecf2f:  e8 a6 f7 ff ff           calll    0xec6da

----------------
IN: 
0x000ec6da:  55                       pushl    %ebp
0x000ec6db:  57                       pushl    %edi
0x000ec6dc:  56                       pushl    %esi
0x000ec6dd:  53                       pushl    %ebx
0x000ec6de:  83 ec 08                 subl     $8, %esp
0x000ec6e1:  89 c5                    movl     %eax, %ebp
0x000ec6e3:  89 d7                    movl     %edx, %edi
0x000ec6e5:  89 cb                    movl     %ecx, %ebx
0x000ec6e7:  0f be 17                 movsbl   (%edi), %edx
0x000ec6ea:  84 d2                    testb    %dl, %dl
0x000ec6ec:  0f 84 41 02 00 00        je       0xec933

----------------
IN: 
0x000ec6f2:  80 fa 25                 cmpb     $0x25, %dl
0x000ec6f5:  0f 85 23 02 00 00        jne      0xec91e

----------------
IN: 
0x000ec91e:  89 e8                    movl     %ebp, %eax
0x000ec920:  e8 76 d9 ff ff           calll    0xea29b

----------------
IN: 
0x000ea29b:  0f be d2                 movsbl   %dl, %edx
0x000ea29e:  ff 20                    jmpl     *(%eax)

----------------
IN: 
0x000ebd7c:  88 d0                    movb     %dl, %al
0x000ebd7e:  66 8b 15 d4 60 0f 00     movw     0xf60d4, %dx
0x000ebd85:  66 85 d2                 testw    %dx, %dx
0x000ebd88:  74 01                    je       0xebd8b

----------------
IN: 
0x000ebd8b:  c3                       retl     

----------------
IN: 
0x000ec925:  89 fe                    movl     %edi, %esi
0x000ec927:  eb 02                    jmp      0xec92b

----------------
IN: 
0x000ec92b:  8d 7e 01                 leal     1(%esi), %edi
0x000ec92e:  e9 b4 fd ff ff           jmp      0xec6e7

----------------
IN: 
0x000ec6e7:  0f be 17                 movsbl   (%edi), %edx
0x000ec6ea:  84 d2                    testb    %dl, %dl
0x000ec6ec:  0f 84 41 02 00 00        je       0xec933

----------------
IN: 
0x000ec933:  83 c4 08                 addl     $8, %esp
0x000ec936:  5b                       popl     %ebx
0x000ec937:  5e                       popl     %esi
0x000ec938:  5f                       popl     %edi
0x000ec939:  5d                       popl     %ebp
0x000ec93a:  c3                       retl     

----------------
IN: 
0x000ecf34:  c3                       retl     

----------------
IN: 
0x000e8a57:  5f                       popl     %edi
0x000e8a58:  eb 0f                    jmp      0xe8a69

----------------
IN: 
0x000e8a69:  8d 5c 24 1c              leal     0x1c(%esp), %ebx
0x000e8a6d:  53                       pushl    %ebx
0x000e8a6e:  8d 7c 24 1c              leal     0x1c(%esp), %edi
0x000e8a72:  57                       pushl    %edi
0x000e8a73:  8d 4c 24 1c              leal     0x1c(%esp), %ecx
0x000e8a77:  8d 54 24 18              leal     0x18(%esp), %edx
0x000e8a7b:  31 c0                    xorl     %eax, %eax
0x000e8a7d:  e8 6e 1b 00 00           calll    0xea5f0

----------------
IN: 
0x000ea5f0:  55                       pushl    %ebp
0x000ea5f1:  57                       pushl    %edi
0x000ea5f2:  56                       pushl    %esi
0x000ea5f3:  53                       pushl    %ebx
0x000ea5f4:  89 d6                    movl     %edx, %esi
0x000ea5f6:  89 cf                    movl     %ecx, %edi
0x000ea5f8:  8b 6c 24 14              movl     0x14(%esp), %ebp
0x000ea5fc:  9c                       pushfl   
0x000ea5fd:  59                       popl     %ecx
0x000ea5fe:  89 ca                    movl     %ecx, %edx
0x000ea600:  81 f2 00 00 20 00        xorl     $0x200000, %edx
0x000ea606:  52                       pushl    %edx
0x000ea607:  9d                       popfl    

----------------
IN: 
0x000ea608:  9c                       pushfl   
0x000ea609:  5a                       popl     %edx
0x000ea60a:  51                       pushl    %ecx
0x000ea60b:  9d                       popfl    

----------------
IN: 
0x000ea60c:  31 ca                    xorl     %ecx, %edx
0x000ea60e:  0f ba e2 15              btl      $0x15, %edx
0x000ea612:  72 11                    jb       0xea625

----------------
IN: 
0x000ea625:  0f a2                    cpuid    
0x000ea627:  89 06                    movl     %eax, (%esi)
0x000ea629:  89 1f                    movl     %ebx, (%edi)
0x000ea62b:  89 4d 00                 movl     %ecx, (%ebp)
0x000ea62e:  8b 44 24 18              movl     0x18(%esp), %eax
0x000ea632:  89 10                    movl     %edx, (%eax)
0x000ea634:  5b                       popl     %ebx
0x000ea635:  5e                       popl     %esi
0x000ea636:  5f                       popl     %edi
0x000ea637:  5d                       popl     %ebp
0x000ea638:  c3                       retl     

----------------
IN: 
0x000e8a82:  8b 44 24 1c              movl     0x1c(%esp), %eax
0x000e8a86:  89 44 24 38              movl     %eax, 0x38(%esp)
0x000e8a8a:  8b 44 24 24              movl     0x24(%esp), %eax
0x000e8a8e:  89 44 24 3c              movl     %eax, 0x3c(%esp)
0x000e8a92:  8b 44 24 20              movl     0x20(%esp), %eax
0x000e8a96:  89 44 24 40              movl     %eax, 0x40(%esp)
0x000e8a9a:  c6 44 24 44 00           movb     $0, 0x44(%esp)
0x000e8a9f:  59                       popl     %ecx
0x000e8aa0:  5e                       popl     %esi
0x000e8aa1:  31 f6                    xorl     %esi, %esi
0x000e8aa3:  83 7c 24 10 00           cmpl     $0, 0x10(%esp)
0x000e8aa8:  74 1d                    je       0xe8ac7

----------------
IN: 
0x000e8aaa:  53                       pushl    %ebx
0x000e8aab:  57                       pushl    %edi
0x000e8aac:  8d 4c 24 1c              leal     0x1c(%esp), %ecx
0x000e8ab0:  8d 54 24 18              leal     0x18(%esp), %edx
0x000e8ab4:  b8 01 00 00 00           movl     $1, %eax
0x000e8ab9:  e8 32 1b 00 00           calll    0xea5f0

----------------
IN: 
0x000e8abe:  8b 74 24 24              movl     0x24(%esp), %esi
0x000e8ac2:  83 e6 40                 andl     $0x40, %esi
0x000e8ac5:  58                       popl     %eax
0x000e8ac6:  5a                       popl     %edx
0x000e8ac7:  53                       pushl    %ebx
0x000e8ac8:  8d 7c 24 1c              leal     0x1c(%esp), %edi
0x000e8acc:  57                       pushl    %edi
0x000e8acd:  8d 4c 24 1c              leal     0x1c(%esp), %ecx
0x000e8ad1:  8d 54 24 18              leal     0x18(%esp), %edx
0x000e8ad5:  b8 00 00 00 80           movl     $0x80000000, %eax
0x000e8ada:  e8 11 1b 00 00           calll    0xea5f0

----------------
IN: 
0x000e8adf:  8b 6c 24 18              movl     0x18(%esp), %ebp
0x000e8ae3:  59                       popl     %ecx
0x000e8ae4:  58                       popl     %eax
0x000e8ae5:  81 fd 00 00 00 80        cmpl     $0x80000000, %ebp
0x000e8aeb:  76 25                    jbe      0xe8b12

----------------
IN: 
0x000e8aed:  53                       pushl    %ebx
0x000e8aee:  57                       pushl    %edi
0x000e8aef:  8d 4c 24 1c              leal     0x1c(%esp), %ecx
0x000e8af3:  8d 54 24 18              leal     0x18(%esp), %edx
0x000e8af7:  b8 01 00 00 80           movl     $0x80000001, %eax
0x000e8afc:  e8 ef 1a 00 00           calll    0xea5f0

----------------
IN: 
0x000e8b01:  8a 44 24 27              movb     0x27(%esp), %al
0x000e8b05:  c0 e8 05                 shrb     $5, %al
0x000e8b08:  83 e0 01                 andl     $1, %eax
0x000e8b0b:  a2 f8 a1 0e 00           movb     %al, 0xea1f8
0x000e8b10:  58                       popl     %eax
0x000e8b11:  5a                       popl     %edx
0x000e8b12:  a0 f8 a1 0e 00           movb     0xea1f8, %al
0x000e8b17:  85 f6                    testl    %esi, %esi
0x000e8b19:  0f 84 a0 00 00 00        je       0xe8bbf

----------------
IN: 
0x000e8b1f:  84 c0                    testb    %al, %al
0x000e8b21:  74 10                    je       0xe8b33

----------------
IN: 
0x000e8b23:  81 fd 07 00 00 80        cmpl     $0x80000007, %ebp
0x000e8b29:  77 1e                    ja       0xe8b49

----------------
IN: 
0x000e8b49:  53                       pushl    %ebx
0x000e8b4a:  57                       pushl    %edi
0x000e8b4b:  8d 4c 24 1c              leal     0x1c(%esp), %ecx
0x000e8b4f:  8d 54 24 18              leal     0x18(%esp), %edx
0x000e8b53:  b8 08 00 00 80           movl     $0x80000008, %eax
0x000e8b58:  e8 93 1a 00 00           calll    0xea5f0

----------------
IN: 
0x000e8b5d:  0f b6 5c 24 18           movzbl   0x18(%esp), %ebx
0x000e8b62:  5e                       popl     %esi
0x000e8b63:  5f                       popl     %edi
0x000e8b64:  83 fb 28                 cmpl     $0x28, %ebx
0x000e8b67:  77 40                    ja       0xe8ba9

----------------
IN: 
0x000e8b69:  ba 32 40 0f 00           movl     $0xf4032, %edx
0x000e8b6e:  8d 44 24 30              leal     0x30(%esp), %eax
0x000e8b72:  e8 b7 18 00 00           calll    0xea42e

----------------
IN: 
0x000ea42e:  53                       pushl    %ebx
0x000ea42f:  89 c1                    movl     %eax, %ecx
0x000ea431:  89 d3                    movl     %edx, %ebx
0x000ea433:  31 c0                    xorl     %eax, %eax
0x000ea435:  8a 14 01                 movb     (%ecx, %eax), %dl
0x000ea438:  3a 14 03                 cmpb     (%ebx, %eax), %dl
0x000ea43b:  74 0c                    je       0xea449

----------------
IN: 
0x000ea43d:  b8 01 00 00 00           movl     $1, %eax
0x000ea442:  7d 0c                    jge      0xea450

----------------
IN: 
0x000ea444:  83 c8 ff                 orl      $0xffffffff, %eax
0x000ea447:  eb 07                    jmp      0xea450

----------------
IN: 
0x000ea450:  5b                       popl     %ebx
0x000ea451:  c3                       retl     

----------------
IN: 
0x000e8b77:  85 c0                    testl    %eax, %eax
0x000e8b79:  75 0e                    jne      0xe8b89

----------------
IN: 
0x000e8b89:  ba 3f 40 0f 00           movl     $0xf403f, %edx
0x000e8b8e:  8d 44 24 30              leal     0x30(%esp), %eax
0x000e8b92:  e8 97 18 00 00           calll    0xea42e

----------------
IN: 
0x000ea449:  40                       incl     %eax
0x000ea44a:  84 d2                    testb    %dl, %dl
0x000ea44c:  75 e7                    jne      0xea435

----------------
IN: 
0x000ea435:  8a 14 01                 movb     (%ecx, %eax), %dl
0x000ea438:  3a 14 03                 cmpb     (%ebx, %eax), %dl
0x000ea43b:  74 0c                    je       0xea449

----------------
IN: 
0x000ea44e:  31 c0                    xorl     %eax, %eax
0x000ea450:  5b                       popl     %ebx
0x000ea451:  c3                       retl     

----------------
IN: 
0x000e8b97:  83 fb 28                 cmpl     $0x28, %ebx
0x000e8b9a:  75 04                    jne      0xe8ba0

----------------
IN: 
0x000e8b9c:  85 c0                    testl    %eax, %eax
0x000e8b9e:  74 09                    je       0xe8ba9

----------------
IN: 
0x000e8ba9:  be 01 00 00 00           movl     $1, %esi
0x000e8bae:  b8 d1 3f 0f 00           movl     $0xf3fd1, %eax
0x000e8bb3:  ba d1 3f 0f 00           movl     $0xf3fd1, %edx
0x000e8bb8:  b9 d1 3f 0f 00           movl     $0xf3fd1, %ecx
0x000e8bbd:  eb 1e                    jmp      0xe8bdd

----------------
IN: 
0x000e8bdd:  50                       pushl    %eax
0x000e8bde:  53                       pushl    %ebx
0x000e8bdf:  52                       pushl    %edx
0x000e8be0:  51                       pushl    %ecx
0x000e8be1:  8d 44 24 40              leal     0x40(%esp), %eax
0x000e8be5:  50                       pushl    %eax
0x000e8be6:  68 50 97 0e 00           pushl    $0xe9750
0x000e8beb:  68 4c 40 0f 00           pushl    $0xf404c
0x000e8bf0:  e8 2d 43 00 00           calll    0xecf22

----------------
IN: 
0x000ec6fb:  8d 77 01                 leal     1(%edi), %esi
0x000ec6fe:  c6 04 24 20              movb     $0x20, (%esp)
0x000ec702:  31 c9                    xorl     %ecx, %ecx
0x000ec704:  0f b6 06                 movzbl   (%esi), %eax
0x000ec707:  8d 50 d0                 leal     -0x30(%eax), %edx
0x000ec70a:  80 fa 09                 cmpb     $9, %dl
0x000ec70d:  77 1a                    ja       0xec729

----------------
IN: 
0x000ec729:  31 d2                    xorl     %edx, %edx
0x000ec72b:  3c 6c                    cmpb     $0x6c, %al
0x000ec72d:  75 12                    jne      0xec741

----------------
IN: 
0x000ec741:  3c 64                    cmpb     $0x64, %al
0x000ec743:  74 68                    je       0xec7ad

----------------
IN: 
0x000ec745:  7f 42                    jg       0xec789

----------------
IN: 
0x000ec789:  3c 73                    cmpb     $0x73, %al
0x000ec78b:  0f 84 72 01 00 00        je       0xec903

----------------
IN: 
0x000ec903:  8d 7b 04                 leal     4(%ebx), %edi
0x000ec906:  8b 1b                    movl     (%ebx), %ebx
0x000ec908:  0f be 13                 movsbl   (%ebx), %edx
0x000ec90b:  84 d2                    testb    %dl, %dl
0x000ec90d:  74 1a                    je       0xec929

----------------
IN: 
0x000ec90f:  89 e8                    movl     %ebp, %eax
0x000ec911:  e8 85 d9 ff ff           calll    0xea29b

----------------
IN: 
0x000ec916:  43                       incl     %ebx
0x000ec917:  eb ef                    jmp      0xec908

----------------
IN: 
0x000ec908:  0f be 13                 movsbl   (%ebx), %edx
0x000ec90b:  84 d2                    testb    %dl, %dl
0x000ec90d:  74 1a                    je       0xec929

----------------
IN: 
0x000ec929:  89 fb                    movl     %edi, %ebx
0x000ec92b:  8d 7e 01                 leal     1(%esi), %edi
0x000ec92e:  e9 b4 fd ff ff           jmp      0xec6e7

----------------
IN: 
0x000ec7ad:  8b 3b                    movl     (%ebx), %edi
0x000ec7af:  84 d2                    testb    %dl, %dl
0x000ec7b1:  75 05                    jne      0xec7b8

----------------
IN: 
0x000ec7b3:  83 c3 04                 addl     $4, %ebx
0x000ec7b6:  eb 03                    jmp      0xec7bb

----------------
IN: 
0x000ec7bb:  85 ff                    testl    %edi, %edi
0x000ec7bd:  79 0e                    jns      0xec7cd

----------------
IN: 
0x000ec7cd:  89 fa                    movl     %edi, %edx
0x000ec7cf:  eb 10                    jmp      0xec7e1

----------------
IN: 
0x000ec7e1:  89 e8                    movl     %ebp, %eax
0x000ec7e3:  e8 b8 da ff ff           calll    0xea2a0

----------------
IN: 
0x000ea2a0:  57                       pushl    %edi
0x000ea2a1:  56                       pushl    %esi
0x000ea2a2:  53                       pushl    %ebx
0x000ea2a3:  83 ec 0c                 subl     $0xc, %esp
0x000ea2a6:  89 c6                    movl     %eax, %esi
0x000ea2a8:  89 d1                    movl     %edx, %ecx
0x000ea2aa:  c6 44 24 0b 00           movb     $0, 0xb(%esp)
0x000ea2af:  8d 5c 24 0a              leal     0xa(%esp), %ebx
0x000ea2b3:  bf 0a 00 00 00           movl     $0xa, %edi
0x000ea2b8:  89 c8                    movl     %ecx, %eax
0x000ea2ba:  31 d2                    xorl     %edx, %edx
0x000ea2bc:  f7 f7                    divl     %edi
0x000ea2be:  83 c2 30                 addl     $0x30, %edx
0x000ea2c1:  88 13                    movb     %dl, (%ebx)
0x000ea2c3:  83 f9 09                 cmpl     $9, %ecx
0x000ea2c6:  76 05                    jbe      0xea2cd

----------------
IN: 
0x000ea2c8:  89 c1                    movl     %eax, %ecx
0x000ea2ca:  4b                       decl     %ebx
0x000ea2cb:  eb eb                    jmp      0xea2b8

----------------
IN: 
0x000ea2b8:  89 c8                    movl     %ecx, %eax
0x000ea2ba:  31 d2                    xorl     %edx, %edx
0x000ea2bc:  f7 f7                    divl     %edi
0x000ea2be:  83 c2 30                 addl     $0x30, %edx
0x000ea2c1:  88 13                    movb     %dl, (%ebx)
0x000ea2c3:  83 f9 09                 cmpl     $9, %ecx
0x000ea2c6:  76 05                    jbe      0xea2cd

----------------
IN: 
0x000ea2cd:  85 db                    testl    %ebx, %ebx
0x000ea2cf:  75 05                    jne      0xea2d6

----------------
IN: 
0x000ea2d6:  0f be 13                 movsbl   (%ebx), %edx
0x000ea2d9:  84 d2                    testb    %dl, %dl
0x000ea2db:  74 0a                    je       0xea2e7

----------------
IN: 
0x000ea2dd:  89 f0                    movl     %esi, %eax
0x000ea2df:  e8 b7 ff ff ff           calll    0xea29b

----------------
IN: 
0x000ea2e4:  43                       incl     %ebx
0x000ea2e5:  eb ef                    jmp      0xea2d6

----------------
IN: 
0x000ea2e7:  83 c4 0c                 addl     $0xc, %esp
0x000ea2ea:  5b                       popl     %ebx
0x000ea2eb:  5e                       popl     %esi
0x000ea2ec:  5f                       popl     %edi
0x000ea2ed:  c3                       retl     

----------------
IN: 
0x000ec7e8:  e9 3e 01 00 00           jmp      0xec92b

----------------
IN: 
0x000e8bf5:  83 c4 1c                 addl     $0x1c, %esp
0x000e8bf8:  85 f6                    testl    %esi, %esi
0x000e8bfa:  74 06                    je       0xe8c02

----------------
IN: 
0x000e8bfc:  88 1d f9 a1 0e 00        movb     %bl, 0xea1f9
0x000e8c02:  31 ed                    xorl     %ebp, %ebp
0x000e8c04:  bb 00 00 00 40           movl     $0x40000000, %ebx
0x000e8c09:  31 f6                    xorl     %esi, %esi
0x000e8c0b:  89 74 24 10              movl     %esi, 0x10(%esp)
0x000e8c0f:  8d 7c 24 1c              leal     0x1c(%esp), %edi
0x000e8c13:  57                       pushl    %edi
0x000e8c14:  8d 74 24 1c              leal     0x1c(%esp), %esi
0x000e8c18:  56                       pushl    %esi
0x000e8c19:  8d 4c 24 1c              leal     0x1c(%esp), %ecx
0x000e8c1d:  8d 54 24 18              leal     0x18(%esp), %edx
0x000e8c21:  89 d8                    movl     %ebx, %eax
0x000e8c23:  e8 c8 19 00 00           calll    0xea5f0

----------------
IN: 
0x000e8c28:  8b 44 24 18              movl     0x18(%esp), %eax
0x000e8c2c:  5a                       popl     %edx
0x000e8c2d:  59                       popl     %ecx
0x000e8c2e:  39 d8                    cmpl     %ebx, %eax
0x000e8c30:  72 53                    jb       0xe8c85

----------------
IN: 
0x000e8c32:  8b 54 24 14              movl     0x14(%esp), %edx
0x000e8c36:  89 54 24 30              movl     %edx, 0x30(%esp)
0x000e8c3a:  8b 54 24 18              movl     0x18(%esp), %edx
0x000e8c3e:  89 54 24 34              movl     %edx, 0x34(%esp)
0x000e8c42:  8b 54 24 1c              movl     0x1c(%esp), %edx
0x000e8c46:  89 54 24 38              movl     %edx, 0x38(%esp)
0x000e8c4a:  c6 44 24 3c 00           movb     $0, 0x3c(%esp)
0x000e8c4f:  8d 74 24 30              leal     0x30(%esp), %esi
0x000e8c53:  56                       pushl    %esi
0x000e8c54:  50                       pushl    %eax
0x000e8c55:  53                       pushl    %ebx
0x000e8c56:  68 87 40 0f 00           pushl    $0xf4087
0x000e8c5b:  e8 c2 42 00 00           calll    0xecf22

----------------
IN: 
0x000ec791:  7f 09                    jg       0xec79c

----------------
IN: 
0x000ec79c:  3c 75                    cmpb     $0x75, %al
0x000ec79e:  74 31                    je       0xec7d1

----------------
IN: 
0x000ec7a0:  3c 78                    cmpb     $0x78, %al
0x000ec7a2:  0f 84 cf 00 00 00        je       0xec877

----------------
IN: 
0x000ec877:  3c 58                    cmpb     $0x58, %al
0x000ec879:  0f 94 c0                 sete     %al
0x000ec87c:  0f b6 c0                 movzbl   %al, %eax
0x000ec87f:  89 c7                    movl     %eax, %edi
0x000ec881:  8b 03                    movl     (%ebx), %eax
0x000ec883:  89 44 24 04              movl     %eax, 4(%esp)
0x000ec887:  0f be 04 24              movsbl   (%esp), %eax
0x000ec88b:  84 d2                    testb    %dl, %dl
0x000ec88d:  74 2f                    je       0xec8be

----------------
IN: 
0x000ec8be:  83 c3 04                 addl     $4, %ebx
0x000ec8c1:  89 1c 24                 movl     %ebx, (%esp)
0x000ec8c4:  57                       pushl    %edi
0x000ec8c5:  50                       pushl    %eax
0x000ec8c6:  8b 54 24 0c              movl     0xc(%esp), %edx
0x000ec8ca:  89 e8                    movl     %ebp, %eax
0x000ec8cc:  e8 da da ff ff           calll    0xea3ab

----------------
IN: 
0x000ea3ab:  55                       pushl    %ebp
0x000ea3ac:  57                       pushl    %edi
0x000ea3ad:  56                       pushl    %esi
0x000ea3ae:  53                       pushl    %ebx
0x000ea3af:  83 ec 08                 subl     $8, %esp
0x000ea3b2:  89 d5                    movl     %edx, %ebp
0x000ea3b4:  89 cb                    movl     %ecx, %ebx
0x000ea3b6:  8b 7c 24 20              movl     0x20(%esp), %edi
0x000ea3ba:  89 3c 24                 movl     %edi, (%esp)
0x000ea3bd:  8a 4c 24 1c              movb     0x1c(%esp), %cl
0x000ea3c1:  be 01 00 00 00           movl     $1, %esi
0x000ea3c6:  c1 ea 04                 shrl     $4, %edx
0x000ea3c9:  74 03                    je       0xea3ce

----------------
IN: 
0x000ea3cb:  46                       incl     %esi
0x000ea3cc:  eb f8                    jmp      0xea3c6

----------------
IN: 
0x000ea3c6:  c1 ea 04                 shrl     $4, %edx
0x000ea3c9:  74 03                    je       0xea3ce

----------------
IN: 
0x000ea3ce:  29 f3                    subl     %esi, %ebx
0x000ea3d0:  0f be f9                 movsbl   %cl, %edi
0x000ea3d3:  85 db                    testl    %ebx, %ebx
0x000ea3d5:  7e 12                    jle      0xea3e9

----------------
IN: 
0x000ea3e9:  8b 0c 24                 movl     (%esp), %ecx
0x000ea3ec:  89 4c 24 1c              movl     %ecx, 0x1c(%esp)
0x000ea3f0:  89 f1                    movl     %esi, %ecx
0x000ea3f2:  89 ea                    movl     %ebp, %edx
0x000ea3f4:  83 c4 08                 addl     $8, %esp
0x000ea3f7:  5b                       popl     %ebx
0x000ea3f8:  5e                       popl     %esi
0x000ea3f9:  5f                       popl     %edi
0x000ea3fa:  5d                       popl     %ebp
0x000ea3fb:  e9 12 ff ff ff           jmp      0xea312

----------------
IN: 
0x000ea312:  57                       pushl    %edi
0x000ea313:  56                       pushl    %esi
0x000ea314:  53                       pushl    %ebx
0x000ea315:  89 c6                    movl     %eax, %esi
0x000ea317:  89 d3                    movl     %edx, %ebx
0x000ea319:  8b 7c 24 10              movl     0x10(%esp), %edi
0x000ea31d:  49                       decl     %ecx
0x000ea31e:  83 f9 06                 cmpl     $6, %ecx
0x000ea321:  77 07                    ja       0xea32a

----------------
IN: 
0x000ea32a:  c1 ea 1c                 shrl     $0x1c, %edx
0x000ea32d:  89 f9                    movl     %edi, %ecx
0x000ea32f:  e8 ba ff ff ff           calll    0xea2ee

----------------
IN: 
0x000ea2ee:  53                       pushl    %ebx
0x000ea2ef:  89 c3                    movl     %eax, %ebx
0x000ea2f1:  89 d0                    movl     %edx, %eax
0x000ea2f3:  83 fa 09                 cmpl     $9, %edx
0x000ea2f6:  77 05                    ja       0xea2fd

----------------
IN: 
0x000ea2f8:  8d 52 30                 leal     0x30(%edx), %edx
0x000ea2fb:  eb 0a                    jmp      0xea307

----------------
IN: 
0x000ea307:  0f be d2                 movsbl   %dl, %edx
0x000ea30a:  89 d8                    movl     %ebx, %eax
0x000ea30c:  5b                       popl     %ebx
0x000ea30d:  e9 89 ff ff ff           jmp      0xea29b

----------------
IN: 
0x000ea334:  89 da                    movl     %ebx, %edx
0x000ea336:  c1 ea 18                 shrl     $0x18, %edx
0x000ea339:  83 e2 0f                 andl     $0xf, %edx
0x000ea33c:  89 f9                    movl     %edi, %ecx
0x000ea33e:  89 f0                    movl     %esi, %eax
0x000ea340:  e8 a9 ff ff ff           calll    0xea2ee

----------------
IN: 
0x000ea345:  89 da                    movl     %ebx, %edx
0x000ea347:  c1 ea 14                 shrl     $0x14, %edx
0x000ea34a:  83 e2 0f                 andl     $0xf, %edx
0x000ea34d:  89 f9                    movl     %edi, %ecx
0x000ea34f:  89 f0                    movl     %esi, %eax
0x000ea351:  e8 98 ff ff ff           calll    0xea2ee

----------------
IN: 
0x000ea356:  89 da                    movl     %ebx, %edx
0x000ea358:  c1 ea 10                 shrl     $0x10, %edx
0x000ea35b:  83 e2 0f                 andl     $0xf, %edx
0x000ea35e:  89 f9                    movl     %edi, %ecx
0x000ea360:  89 f0                    movl     %esi, %eax
0x000ea362:  e8 87 ff ff ff           calll    0xea2ee

----------------
IN: 
0x000ea367:  89 da                    movl     %ebx, %edx
0x000ea369:  c1 ea 0c                 shrl     $0xc, %edx
0x000ea36c:  83 e2 0f                 andl     $0xf, %edx
0x000ea36f:  89 f9                    movl     %edi, %ecx
0x000ea371:  89 f0                    movl     %esi, %eax
0x000ea373:  e8 76 ff ff ff           calll    0xea2ee

----------------
IN: 
0x000ea378:  89 da                    movl     %ebx, %edx
0x000ea37a:  c1 ea 08                 shrl     $8, %edx
0x000ea37d:  83 e2 0f                 andl     $0xf, %edx
0x000ea380:  89 f9                    movl     %edi, %ecx
0x000ea382:  89 f0                    movl     %esi, %eax
0x000ea384:  e8 65 ff ff ff           calll    0xea2ee

----------------
IN: 
0x000ea389:  89 da                    movl     %ebx, %edx
0x000ea38b:  c1 ea 04                 shrl     $4, %edx
0x000ea38e:  83 e2 0f                 andl     $0xf, %edx
0x000ea391:  89 f9                    movl     %edi, %ecx
0x000ea393:  89 f0                    movl     %esi, %eax
0x000ea395:  e8 54 ff ff ff           calll    0xea2ee

----------------
IN: 
0x000ea39a:  83 e3 0f                 andl     $0xf, %ebx
0x000ea39d:  89 da                    movl     %ebx, %edx
0x000ea39f:  89 f9                    movl     %edi, %ecx
0x000ea3a1:  89 f0                    movl     %esi, %eax
0x000ea3a3:  5b                       popl     %ebx
0x000ea3a4:  5e                       popl     %esi
0x000ea3a5:  5f                       popl     %edi
0x000ea3a6:  e9 43 ff ff ff           jmp      0xea2ee

----------------
IN: 
0x000ec8d1:  59                       popl     %ecx
0x000ec8d2:  5b                       popl     %ebx
0x000ec8d3:  8b 1c 24                 movl     (%esp), %ebx
0x000ec8d6:  eb 53                    jmp      0xec92b

----------------
IN: 
0x000e8c60:  ba ab 40 0f 00           movl     $0xf40ab, %edx
0x000e8c65:  89 f0                    movl     %esi, %eax
0x000e8c67:  e8 c2 17 00 00           calll    0xea42e

----------------
IN: 
0x000e8c6c:  83 c4 10                 addl     $0x10, %esp
0x000e8c6f:  85 c0                    testl    %eax, %eax
0x000e8c71:  75 0a                    jne      0xe8c7d

----------------
IN: 
0x000e8c7d:  81 c3 00 01 00 00        addl     $0x100, %ebx
0x000e8c83:  eb 84                    jmp      0xe8c09

----------------
IN: 
0x000e8c09:  31 f6                    xorl     %esi, %esi
0x000e8c0b:  89 74 24 10              movl     %esi, 0x10(%esp)
0x000e8c0f:  8d 7c 24 1c              leal     0x1c(%esp), %edi
0x000e8c13:  57                       pushl    %edi
0x000e8c14:  8d 74 24 1c              leal     0x1c(%esp), %esi
0x000e8c18:  56                       pushl    %esi
0x000e8c19:  8d 4c 24 1c              leal     0x1c(%esp), %ecx
0x000e8c1d:  8d 54 24 18              leal     0x18(%esp), %edx
0x000e8c21:  89 d8                    movl     %ebx, %eax
0x000e8c23:  e8 c8 19 00 00           calll    0xea5f0

----------------
IN: 
0x000e8c85:  83 3d f4 a1 0e 00 00     cmpl     $0, 0xea1f4
0x000e8c8c:  74 56                    je       0xe8ce4

----------------
IN: 
0x000e8ce4:  e8 71 15 00 00           calll    0xea25a

----------------
IN: 
0x000e8ce9:  85 c0                    testl    %eax, %eax
0x000e8ceb:  74 4c                    je       0xe8d39

----------------
IN: 
0x000e8d39:  e8 76 35 ff ff           calll    0xdc2b4

----------------
IN: 
0x000dc2b4:  56                       pushl    %esi
0x000dc2b5:  53                       pushl    %ebx
0x000dc2b6:  56                       pushl    %esi
0x000dc2b7:  8b 1d 04 4d 0f 00        movl     0xf4d04, %ebx
0x000dc2bd:  85 db                    testl    %ebx, %ebx
0x000dc2bf:  75 68                    jne      0xdc329

----------------
IN: 
0x000dc2c1:  31 c0                    xorl     %eax, %eax
0x000dc2c3:  ba 10 05 00 00           movl     $0x510, %edx
0x000dc2c8:  66 ef                    outw     %ax, %dx

----------------
IN: 
0x000dc2ca:  31 c9                    xorl     %ecx, %ecx
0x000dc2cc:  ba 11 05 00 00           movl     $0x511, %edx
0x000dc2d1:  ec                       inb      %dx, %al

----------------
IN: 
0x000dc2d2:  0f b6 c0                 movzbl   %al, %eax
0x000dc2d5:  0f be b1 1a 1b 0f 00     movsbl   0xf1b1a(%ecx), %esi
0x000dc2dc:  39 f0                    cmpl     %esi, %eax
0x000dc2de:  75 4e                    jne      0xdc32e

----------------
IN: 
0x000dc2e0:  41                       incl     %ecx
0x000dc2e1:  83 f9 04                 cmpl     $4, %ecx
0x000dc2e4:  75 eb                    jne      0xdc2d1

----------------
IN: 
0x000dc2d1:  ec                       inb      %dx, %al

----------------
IN: 
0x000dc2e6:  68 1f 1b 0f 00           pushl    $0xf1b1f
0x000dc2eb:  e8 32 0c 01 00           calll    0xecf22

----------------
IN: 
0x000dc2f0:  c7 05 04 4d 0f 00 01 00  movl     $1, 0xf4d04
0x000dc2f8:  00 00
0x000dc2fa:  8d 44 24 04              leal     4(%esp), %eax
0x000dc2fe:  b9 04 00 00 00           movl     $4, %ecx
0x000dc303:  ba 01 00 00 00           movl     $1, %edx
0x000dc308:  e8 c0 0a 01 00           calll    0xecdcd

----------------
IN: 
0x000ecdcd:  56                       pushl    %esi
0x000ecdce:  53                       pushl    %ebx
0x000ecdcf:  89 c3                    movl     %eax, %ebx
0x000ecdd1:  89 d0                    movl     %edx, %eax
0x000ecdd3:  83 3d 00 4d 0f 00 00     cmpl     $0, 0xf4d00
0x000ecdda:  74 13                    je       0xecdef

----------------
IN: 
0x000ecdef:  ba 10 05 00 00           movl     $0x510, %edx
0x000ecdf4:  66 ef                    outw     %ax, %dx

----------------
IN: 
0x000ecdf6:  89 ca                    movl     %ecx, %edx
0x000ecdf8:  89 d8                    movl     %ebx, %eax
0x000ecdfa:  5b                       popl     %ebx
0x000ecdfb:  5e                       popl     %esi
0x000ecdfc:  e9 a6 ff ff ff           jmp      0xecda7

----------------
IN: 
0x000ecda7:  85 d2                    testl    %edx, %edx
0x000ecda9:  74 21                    je       0xecdcc

----------------
IN: 
0x000ecdab:  83 3d 00 4d 0f 00 00     cmpl     $0, 0xf4d00
0x000ecdb2:  74 0a                    je       0xecdbe

----------------
IN: 
0x000ecdbe:  57                       pushl    %edi
0x000ecdbf:  89 d1                    movl     %edx, %ecx
0x000ecdc1:  89 c7                    movl     %eax, %edi
0x000ecdc3:  ba 11 05 00 00           movl     $0x511, %edx
0x000ecdc8:  f3 6c                    rep insb %dx, %es:(%edi)

----------------
IN: 
0x000ecdca:  5f                       popl     %edi
0x000ecdcb:  c3                       retl     

----------------
IN: 
0x000dc30d:  5b                       popl     %ebx
0x000dc30e:  f6 04 24 02              testb    $2, (%esp)
0x000dc312:  74 15                    je       0xdc329

----------------
IN: 
0x000dc314:  68 32 1b 0f 00           pushl    $0xf1b32
0x000dc319:  e8 04 0c 01 00           calll    0xecf22

----------------
IN: 
0x000dc31e:  c7 05 00 4d 0f 00 01 00  movl     $1, 0xf4d00
0x000dc326:  00 00
0x000dc328:  59                       popl     %ecx
0x000dc329:  bb 01 00 00 00           movl     $1, %ebx
0x000dc32e:  89 d8                    movl     %ebx, %eax
0x000dc330:  5a                       popl     %edx
0x000dc331:  5b                       popl     %ebx
0x000dc332:  5e                       popl     %esi
0x000dc333:  c3                       retl     

----------------
IN: 
0x000e8d3e:  85 c0                    testl    %eax, %eax
0x000e8d40:  0f 84 8c 01 00 00        je       0xe8ed2

----------------
IN: 
0x000e8d46:  b9 04 00 00 00           movl     $4, %ecx
0x000e8d4b:  ba 19 00 00 00           movl     $0x19, %edx
0x000e8d50:  89 f0                    movl     %esi, %eax
0x000e8d52:  e8 76 40 00 00           calll    0xecdcd

----------------
IN: 
0x000ecddc:  c1 e0 10                 shll     $0x10, %eax
0x000ecddf:  83 c8 0a                 orl      $0xa, %eax
0x000ecde2:  89 ca                    movl     %ecx, %edx
0x000ecde4:  89 c1                    movl     %eax, %ecx
0x000ecde6:  89 d8                    movl     %ebx, %eax
0x000ecde8:  5b                       popl     %ebx
0x000ecde9:  5e                       popl     %esi
0x000ecdea:  e9 64 ff ff ff           jmp      0xecd53

----------------
IN: 
0x000ecd53:  56                       pushl    %esi
0x000ecd54:  53                       pushl    %ebx
0x000ecd55:  83 ec 10                 subl     $0x10, %esp
0x000ecd58:  89 d6                    movl     %edx, %esi
0x000ecd5a:  89 cb                    movl     %ecx, %ebx
0x000ecd5c:  31 d2                    xorl     %edx, %edx
0x000ecd5e:  e8 4e de ff ff           calll    0xeabb1

----------------
IN: 
0x000eabb1:  89 d1                    movl     %edx, %ecx
0x000eabb3:  0f c9                    bswapl   %ecx
0x000eabb5:  89 c2                    movl     %eax, %edx
0x000eabb7:  0f ca                    bswapl   %edx
0x000eabb9:  89 c8                    movl     %ecx, %eax
0x000eabbb:  c3                       retl     

----------------
IN: 
0x000ecd63:  89 44 24 08              movl     %eax, 8(%esp)
0x000ecd67:  89 54 24 0c              movl     %edx, 0xc(%esp)
0x000ecd6b:  89 f0                    movl     %esi, %eax
0x000ecd6d:  e8 83 e2 ff ff           calll    0xeaff5

----------------
IN: 
0x000eaff5:  0f c8                    bswapl   %eax
0x000eaff7:  c3                       retl     

----------------
IN: 
0x000ecd72:  89 44 24 04              movl     %eax, 4(%esp)
0x000ecd76:  89 d8                    movl     %ebx, %eax
0x000ecd78:  e8 78 e2 ff ff           calll    0xeaff5

----------------
IN: 
0x000ecd7d:  89 04 24                 movl     %eax, (%esp)
0x000ecd80:  89 e0                    movl     %esp, %eax
0x000ecd82:  e8 6e e2 ff ff           calll    0xeaff5

----------------
IN: 
0x000ecd87:  ba 18 05 00 00           movl     $0x518, %edx
0x000ecd8c:  ef                       outl     %eax, %dx

----------------
IN: 
0x000ecd8d:  8b 04 24                 movl     (%esp), %eax
0x000ecd90:  e8 60 e2 ff ff           calll    0xeaff5

----------------
IN: 
0x000ecd95:  83 f8 01                 cmpl     $1, %eax
0x000ecd98:  76 07                    jbe      0xecda1

----------------
IN: 
0x000ecda1:  83 c4 10                 addl     $0x10, %esp
0x000ecda4:  5b                       popl     %ebx
0x000ecda5:  5e                       popl     %esi
0x000ecda6:  c3                       retl     

----------------
IN: 
0x000e8d57:  8b 44 24 18              movl     0x18(%esp), %eax
0x000e8d5b:  e8 95 22 00 00           calll    0xeaff5

----------------
IN: 
0x000e8d60:  89 44 24 18              movl     %eax, 0x18(%esp)
0x000e8d64:  31 db                    xorl     %ebx, %ebx
0x000e8d66:  3b 5c 24 18              cmpl     0x18(%esp), %ebx
0x000e8d6a:  73 31                    jae      0xe8d9d

----------------
IN: 
0x000e8d6c:  8d 44 24 30              leal     0x30(%esp), %eax
0x000e8d70:  ba 40 00 00 00           movl     $0x40, %edx
0x000e8d75:  e8 2d 40 00 00           calll    0xecda7

----------------
IN: 
0x000ecdb4:  b9 02 00 00 00           movl     $2, %ecx
0x000ecdb9:  e9 95 ff ff ff           jmp      0xecd53

----------------
IN: 
0x000e8d7a:  8d 44 24 38              leal     0x38(%esp), %eax
0x000e8d7e:  b9 09 00 00 00           movl     $9, %ecx
0x000e8d83:  ba dc 1f 0f 00           movl     $0xf1fdc, %edx
0x000e8d88:  e8 80 16 00 00           calll    0xea40d

----------------
IN: 
0x000ea40d:  01 c1                    addl     %eax, %ecx
0x000ea40f:  39 c8                    cmpl     %ecx, %eax
0x000ea411:  75 03                    jne      0xea416

----------------
IN: 
0x000ea416:  53                       pushl    %ebx
0x000ea417:  8a 1a                    movb     (%edx), %bl
0x000ea419:  38 18                    cmpb     %bl, (%eax)
0x000ea41b:  74 07                    je       0xea424

----------------
IN: 
0x000ea41d:  19 c0                    sbbl     %eax, %eax
0x000ea41f:  83 c8 01                 orl      $1, %eax
0x000ea422:  eb 08                    jmp      0xea42c

----------------
IN: 
0x000ea42c:  5b                       popl     %ebx
0x000ea42d:  c3                       retl     

----------------
IN: 
0x000e8d8d:  85 c0                    testl    %eax, %eax
0x000e8d8f:  74 03                    je       0xe8d94

----------------
IN: 
0x000e8d91:  43                       incl     %ebx
0x000e8d92:  eb d2                    jmp      0xe8d66

----------------
IN: 
0x000e8d66:  3b 5c 24 18              cmpl     0x18(%esp), %ebx
0x000e8d6a:  73 31                    jae      0xe8d9d

----------------
IN: 
0x000ea424:  40                       incl     %eax
0x000ea425:  42                       incl     %edx
0x000ea426:  39 c8                    cmpl     %ecx, %eax
0x000ea428:  75 ed                    jne      0xea417

----------------
IN: 
0x000ea417:  8a 1a                    movb     (%edx), %bl
0x000ea419:  38 18                    cmpb     %bl, (%eax)
0x000ea41b:  74 07                    je       0xea424

----------------
IN: 
0x000ea42a:  31 c0                    xorl     %eax, %eax
0x000ea42c:  5b                       popl     %ebx
0x000ea42d:  c3                       retl     

----------------
IN: 
0x000e8d94:  8b 54 24 34              movl     0x34(%esp), %edx
0x000e8d98:  66 85 d2                 testw    %dx, %dx
0x000e8d9b:  75 10                    jne      0xe8dad

----------------
IN: 
0x000e8dad:  8b 44 24 30              movl     0x30(%esp), %eax
0x000e8db1:  e8 3f 22 00 00           calll    0xeaff5

----------------
IN: 
0x000e8db6:  89 c1                    movl     %eax, %ecx
0x000e8db8:  89 d0                    movl     %edx, %eax
0x000e8dba:  86 e0                    xchgb    %ah, %al
0x000e8dbc:  ba 10 05 00 00           movl     $0x510, %edx
0x000e8dc1:  66 ef                    outw     %ax, %dx

----------------
IN: 
0x000e8dc3:  bb 14 00 00 00           movl     $0x14, %ebx
0x000e8dc8:  89 c8                    movl     %ecx, %eax
0x000e8dca:  31 d2                    xorl     %edx, %edx
0x000e8dcc:  f7 f3                    divl     %ebx
0x000e8dce:  89 44 24 18              movl     %eax, 0x18(%esp)
0x000e8dd2:  31 ed                    xorl     %ebp, %ebp
0x000e8dd4:  3b 6c 24 18              cmpl     0x18(%esp), %ebp
0x000e8dd8:  0f 83 5a 01 00 00        jae      0xe8f38

----------------
IN: 
0x000e8dde:  8d 44 24 1c              leal     0x1c(%esp), %eax
0x000e8de2:  ba 14 00 00 00           movl     $0x14, %edx
0x000e8de7:  e8 bb 3f 00 00           calll    0xecda7

----------------
IN: 
0x000e8dec:  8b 44 24 2c              movl     0x2c(%esp), %eax
0x000e8df0:  83 f8 01                 cmpl     $1, %eax
0x000e8df3:  74 42                    je       0xe8e37

----------------
IN: 
0x000e8df5:  83 f8 02                 cmpl     $2, %eax
0x000e8df8:  0f 85 ce 00 00 00        jne      0xe8ecc

----------------
IN: 
0x000e8dfe:  6a 02                    pushl    $2
0x000e8e00:  ff 74 24 2c              pushl    0x2c(%esp)
0x000e8e04:  ff 74 24 2c              pushl    0x2c(%esp)
0x000e8e08:  8b 44 24 28              movl     0x28(%esp), %eax
0x000e8e0c:  8b 54 24 2c              movl     0x2c(%esp), %edx
0x000e8e10:  e8 62 fd fe ff           calll    0xd8b77

----------------
IN: 
0x000d8b77:  57                       pushl    %edi
0x000d8b78:  56                       pushl    %esi
0x000d8b79:  89 c6                    movl     %eax, %esi
0x000d8b7b:  89 d7                    movl     %edx, %edi
0x000d8b7d:  8b 4c 24 0c              movl     0xc(%esp), %ecx
0x000d8b81:  8b 54 24 10              movl     0x10(%esp), %edx
0x000d8b85:  8b 44 24 14              movl     0x14(%esp), %eax
0x000d8b89:  85 d2                    testl    %edx, %edx
0x000d8b8b:  75 04                    jne      0xd8b91

----------------
IN: 
0x000d8b91:  89 44 24 14              movl     %eax, 0x14(%esp)
0x000d8b95:  89 4c 24 0c              movl     %ecx, 0xc(%esp)
0x000d8b99:  89 54 24 10              movl     %edx, 0x10(%esp)
0x000d8b9d:  89 f0                    movl     %esi, %eax
0x000d8b9f:  89 fa                    movl     %edi, %edx
0x000d8ba1:  5e                       popl     %esi
0x000d8ba2:  5f                       popl     %edi
0x000d8ba3:  e9 0b fe ff ff           jmp      0xd89b3

----------------
IN: 
0x000d89b3:  55                       pushl    %ebp
0x000d89b4:  57                       pushl    %edi
0x000d89b5:  56                       pushl    %esi
0x000d89b6:  53                       pushl    %ebx
0x000d89b7:  83 ec 24                 subl     $0x24, %esp
0x000d89ba:  89 44 24 04              movl     %eax, 4(%esp)
0x000d89be:  89 54 24 08              movl     %edx, 8(%esp)
0x000d89c2:  8b 44 24 38              movl     0x38(%esp), %eax
0x000d89c6:  8b 54 24 3c              movl     0x3c(%esp), %edx
0x000d89ca:  89 44 24 14              movl     %eax, 0x14(%esp)
0x000d89ce:  89 54 24 18              movl     %edx, 0x18(%esp)
0x000d89d2:  8b 44 24 40              movl     0x40(%esp), %eax
0x000d89d6:  89 44 24 1c              movl     %eax, 0x1c(%esp)
0x000d89da:  8b 35 44 56 0f 00        movl     0xf5644, %esi
0x000d89e0:  31 c0                    xorl     %eax, %eax
0x000d89e2:  89 04 24                 movl     %eax, (%esp)
0x000d89e5:  39 34 24                 cmpl     %esi, (%esp)
0x000d89e8:  0f 8d 4b 01 00 00        jge      0xd8b39

----------------
IN: 
0x000d8b39:  83 7c 24 1c ff           cmpl     $-1, 0x1c(%esp)
0x000d8b3e:  74 2f                    je       0xd8b6f

----------------
IN: 
0x000d8b40:  8b 44 24 1c              movl     0x1c(%esp), %eax
0x000d8b44:  89 44 24 40              movl     %eax, 0x40(%esp)
0x000d8b48:  8b 44 24 14              movl     0x14(%esp), %eax
0x000d8b4c:  8b 54 24 18              movl     0x18(%esp), %edx
0x000d8b50:  89 44 24 38              movl     %eax, 0x38(%esp)
0x000d8b54:  89 54 24 3c              movl     %edx, 0x3c(%esp)
0x000d8b58:  8b 54 24 04              movl     4(%esp), %edx
0x000d8b5c:  8b 4c 24 08              movl     8(%esp), %ecx
0x000d8b60:  8b 04 24                 movl     (%esp), %eax
0x000d8b63:  83 c4 24                 addl     $0x24, %esp
0x000d8b66:  5b                       popl     %ebx
0x000d8b67:  5e                       popl     %esi
0x000d8b68:  5f                       popl     %edi
0x000d8b69:  5d                       popl     %ebp
0x000d8b6a:  e9 a8 fd ff ff           jmp      0xd8917

----------------
IN: 
0x000d8917:  55                       pushl    %ebp
0x000d8918:  57                       pushl    %edi
0x000d8919:  56                       pushl    %esi
0x000d891a:  53                       pushl    %ebx
0x000d891b:  83 ec 10                 subl     $0x10, %esp
0x000d891e:  8b 7c 24 24              movl     0x24(%esp), %edi
0x000d8922:  8b 6c 24 28              movl     0x28(%esp), %ebp
0x000d8926:  89 3c 24                 movl     %edi, (%esp)
0x000d8929:  89 6c 24 04              movl     %ebp, 4(%esp)
0x000d892d:  8b 7c 24 2c              movl     0x2c(%esp), %edi
0x000d8931:  8b 1d 44 56 0f 00        movl     0xf5644, %ebx
0x000d8937:  83 fb 7f                 cmpl     $0x7f, %ebx
0x000d893a:  7e 16                    jle      0xd8952

----------------
IN: 
0x000d8952:  89 54 24 08              movl     %edx, 8(%esp)
0x000d8956:  89 4c 24 0c              movl     %ecx, 0xc(%esp)
0x000d895a:  6b f0 14                 imull    $0x14, %eax, %esi
0x000d895d:  89 d9                    movl     %ebx, %ecx
0x000d895f:  29 c1                    subl     %eax, %ecx
0x000d8961:  6b c9 14                 imull    $0x14, %ecx, %ecx
0x000d8964:  8d ae 60 56 0f 00        leal     0xf5660(%esi), %ebp
0x000d896a:  8d 86 74 56 0f 00        leal     0xf5674(%esi), %eax
0x000d8970:  89 ea                    movl     %ebp, %edx
0x000d8972:  e8 53 f7 ff ff           calll    0xd80ca

----------------
IN: 
0x000d80ca:  57                       pushl    %edi
0x000d80cb:  56                       pushl    %esi
0x000d80cc:  89 d6                    movl     %edx, %esi
0x000d80ce:  39 c2                    cmpl     %eax, %edx
0x000d80d0:  72 06                    jb       0xd80d8

----------------
IN: 
0x000d80d8:  85 c9                    testl    %ecx, %ecx
0x000d80da:  74 09                    je       0xd80e5

----------------
IN: 
0x000d80e5:  5e                       popl     %esi
0x000d80e6:  5f                       popl     %edi
0x000d80e7:  c3                       retl     

----------------
IN: 
0x000d8977:  43                       incl     %ebx
0x000d8978:  89 1d 44 56 0f 00        movl     %ebx, 0xf5644
0x000d897e:  8b 44 24 08              movl     8(%esp), %eax
0x000d8982:  8b 54 24 0c              movl     0xc(%esp), %edx
0x000d8986:  89 86 60 56 0f 00        movl     %eax, 0xf5660(%esi)
0x000d898c:  89 96 64 56 0f 00        movl     %edx, 0xf5664(%esi)
0x000d8992:  8b 04 24                 movl     (%esp), %eax
0x000d8995:  8b 54 24 04              movl     4(%esp), %edx
0x000d8999:  89 86 68 56 0f 00        movl     %eax, 0xf5668(%esi)
0x000d899f:  89 96 6c 56 0f 00        movl     %edx, 0xf566c(%esi)
0x000d89a5:  89 be 70 56 0f 00        movl     %edi, 0xf5670(%esi)
0x000d89ab:  83 c4 10                 addl     $0x10, %esp
0x000d89ae:  5b                       popl     %ebx
0x000d89af:  5e                       popl     %esi
0x000d89b0:  5f                       popl     %edi
0x000d89b1:  5d                       popl     %ebp
0x000d89b2:  c3                       retl     

----------------
IN: 
0x000e8e15:  ff 74 24 34              pushl    0x34(%esp)
0x000e8e19:  ff 74 24 34              pushl    0x34(%esp)
0x000e8e1d:  ff 74 24 34              pushl    0x34(%esp)
0x000e8e21:  ff 74 24 34              pushl    0x34(%esp)
0x000e8e25:  68 29 41 0f 00           pushl    $0xf4129
0x000e8e2a:  e8 f3 40 00 00           calll    0xecf22

----------------
IN: 
0x000ec70f:  85 c9                    testl    %ecx, %ecx
0x000ec711:  75 04                    jne      0xec717

----------------
IN: 
0x000ec713:  3c 30                    cmpb     $0x30, %al
0x000ec715:  74 09                    je       0xec720

----------------
IN: 
0x000ec720:  c6 04 24 30              movb     $0x30, (%esp)
0x000ec724:  31 c9                    xorl     %ecx, %ecx
0x000ec726:  46                       incl     %esi
0x000ec727:  eb db                    jmp      0xec704

----------------
IN: 
0x000ec704:  0f b6 06                 movzbl   (%esi), %eax
0x000ec707:  8d 50 d0                 leal     -0x30(%eax), %edx
0x000ec70a:  80 fa 09                 cmpb     $9, %dl
0x000ec70d:  77 1a                    ja       0xec729

----------------
IN: 
0x000ec717:  6b c9 0a                 imull    $0xa, %ecx, %ecx
0x000ec71a:  8d 4c 01 d0              leal     -0x30(%ecx, %eax), %ecx
0x000ec71e:  eb 06                    jmp      0xec726

----------------
IN: 
0x000ec726:  46                       incl     %esi
0x000ec727:  eb db                    jmp      0xec704

----------------
IN: 
0x000ec72f:  8a 46 01                 movb     1(%esi), %al
0x000ec732:  3c 6c                    cmpb     $0x6c, %al
0x000ec734:  74 03                    je       0xec739

----------------
IN: 
0x000ec739:  8a 46 02                 movb     2(%esi), %al
0x000ec73c:  83 c6 02                 addl     $2, %esi
0x000ec73f:  b2 01                    movb     $1, %dl
0x000ec741:  3c 64                    cmpb     $0x64, %al
0x000ec743:  74 68                    je       0xec7ad

----------------
IN: 
0x000ec88f:  8d 53 08                 leal     8(%ebx), %edx
0x000ec892:  89 14 24                 movl     %edx, (%esp)
0x000ec895:  8b 53 04                 movl     4(%ebx), %edx
0x000ec898:  85 d2                    testl    %edx, %edx
0x000ec89a:  74 28                    je       0xec8c4

----------------
IN: 
0x000ec89c:  83 e9 08                 subl     $8, %ecx
0x000ec89f:  57                       pushl    %edi
0x000ec8a0:  50                       pushl    %eax
0x000ec8a1:  89 e8                    movl     %ebp, %eax
0x000ec8a3:  e8 03 db ff ff           calll    0xea3ab

----------------
IN: 
0x000ea3d7:  4b                       decl     %ebx
0x000ea3d8:  89 fa                    movl     %edi, %edx
0x000ea3da:  89 44 24 04              movl     %eax, 4(%esp)
0x000ea3de:  e8 b8 fe ff ff           calll    0xea29b

----------------
IN: 
0x000ea3e3:  8b 44 24 04              movl     4(%esp), %eax
0x000ea3e7:  eb ea                    jmp      0xea3d3

----------------
IN: 
0x000ea3d3:  85 db                    testl    %ebx, %ebx
0x000ea3d5:  7e 12                    jle      0xea3e9

----------------
IN: 
0x000ea323:  ff 24 8d 98 43 0f 00     jmpl     *0xf4398(, %ecx, 4)

----------------
IN: 
0x000ea2fd:  8d 52 57                 leal     0x57(%edx), %edx
0x000ea300:  85 c9                    testl    %ecx, %ecx
0x000ea302:  74 03                    je       0xea307

----------------
IN: 
0x000ec8a8:  57                       pushl    %edi
0x000ec8a9:  b9 08 00 00 00           movl     $8, %ecx
0x000ec8ae:  8b 54 24 10              movl     0x10(%esp), %edx
0x000ec8b2:  89 e8                    movl     %ebp, %eax
0x000ec8b4:  e8 59 da ff ff           calll    0xea312

----------------
IN: 
0x000ec8b9:  83 c4 0c                 addl     $0xc, %esp
0x000ec8bc:  eb 15                    jmp      0xec8d3

----------------
IN: 
0x000ec8d3:  8b 1c 24                 movl     (%esp), %ebx
0x000ec8d6:  eb 53                    jmp      0xec92b

----------------
IN: 
0x000e8e2f:  83 c4 20                 addl     $0x20, %esp
0x000e8e32:  e9 95 00 00 00           jmp      0xe8ecc

----------------
IN: 
0x000e8ecc:  45                       incl     %ebp
0x000e8ecd:  e9 02 ff ff ff           jmp      0xe8dd4

----------------
IN: 
0x000e8dd4:  3b 6c 24 18              cmpl     0x18(%esp), %ebp
0x000e8dd8:  0f 83 5a 01 00 00        jae      0xe8f38

----------------
IN: 
0x000e8e37:  6a 01                    pushl    $1
0x000e8e39:  ff 74 24 2c              pushl    0x2c(%esp)
0x000e8e3d:  ff 74 24 2c              pushl    0x2c(%esp)
0x000e8e41:  8b 44 24 28              movl     0x28(%esp), %eax
0x000e8e45:  8b 54 24 2c              movl     0x2c(%esp), %edx
0x000e8e49:  e8 29 fd fe ff           calll    0xd8b77

----------------
IN: 
0x000d8b8d:  85 c9                    testl    %ecx, %ecx
0x000d8b8f:  74 17                    je       0xd8ba8

----------------
IN: 
0x000d89ee:  6b 0c 24 14              imull    $0x14, (%esp), %ecx
0x000d89f2:  8b 81 60 56 0f 00        movl     0xf5660(%ecx), %eax
0x000d89f8:  8b 91 64 56 0f 00        movl     0xf5664(%ecx), %edx
0x000d89fe:  89 c7                    movl     %eax, %edi
0x000d8a00:  89 d5                    movl     %edx, %ebp
0x000d8a02:  03 b9 68 56 0f 00        addl     0xf5668(%ecx), %edi
0x000d8a08:  13 a9 6c 56 0f 00        adcl     0xf566c(%ecx), %ebp
0x000d8a0e:  89 7c 24 0c              movl     %edi, 0xc(%esp)
0x000d8a12:  89 6c 24 10              movl     %ebp, 0x10(%esp)
0x000d8a16:  8b 5c 24 04              movl     4(%esp), %ebx
0x000d8a1a:  39 5c 24 0c              cmpl     %ebx, 0xc(%esp)
0x000d8a1e:  8b 5c 24 10              movl     0x10(%esp), %ebx
0x000d8a22:  1b 5c 24 08              sbbl     8(%esp), %ebx
0x000d8a26:  73 05                    jae      0xd8a2d

----------------
IN: 
0x000d8a2d:  8b 7c 24 14              movl     0x14(%esp), %edi
0x000d8a31:  8b 6c 24 18              movl     0x18(%esp), %ebp
0x000d8a35:  03 7c 24 04              addl     4(%esp), %edi
0x000d8a39:  13 6c 24 08              adcl     8(%esp), %ebp
0x000d8a3d:  3b 44 24 04              cmpl     4(%esp), %eax
0x000d8a41:  89 d6                    movl     %edx, %esi
0x000d8a43:  1b 74 24 08              sbbl     8(%esp), %esi
0x000d8a47:  73 77                    jae      0xd8ac0

----------------
IN: 
0x000d8ac0:  6b 34 24 14              imull    $0x14, (%esp), %esi
0x000d8ac4:  8b 04 24                 movl     (%esp), %eax
0x000d8ac7:  3b 05 44 56 0f 00        cmpl     0xf5644, %eax
0x000d8acd:  7d 6a                    jge      0xd8b39

----------------
IN: 
0x000d8acf:  8b 86 60 56 0f 00        movl     0xf5660(%esi), %eax
0x000d8ad5:  8b 96 64 56 0f 00        movl     0xf5664(%esi), %edx
0x000d8adb:  39 c7                    cmpl     %eax, %edi
0x000d8add:  89 e9                    movl     %ebp, %ecx
0x000d8adf:  19 d1                    sbbl     %edx, %ecx
0x000d8ae1:  72 56                    jb       0xd8b39

----------------
IN: 
0x000d80dc:  49                       decl     %ecx
0x000d80dd:  8a 14 0e                 movb     (%esi, %ecx), %dl
0x000d80e0:  88 14 08                 movb     %dl, (%eax, %ecx)
0x000d80e3:  eb f3                    jmp      0xd80d8

----------------
IN: 
0x000e8e4e:  ff 74 24 34              pushl    0x34(%esp)
0x000e8e52:  ff 74 24 34              pushl    0x34(%esp)
0x000e8e56:  ff 74 24 34              pushl    0x34(%esp)
0x000e8e5a:  ff 74 24 34              pushl    0x34(%esp)
0x000e8e5e:  68 5d 41 0f 00           pushl    $0xf415d
0x000e8e63:  e8 ba 40 00 00           calll    0xecf22

----------------
IN: 
0x000ec8c4:  57                       pushl    %edi
0x000ec8c5:  50                       pushl    %eax
0x000ec8c6:  8b 54 24 0c              movl     0xc(%esp), %edx
0x000ec8ca:  89 e8                    movl     %ebp, %eax
0x000ec8cc:  e8 da da ff ff           calll    0xea3ab

----------------
IN: 
0x000e8e68:  8b 4c 24 3c              movl     0x3c(%esp), %ecx
0x000e8e6c:  8b 5c 24 40              movl     0x40(%esp), %ebx
0x000e8e70:  8b 44 24 44              movl     0x44(%esp), %eax
0x000e8e74:  8b 54 24 48              movl     0x48(%esp), %edx
0x000e8e78:  89 44 24 20              movl     %eax, 0x20(%esp)
0x000e8e7c:  89 54 24 24              movl     %edx, 0x24(%esp)
0x000e8e80:  89 c8                    movl     %ecx, %eax
0x000e8e82:  89 da                    movl     %ebx, %edx
0x000e8e84:  03 44 24 20              addl     0x20(%esp), %eax
0x000e8e88:  13 54 24 24              adcl     0x24(%esp), %edx
0x000e8e8c:  83 c4 20                 addl     $0x20, %esp
0x000e8e8f:  83 fb 00                 cmpl     $0, %ebx
0x000e8e92:  77 18                    ja       0xe8eac

----------------
IN: 
0x000e8e94:  31 ff                    xorl     %edi, %edi
0x000e8e96:  39 05 08 a2 0e 00        cmpl     %eax, 0xea208
0x000e8e9c:  19 d7                    sbbl     %edx, %edi
0x000e8e9e:  73 2c                    jae      0xe8ecc

----------------
IN: 
0x000e8ea0:  8b 04 24                 movl     (%esp), %eax
0x000e8ea3:  01 c8                    addl     %ecx, %eax
0x000e8ea5:  a3 08 a2 0e 00           movl     %eax, 0xea208
0x000e8eaa:  eb 20                    jmp      0xe8ecc

----------------
IN: 
0x000e8f38:  6a 02                    pushl    $2
0x000e8f3a:  6a 00                    pushl    $0
0x000e8f3c:  68 00 00 04 00           pushl    $0x40000
0x000e8f41:  b8 00 00 fc ff           movl     $0xfffc0000, %eax
0x000e8f46:  31 d2                    xorl     %edx, %edx
0x000e8f48:  e8 66 fa fe ff           calll    0xd89b3

----------------
IN: 
0x000d8a28:  ff 04 24                 incl     (%esp)
0x000d8a2b:  eb b8                    jmp      0xd89e5

----------------
IN: 
0x000d89e5:  39 34 24                 cmpl     %esi, (%esp)
0x000d89e8:  0f 8d 4b 01 00 00        jge      0xd8b39

----------------
IN: 
0x000e8f4d:  83 c4 0c                 addl     $0xc, %esp
0x000e8f50:  6a ff                    pushl    $-1
0x000e8f52:  6a 00                    pushl    $0
0x000e8f54:  68 00 00 05 00           pushl    $0x50000
0x000e8f59:  b8 00 00 0a 00           movl     $0xa0000, %eax
0x000e8f5e:  31 d2                    xorl     %edx, %edx
0x000e8f60:  e8 4e fa fe ff           calll    0xd89b3

----------------
IN: 
0x000d8a49:  8b 99 70 56 0f 00        movl     0xf5670(%ecx), %ebx
0x000d8a4f:  89 5c 24 20              movl     %ebx, 0x20(%esp)
0x000d8a53:  8b 5c 24 1c              movl     0x1c(%esp), %ebx
0x000d8a57:  39 5c 24 20              cmpl     %ebx, 0x20(%esp)
0x000d8a5b:  75 1a                    jne      0xd8a77

----------------
IN: 
0x000d8a77:  8b 5c 24 04              movl     4(%esp), %ebx
0x000d8a7b:  8b 74 24 08              movl     8(%esp), %esi
0x000d8a7f:  29 c3                    subl     %eax, %ebx
0x000d8a81:  19 d6                    sbbl     %edx, %esi
0x000d8a83:  89 99 68 56 0f 00        movl     %ebx, 0xf5668(%ecx)
0x000d8a89:  89 b1 6c 56 0f 00        movl     %esi, 0xf566c(%ecx)
0x000d8a8f:  ff 04 24                 incl     (%esp)
0x000d8a92:  3b 7c 24 0c              cmpl     0xc(%esp), %edi
0x000d8a96:  89 e8                    movl     %ebp, %eax
0x000d8a98:  1b 44 24 10              sbbl     0x10(%esp), %eax
0x000d8a9c:  73 22                    jae      0xd8ac0

----------------
IN: 
0x000d8a9e:  ff 74 24 20              pushl    0x20(%esp)
0x000d8aa2:  8b 44 24 10              movl     0x10(%esp), %eax
0x000d8aa6:  8b 54 24 14              movl     0x14(%esp), %edx
0x000d8aaa:  29 f8                    subl     %edi, %eax
0x000d8aac:  19 ea                    sbbl     %ebp, %edx
0x000d8aae:  52                       pushl    %edx
0x000d8aaf:  50                       pushl    %eax
0x000d8ab0:  89 fa                    movl     %edi, %edx
0x000d8ab2:  89 e9                    movl     %ebp, %ecx
0x000d8ab4:  8b 44 24 0c              movl     0xc(%esp), %eax
0x000d8ab8:  e8 5a fe ff ff           calll    0xd8917

----------------
IN: 
0x000d8abd:  83 c4 0c                 addl     $0xc, %esp
0x000d8ac0:  6b 34 24 14              imull    $0x14, (%esp), %esi
0x000d8ac4:  8b 04 24                 movl     (%esp), %eax
0x000d8ac7:  3b 05 44 56 0f 00        cmpl     0xf5644, %eax
0x000d8acd:  7d 6a                    jge      0xd8b39

----------------
IN: 
0x000d8ae3:  03 86 68 56 0f 00        addl     0xf5668(%esi), %eax
0x000d8ae9:  13 96 6c 56 0f 00        adcl     0xf566c(%esi), %edx
0x000d8aef:  39 c7                    cmpl     %eax, %edi
0x000d8af1:  89 e9                    movl     %ebp, %ecx
0x000d8af3:  19 d1                    sbbl     %edx, %ecx
0x000d8af5:  72 0a                    jb       0xd8b01

----------------
IN: 
0x000d8b01:  89 be 60 56 0f 00        movl     %edi, 0xf5660(%esi)
0x000d8b07:  89 ae 64 56 0f 00        movl     %ebp, 0xf5664(%esi)
0x000d8b0d:  29 f8                    subl     %edi, %eax
0x000d8b0f:  19 ea                    sbbl     %ebp, %edx
0x000d8b11:  89 86 68 56 0f 00        movl     %eax, 0xf5668(%esi)
0x000d8b17:  89 96 6c 56 0f 00        movl     %edx, 0xf566c(%esi)
0x000d8b1d:  8b 4c 24 1c              movl     0x1c(%esp), %ecx
0x000d8b21:  3b 8e 70 56 0f 00        cmpl     0xf5670(%esi), %ecx
0x000d8b27:  75 10                    jne      0xd8b39

----------------
IN: 
0x000d8b6f:  83 c4 24                 addl     $0x24, %esp
0x000d8b72:  5b                       popl     %ebx
0x000d8b73:  5e                       popl     %esi
0x000d8b74:  5f                       popl     %edi
0x000d8b75:  5d                       popl     %ebp
0x000d8b76:  c3                       retl     

----------------
IN: 
0x000e8f65:  6a 02                    pushl    $2
0x000e8f67:  6a 00                    pushl    $0
0x000e8f69:  68 00 00 01 00           pushl    $0x10000
0x000e8f6e:  b8 00 00 0f 00           movl     $0xf0000, %eax
0x000e8f73:  31 d2                    xorl     %edx, %edx
0x000e8f75:  e8 39 fa fe ff           calll    0xd89b3

----------------
IN: 
0x000e8f7a:  a1 44 56 0f 00           movl     0xf5644, %eax
0x000e8f7f:  8d 78 ff                 leal     -1(%eax), %edi
0x000e8f82:  83 c4 18                 addl     $0x18, %esp
0x000e8f85:  31 f6                    xorl     %esi, %esi
0x000e8f87:  31 db                    xorl     %ebx, %ebx
0x000e8f89:  85 ff                    testl    %edi, %edi
0x000e8f8b:  0f 88 a4 00 00 00        js       0xe9035

----------------
IN: 
0x000e8f91:  6b cf 14                 imull    $0x14, %edi, %ecx
0x000e8f94:  8b 81 60 56 0f 00        movl     0xf5660(%ecx), %eax
0x000e8f9a:  8b 91 64 56 0f 00        movl     0xf5664(%ecx), %edx
0x000e8fa0:  89 44 24 08              movl     %eax, 8(%esp)
0x000e8fa4:  89 54 24 0c              movl     %edx, 0xc(%esp)
0x000e8fa8:  03 81 68 56 0f 00        addl     0xf5668(%ecx), %eax
0x000e8fae:  13 91 6c 56 0f 00        adcl     0xf566c(%ecx), %edx
0x000e8fb4:  89 04 24                 movl     %eax, (%esp)
0x000e8fb7:  89 54 24 04              movl     %edx, 4(%esp)
0x000e8fbb:  bd ff ff 0f 00           movl     $0xfffff, %ebp
0x000e8fc0:  3b 2c 24                 cmpl     (%esp), %ebp
0x000e8fc3:  bd 00 00 00 00           movl     $0, %ebp
0x000e8fc8:  1b 6c 24 04              sbbl     4(%esp), %ebp
0x000e8fcc:  73 67                    jae      0xe9035

----------------
IN: 
0x000e8fce:  83 b9 70 56 0f 00 01     cmpl     $1, 0xf5670(%ecx)
0x000e8fd5:  75 58                    jne      0xe902f

----------------
IN: 
0x000e902f:  4f                       decl     %edi
0x000e9030:  e9 54 ff ff ff           jmp      0xe8f89

----------------
IN: 
0x000e8f89:  85 ff                    testl    %edi, %edi
0x000e8f8b:  0f 88 a4 00 00 00        js       0xe9035

----------------
IN: 
0x000e8fd7:  83 7c 24 04 00           cmpl     $0, 4(%esp)
0x000e8fdc:  77 51                    ja       0xe902f

----------------
IN: 
0x000e8fde:  8b 54 24 08              movl     8(%esp), %edx
0x000e8fe2:  8b 0c 24                 movl     (%esp), %ecx
0x000e8fe5:  85 db                    testl    %ebx, %ebx
0x000e8fe7:  75 3c                    jne      0xe9025

----------------
IN: 
0x000e8fe9:  8d 81 00 00 00 ff        leal     -0x1000000(%ecx), %eax
0x000e8fef:  83 e0 f0                 andl     $0xfffffff0, %eax
0x000e8ff2:  39 c1                    cmpl     %eax, %ecx
0x000e8ff4:  72 0a                    jb       0xe9000

----------------
IN: 
0x000e8ff6:  8d aa 00 00 00 01        leal     0x1000000(%edx), %ebp
0x000e8ffc:  39 e8                    cmpl     %ebp, %eax
0x000e8ffe:  73 1c                    jae      0xe901c

----------------
IN: 
0x000e901c:  89 c3                    movl     %eax, %ebx
0x000e901e:  89 c1                    movl     %eax, %ecx
0x000e9020:  be 00 00 00 01           movl     $0x1000000, %esi
0x000e9025:  b8 58 a1 0e 00           movl     $0xea158, %eax
0x000e902a:  e8 6e fd fe ff           calll    0xd8d9d

----------------
IN: 
0x000d8d9d:  53                       pushl    %ebx
0x000d8d9e:  83 ec 2c                 subl     $0x2c, %esp
0x000d8da1:  89 d3                    movl     %edx, %ebx
0x000d8da3:  89 c2                    movl     %eax, %edx
0x000d8da5:  8b 00                    movl     (%eax), %eax
0x000d8da7:  85 c0                    testl    %eax, %eax
0x000d8da9:  75 35                    jne      0xd8de0

----------------
IN: 
0x000d8dab:  c7 44 24 28 ff ff ff ff  movl     $0xffffffff, 0x28(%esp)
0x000d8db3:  89 5c 24 1c              movl     %ebx, 0x1c(%esp)
0x000d8db7:  89 4c 24 20              movl     %ecx, 0x20(%esp)
0x000d8dbb:  31 c0                    xorl     %eax, %eax
0x000d8dbd:  89 44 24 24              movl     %eax, 0x24(%esp)
0x000d8dc1:  8d 44 24 14              leal     0x14(%esp), %eax
0x000d8dc5:  e8 a7 d5 ff ff           calll    0xd6371

----------------
IN: 
0x000d6371:  8b 0a                    movl     (%edx), %ecx
0x000d6373:  89 50 04                 movl     %edx, 4(%eax)
0x000d6376:  89 08                    movl     %ecx, (%eax)
0x000d6378:  85 c9                    testl    %ecx, %ecx
0x000d637a:  74 03                    je       0xd637f

----------------
IN: 
0x000d637f:  89 02                    movl     %eax, (%edx)
0x000d6381:  c3                       retl     

----------------
IN: 
0x000d8dca:  89 e0                    movl     %esp, %eax
0x000d8dcc:  e8 da fd ff ff           calll    0xd8bab

----------------
IN: 
0x000d8bab:  55                       pushl    %ebp
0x000d8bac:  57                       pushl    %edi
0x000d8bad:  56                       pushl    %esi
0x000d8bae:  53                       pushl    %ebx
0x000d8baf:  89 c3                    movl     %eax, %ebx
0x000d8bb1:  50                       pushl    %eax
0x000d8bb2:  b9 10 00 00 00           movl     $0x10, %ecx
0x000d8bb7:  ba 2c 00 00 00           movl     $0x2c, %edx
0x000d8bbc:  a1 58 a1 0e 00           movl     0xea158, %eax
0x000d8bc1:  e8 c1 f5 ff ff           calll    0xd8187

----------------
IN: 
0x000d8187:  55                       pushl    %ebp
0x000d8188:  57                       pushl    %edi
0x000d8189:  56                       pushl    %esi
0x000d818a:  53                       pushl    %ebx
0x000d818b:  89 ce                    movl     %ecx, %esi
0x000d818d:  8b 4c 24 14              movl     0x14(%esp), %ecx
0x000d8191:  f7 de                    negl     %esi
0x000d8193:  85 c0                    testl    %eax, %eax
0x000d8195:  74 33                    je       0xd81ca

----------------
IN: 
0x000d8197:  8b 78 0c                 movl     0xc(%eax), %edi
0x000d819a:  89 fb                    movl     %edi, %ebx
0x000d819c:  29 d3                    subl     %edx, %ebx
0x000d819e:  21 f3                    andl     %esi, %ebx
0x000d81a0:  8b 68 10                 movl     0x10(%eax), %ebp
0x000d81a3:  03 68 08                 addl     8(%eax), %ebp
0x000d81a6:  39 eb                    cmpl     %ebp, %ebx
0x000d81a8:  72 1c                    jb       0xd81c6

----------------
IN: 
0x000d81aa:  39 df                    cmpl     %ebx, %edi
0x000d81ac:  72 18                    jb       0xd81c6

----------------
IN: 
0x000d81ae:  89 59 08                 movl     %ebx, 8(%ecx)
0x000d81b1:  89 79 0c                 movl     %edi, 0xc(%ecx)
0x000d81b4:  89 51 10                 movl     %edx, 0x10(%ecx)
0x000d81b7:  89 58 0c                 movl     %ebx, 0xc(%eax)
0x000d81ba:  8b 50 04                 movl     4(%eax), %edx
0x000d81bd:  89 c8                    movl     %ecx, %eax
0x000d81bf:  e8 ad e1 ff ff           calll    0xd6371

----------------
IN: 
0x000d637c:  89 41 04                 movl     %eax, 4(%ecx)
0x000d637f:  89 02                    movl     %eax, (%edx)
0x000d6381:  c3                       retl     

----------------
IN: 
0x000d81c4:  eb 06                    jmp      0xd81cc

----------------
IN: 
0x000d81cc:  89 d8                    movl     %ebx, %eax
0x000d81ce:  5b                       popl     %ebx
0x000d81cf:  5e                       popl     %esi
0x000d81d0:  5f                       popl     %edi
0x000d81d1:  5d                       popl     %ebp
0x000d81d2:  c3                       retl     

----------------
IN: 
0x000d8bc6:  59                       popl     %ecx
0x000d8bc7:  85 c0                    testl    %eax, %eax
0x000d8bc9:  75 2d                    jne      0xd8bf8

----------------
IN: 
0x000d8bf8:  89 c5                    movl     %eax, %ebp
0x000d8bfa:  b9 0b 00 00 00           movl     $0xb, %ecx
0x000d8bff:  89 c7                    movl     %eax, %edi
0x000d8c01:  89 de                    movl     %ebx, %esi
0x000d8c03:  f3 a5                    rep movsl (%esi), %es:(%edi)

----------------
IN: 
0x000d8c05:  8b 13                    movl     (%ebx), %edx
0x000d8c07:  89 10                    movl     %edx, (%eax)
0x000d8c09:  85 d2                    testl    %edx, %edx
0x000d8c0b:  74 03                    je       0xd8c10

----------------
IN: 
0x000d8c0d:  89 42 04                 movl     %eax, 4(%edx)
0x000d8c10:  8b 53 04                 movl     4(%ebx), %edx
0x000d8c13:  89 50 04                 movl     %edx, 4(%eax)
0x000d8c16:  89 02                    movl     %eax, (%edx)
0x000d8c18:  8d 48 14                 leal     0x14(%eax), %ecx
0x000d8c1b:  8b 53 14                 movl     0x14(%ebx), %edx
0x000d8c1e:  89 50 14                 movl     %edx, 0x14(%eax)
0x000d8c21:  85 d2                    testl    %edx, %edx
0x000d8c23:  74 03                    je       0xd8c28

----------------
IN: 
0x000d8c28:  8b 53 18                 movl     0x18(%ebx), %edx
0x000d8c2b:  89 50 18                 movl     %edx, 0x18(%eax)
0x000d8c2e:  89 0a                    movl     %ecx, (%edx)
0x000d8c30:  89 e8                    movl     %ebp, %eax
0x000d8c32:  5b                       popl     %ebx
0x000d8c33:  5e                       popl     %esi
0x000d8c34:  5f                       popl     %edi
0x000d8c35:  5d                       popl     %ebp
0x000d8c36:  c3                       retl     

----------------
IN: 
0x000d8dd1:  85 c0                    testl    %eax, %eax
0x000d8dd3:  75 18                    jne      0xd8ded

----------------
IN: 
0x000d8ded:  83 c4 2c                 addl     $0x2c, %esp
0x000d8df0:  5b                       popl     %ebx
0x000d8df1:  c3                       retl     

----------------
IN: 
0x000e9035:  b9 00 00 09 00           movl     $0x90000, %ecx
0x000e903a:  ba 00 70 00 00           movl     $0x7000, %edx
0x000e903f:  b8 5c a1 0e 00           movl     $0xea15c, %eax
0x000e9044:  e8 54 fd fe ff           calll    0xd8d9d

----------------
IN: 
0x000d81c6:  8b 00                    movl     (%eax), %eax
0x000d81c8:  eb c9                    jmp      0xd8193

----------------
IN: 
0x000d8193:  85 c0                    testl    %eax, %eax
0x000d8195:  74 33                    je       0xd81ca

----------------
IN: 
0x000e9049:  85 db                    testl    %ebx, %ebx
0x000e904b:  74 21                    je       0xe906e

----------------
IN: 
0x000e904d:  8d 0c 33                 leal     (%ebx, %esi), %ecx
0x000e9050:  89 da                    movl     %ebx, %edx
0x000e9052:  b8 64 a1 0e 00           movl     $0xea164, %eax
0x000e9057:  e8 41 fd fe ff           calll    0xd8d9d

----------------
IN: 
0x000e905c:  89 d8                    movl     %ebx, %eax
0x000e905e:  31 d2                    xorl     %edx, %edx
0x000e9060:  6a 02                    pushl    $2
0x000e9062:  31 ff                    xorl     %edi, %edi
0x000e9064:  57                       pushl    %edi
0x000e9065:  56                       pushl    %esi
0x000e9066:  e8 0c fb fe ff           calll    0xd8b77

----------------
IN: 
0x000e906b:  83 c4 0c                 addl     $0xc, %esp
0x000e906e:  bd 40 a2 0e 00           movl     $0xea240, %ebp
0x000e9073:  81 ed 60 63 0d 00        subl     $0xd6360, %ebp
0x000e9079:  89 ea                    movl     %ebp, %edx
0x000e907b:  b8 20 00 00 00           movl     $0x20, %eax
0x000e9080:  e8 d2 6b ff ff           calll    0xdfc57

----------------
IN: 
0x000dfc57:  56                       pushl    %esi
0x000dfc58:  53                       pushl    %ebx
0x000dfc59:  89 c6                    movl     %eax, %esi
0x000dfc5b:  89 d3                    movl     %edx, %ebx
0x000dfc5d:  89 c1                    movl     %eax, %ecx
0x000dfc5f:  b8 58 a1 0e 00           movl     $0xea158, %eax
0x000dfc64:  e8 ce 8f ff ff           calll    0xd8c37

----------------
IN: 
0x000d8c37:  56                       pushl    %esi
0x000d8c38:  53                       pushl    %ebx
0x000d8c39:  83 ec 2c                 subl     $0x2c, %esp
0x000d8c3c:  85 d2                    testl    %edx, %edx
0x000d8c3e:  74 2d                    je       0xd8c6d

----------------
IN: 
0x000d8c40:  c7 44 24 28 ff ff ff ff  movl     $0xffffffff, 0x28(%esp)
0x000d8c48:  8d 74 24 14              leal     0x14(%esp), %esi
0x000d8c4c:  56                       pushl    %esi
0x000d8c4d:  8b 00                    movl     (%eax), %eax
0x000d8c4f:  e8 33 f5 ff ff           calll    0xd8187

----------------
IN: 
0x000d8c54:  89 c3                    movl     %eax, %ebx
0x000d8c56:  58                       popl     %eax
0x000d8c57:  85 db                    testl    %ebx, %ebx
0x000d8c59:  74 12                    je       0xd8c6d

----------------
IN: 
0x000d8c5b:  89 e0                    movl     %esp, %eax
0x000d8c5d:  e8 49 ff ff ff           calll    0xd8bab

----------------
IN: 
0x000d8c25:  89 4a 04                 movl     %ecx, 4(%edx)
0x000d8c28:  8b 53 18                 movl     0x18(%ebx), %edx
0x000d8c2b:  89 50 18                 movl     %edx, 0x18(%eax)
0x000d8c2e:  89 0a                    movl     %ecx, (%edx)
0x000d8c30:  89 e8                    movl     %ebp, %eax
0x000d8c32:  5b                       popl     %ebx
0x000d8c33:  5e                       popl     %esi
0x000d8c34:  5f                       popl     %edi
0x000d8c35:  5d                       popl     %ebp
0x000d8c36:  c3                       retl     

----------------
IN: 
0x000d8c62:  85 c0                    testl    %eax, %eax
0x000d8c64:  75 09                    jne      0xd8c6f

----------------
IN: 
0x000d8c6f:  89 d8                    movl     %ebx, %eax
0x000d8c71:  83 c4 2c                 addl     $0x2c, %esp
0x000d8c74:  5b                       popl     %ebx
0x000d8c75:  5e                       popl     %esi
0x000d8c76:  c3                       retl     

----------------
IN: 
0x000dfc69:  85 c0                    testl    %eax, %eax
0x000dfc6b:  75 10                    jne      0xdfc7d

----------------
IN: 
0x000dfc7d:  5b                       popl     %ebx
0x000dfc7e:  5e                       popl     %esi
0x000dfc7f:  c3                       retl     

----------------
IN: 
0x000e9085:  89 c3                    movl     %eax, %ebx
0x000e9087:  85 c0                    testl    %eax, %eax
0x000e9089:  75 0a                    jne      0xe9095

----------------
IN: 
0x000e9095:  55                       pushl    %ebp
0x000e9096:  50                       pushl    %eax
0x000e9097:  68 60 63 0d 00           pushl    $0xd6360
0x000e909c:  68 c3 41 0f 00           pushl    $0xf41c3
0x000e90a1:  e8 7c 3e 00 00           calll    0xecf22

----------------
IN: 
0x000ec793:  3c 70                    cmpb     $0x70, %al
0x000ec795:  74 56                    je       0xec7ed

----------------
IN: 
0x000ec7ed:  8b 3b                    movl     (%ebx), %edi
0x000ec7ef:  80 7e 01 50              cmpb     $0x50, 1(%esi)
0x000ec7f3:  75 57                    jne      0xec84c

----------------
IN: 
0x000ec84c:  ba 30 00 00 00           movl     $0x30, %edx
0x000ec851:  89 e8                    movl     %ebp, %eax
0x000ec853:  e8 43 da ff ff           calll    0xea29b

----------------
IN: 
0x000ec858:  ba 78 00 00 00           movl     $0x78, %edx
0x000ec85d:  89 e8                    movl     %ebp, %eax
0x000ec85f:  e8 37 da ff ff           calll    0xea29b

----------------
IN: 
0x000ec864:  6a 00                    pushl    $0
0x000ec866:  b9 08 00 00 00           movl     $8, %ecx
0x000ec86b:  89 fa                    movl     %edi, %edx
0x000ec86d:  89 e8                    movl     %ebp, %eax
0x000ec86f:  e8 9e da ff ff           calll    0xea312

----------------
IN: 
0x000ec874:  5f                       popl     %edi
0x000ec875:  eb 61                    jmp      0xec8d8

----------------
IN: 
0x000ec8d8:  83 c3 04                 addl     $4, %ebx
0x000ec8db:  eb 4e                    jmp      0xec92b

----------------
IN: 
0x000e90a6:  be 60 63 0d 00           movl     $0xd6360, %esi
0x000e90ab:  89 df                    movl     %ebx, %edi
0x000e90ad:  89 e9                    movl     %ebp, %ecx
0x000e90af:  f3 a4                    rep movsb (%esi), %es:(%edi)

----------------
IN: 
0x000e90af:  f3 a4                    rep movsb (%esi), %es:(%edi)

----------------
IN: 
0x000e90b1:  89 d8                    movl     %ebx, %eax
0x000e90b3:  2d 60 63 0d 00           subl     $0xd6360, %eax
0x000e90b8:  83 c4 10                 addl     $0x10, %esp
0x000e90bb:  ba 00 42 0d 00           movl     $0xd4200, %edx
0x000e90c0:  81 fa 40 4b 0d 00        cmpl     $0xd4b40, %edx
0x000e90c6:  73 0b                    jae      0xe90d3

----------------
IN: 
0x000e90c8:  8b 0a                    movl     (%edx), %ecx
0x000e90ca:  01 d9                    addl     %ebx, %ecx
0x000e90cc:  01 01                    addl     %eax, (%ecx)
0x000e90ce:  83 c2 04                 addl     $4, %edx
0x000e90d1:  eb ed                    jmp      0xe90c0

----------------
IN: 
0x000e90c0:  81 fa 40 4b 0d 00        cmpl     $0xd4b40, %edx
0x000e90c6:  73 0b                    jae      0xe90d3

----------------
IN: 
0x000e90d3:  b9 60 63 0d 00           movl     $0xd6360, %ecx
0x000e90d8:  29 d9                    subl     %ebx, %ecx
0x000e90da:  ba 40 4b 0d 00           movl     $0xd4b40, %edx
0x000e90df:  81 fa 94 5a 0d 00        cmpl     $0xd5a94, %edx
0x000e90e5:  73 0b                    jae      0xe90f2

----------------
IN: 
0x000e90e7:  8b 32                    movl     (%edx), %esi
0x000e90e9:  01 de                    addl     %ebx, %esi
0x000e90eb:  01 0e                    addl     %ecx, (%esi)
0x000e90ed:  83 c2 04                 addl     $4, %edx
0x000e90f0:  eb ed                    jmp      0xe90df

----------------
IN: 
0x000e90df:  81 fa 94 5a 0d 00        cmpl     $0xd5a94, %edx
0x000e90e5:  73 0b                    jae      0xe90f2

----------------
IN: 
0x000e90f2:  ba 94 5a 0d 00           movl     $0xd5a94, %edx
0x000e90f7:  81 fa a0 5a 0d 00        cmpl     $0xd5aa0, %edx
0x000e90fd:  73 0d                    jae      0xe910c

----------------
IN: 
0x000e90ff:  8b 0a                    movl     (%edx), %ecx
0x000e9101:  01 81 00 42 0d 00        addl     %eax, 0xd4200(%ecx)
0x000e9107:  83 c2 04                 addl     $4, %edx
0x000e910a:  eb eb                    jmp      0xe90f7

----------------
IN: 
0x000e90f7:  81 fa a0 5a 0d 00        cmpl     $0xd5aa0, %edx
0x000e90fd:  73 0d                    jae      0xe910c

----------------
IN: 
0x000e910c:  b9 df 5d 0e 00           movl     $0xe5ddf, %ecx
0x000e9111:  81 f9 40 a2 0e 00        cmpl     $0xea240, %ecx
0x000e9117:  73 0b                    jae      0xe9124

----------------
IN: 
0x000e9119:  8d 14 08                 leal     (%eax, %ecx), %edx
0x000e911c:  81 f9 60 63 0d 00        cmpl     $0xd6360, %ecx
0x000e9122:  73 05                    jae      0xe9129

----------------
IN: 
0x000e9129:  31 c0                    xorl     %eax, %eax
0x000e912b:  ff d2                    calll    *%edx

----------------
IN: 
0x06ffbaff:  55                       pushl    %ebp
0x06ffbb00:  57                       pushl    %edi
0x06ffbb01:  56                       pushl    %esi
0x06ffbb02:  53                       pushl    %ebx
0x06ffbb03:  81 ec 2c 01 00 00        subl     $0x12c, %esp
0x06ffbb09:  e8 dd 78 ff ff           calll    0x6ff33eb

----------------
IN: 
0x06ff33eb:  57                       pushl    %edi
0x06ff33ec:  56                       pushl    %esi
0x06ff33ed:  53                       pushl    %ebx
0x06ff33ee:  81 ec 94 00 00 00        subl     $0x94, %esp
0x06ff33f4:  31 c0                    xorl     %eax, %eax
0x06ff33f6:  8b 0c 85 64 fe ff 06     movl     0x6fffe64(, %eax, 4), %ecx
0x06ff33fd:  8b 11                    movl     (%ecx), %edx
0x06ff33ff:  85 d2                    testl    %edx, %edx
0x06ff3401:  74 03                    je       0x6ff3406

----------------
IN: 
0x06ff3403:  89 4a 04                 movl     %ecx, 4(%edx)
0x06ff3406:  40                       incl     %eax
0x06ff3407:  83 f8 05                 cmpl     $5, %eax
0x06ff340a:  75 ea                    jne      0x6ff33f6

----------------
IN: 
0x06ff33f6:  8b 0c 85 64 fe ff 06     movl     0x6fffe64(, %eax, 4), %ecx
0x06ff33fd:  8b 11                    movl     (%ecx), %edx
0x06ff33ff:  85 d2                    testl    %edx, %edx
0x06ff3401:  74 03                    je       0x6ff3406

----------------
IN: 
0x06ff3406:  40                       incl     %eax
0x06ff3407:  83 f8 05                 cmpl     $5, %eax
0x06ff340a:  75 ea                    jne      0x6ff33f6

----------------
IN: 
0x06ff340c:  b9 60 63 0d 00           movl     $0xd6360, %ecx
0x06ff3411:  81 e9 a0 5a 0d 00        subl     $0xd5aa0, %ecx
0x06ff3417:  ba a0 5a 0d 00           movl     $0xd5aa0, %edx
0x06ff341c:  b8 80 99 0e 00           movl     $0xe9980, %eax
0x06ff3421:  e8 c4 a9 ff ff           calll    0x6feddea

----------------
IN: 
0x06feddea:  57                       pushl    %edi
0x06feddeb:  56                       pushl    %esi
0x06feddec:  89 d6                    movl     %edx, %esi
0x06feddee:  39 c2                    cmpl     %eax, %edx
0x06feddf0:  72 06                    jb       0x6feddf8

----------------
IN: 
0x06feddf8:  85 c9                    testl    %ecx, %ecx
0x06feddfa:  74 09                    je       0x6fede05

----------------
IN: 
0x06feddfc:  49                       decl     %ecx
0x06feddfd:  8a 14 0e                 movb     (%esi, %ecx), %dl
0x06fede00:  88 14 08                 movb     %dl, (%eax, %ecx)
0x06fede03:  eb f3                    jmp      0x6feddf8

----------------
IN: 
0x06fede05:  5e                       popl     %esi
0x06fede06:  5f                       popl     %edi
0x06fede07:  c3                       retl     

----------------
IN: 
0x06ff3426:  89 c1                    movl     %eax, %ecx
0x06ff3428:  ba 10 a8 0d 00           movl     $0xda810, %edx
0x06ff342d:  b8 88 fe ff 06           movl     $0x6fffe88, %eax
0x06ff3432:  e8 86 b6 ff ff           calll    0x6feeabd

----------------
IN: 
0x06feeabd:  53                       pushl    %ebx
0x06feeabe:  83 ec 2c                 subl     $0x2c, %esp
0x06feeac1:  89 d3                    movl     %edx, %ebx
0x06feeac3:  89 c2                    movl     %eax, %edx
0x06feeac5:  8b 00                    movl     (%eax), %eax
0x06feeac7:  85 c0                    testl    %eax, %eax
0x06feeac9:  75 35                    jne      0x6feeb00

----------------
IN: 
0x06feeacb:  c7 44 24 28 ff ff ff ff  movl     $0xffffffff, 0x28(%esp)
0x06feead3:  89 5c 24 1c              movl     %ebx, 0x1c(%esp)
0x06feead7:  89 4c 24 20              movl     %ecx, 0x20(%esp)
0x06feeadb:  31 c0                    xorl     %eax, %eax
0x06feeadd:  89 44 24 24              movl     %eax, 0x24(%esp)
0x06feeae1:  8d 44 24 14              leal     0x14(%esp), %eax
0x06feeae5:  e8 a7 d5 ff ff           calll    0x6fec091

----------------
IN: 
0x06fec091:  8b 0a                    movl     (%edx), %ecx
0x06fec093:  89 50 04                 movl     %edx, 4(%eax)
0x06fec096:  89 08                    movl     %ecx, (%eax)
0x06fec098:  85 c9                    testl    %ecx, %ecx
0x06fec09a:  74 03                    je       0x6fec09f

----------------
IN: 
0x06fec09f:  89 02                    movl     %eax, (%edx)
0x06fec0a1:  c3                       retl     

----------------
IN: 
0x06feeaea:  89 e0                    movl     %esp, %eax
0x06feeaec:  e8 da fd ff ff           calll    0x6fee8cb

----------------
IN: 
0x06fee8cb:  55                       pushl    %ebp
0x06fee8cc:  57                       pushl    %edi
0x06fee8cd:  56                       pushl    %esi
0x06fee8ce:  53                       pushl    %ebx
0x06fee8cf:  89 c3                    movl     %eax, %ebx
0x06fee8d1:  50                       pushl    %eax
0x06fee8d2:  b9 10 00 00 00           movl     $0x10, %ecx
0x06fee8d7:  ba 2c 00 00 00           movl     $0x2c, %edx
0x06fee8dc:  a1 78 fe ff 06           movl     0x6fffe78, %eax
0x06fee8e1:  e8 c1 f5 ff ff           calll    0x6fedea7

----------------
IN: 
0x06fedea7:  55                       pushl    %ebp
0x06fedea8:  57                       pushl    %edi
0x06fedea9:  56                       pushl    %esi
0x06fedeaa:  53                       pushl    %ebx
0x06fedeab:  89 ce                    movl     %ecx, %esi
0x06fedead:  8b 4c 24 14              movl     0x14(%esp), %ecx
0x06fedeb1:  f7 de                    negl     %esi
0x06fedeb3:  85 c0                    testl    %eax, %eax
0x06fedeb5:  74 33                    je       0x6fedeea

----------------
IN: 
0x06fedeb7:  8b 78 0c                 movl     0xc(%eax), %edi
0x06fedeba:  89 fb                    movl     %edi, %ebx
0x06fedebc:  29 d3                    subl     %edx, %ebx
0x06fedebe:  21 f3                    andl     %esi, %ebx
0x06fedec0:  8b 68 10                 movl     0x10(%eax), %ebp
0x06fedec3:  03 68 08                 addl     8(%eax), %ebp
0x06fedec6:  39 eb                    cmpl     %ebp, %ebx
0x06fedec8:  72 1c                    jb       0x6fedee6

----------------
IN: 
0x06fedee6:  8b 00                    movl     (%eax), %eax
0x06fedee8:  eb c9                    jmp      0x6fedeb3

----------------
IN: 
0x06fedeb3:  85 c0                    testl    %eax, %eax
0x06fedeb5:  74 33                    je       0x6fedeea

----------------
IN: 
0x06fedeca:  39 df                    cmpl     %ebx, %edi
0x06fedecc:  72 18                    jb       0x6fedee6

----------------
IN: 
0x06fedece:  89 59 08                 movl     %ebx, 8(%ecx)
0x06feded1:  89 79 0c                 movl     %edi, 0xc(%ecx)
0x06feded4:  89 51 10                 movl     %edx, 0x10(%ecx)
0x06feded7:  89 58 0c                 movl     %ebx, 0xc(%eax)
0x06fededa:  8b 50 04                 movl     4(%eax), %edx
0x06fededd:  89 c8                    movl     %ecx, %eax
0x06fededf:  e8 ad e1 ff ff           calll    0x6fec091

----------------
IN: 
0x06fec09c:  89 41 04                 movl     %eax, 4(%ecx)
0x06fec09f:  89 02                    movl     %eax, (%edx)
0x06fec0a1:  c3                       retl     

----------------
IN: 
0x06fedee4:  eb 06                    jmp      0x6fedeec

----------------
IN: 
0x06fedeec:  89 d8                    movl     %ebx, %eax
0x06fedeee:  5b                       popl     %ebx
0x06fedeef:  5e                       popl     %esi
0x06fedef0:  5f                       popl     %edi
0x06fedef1:  5d                       popl     %ebp
0x06fedef2:  c3                       retl     

----------------
IN: 
0x06fee8e6:  59                       popl     %ecx
0x06fee8e7:  85 c0                    testl    %eax, %eax
0x06fee8e9:  75 2d                    jne      0x6fee918

----------------
IN: 
0x06fee918:  89 c5                    movl     %eax, %ebp
0x06fee91a:  b9 0b 00 00 00           movl     $0xb, %ecx
0x06fee91f:  89 c7                    movl     %eax, %edi
0x06fee921:  89 de                    movl     %ebx, %esi
0x06fee923:  f3 a5                    rep movsl (%esi), %es:(%edi)

----------------
IN: 
0x06fee925:  8b 13                    movl     (%ebx), %edx
0x06fee927:  89 10                    movl     %edx, (%eax)
0x06fee929:  85 d2                    testl    %edx, %edx
0x06fee92b:  74 03                    je       0x6fee930

----------------
IN: 
0x06fee92d:  89 42 04                 movl     %eax, 4(%edx)
0x06fee930:  8b 53 04                 movl     4(%ebx), %edx
0x06fee933:  89 50 04                 movl     %edx, 4(%eax)
0x06fee936:  89 02                    movl     %eax, (%edx)
0x06fee938:  8d 48 14                 leal     0x14(%eax), %ecx
0x06fee93b:  8b 53 14                 movl     0x14(%ebx), %edx
0x06fee93e:  89 50 14                 movl     %edx, 0x14(%eax)
0x06fee941:  85 d2                    testl    %edx, %edx
0x06fee943:  74 03                    je       0x6fee948

----------------
IN: 
0x06fee948:  8b 53 18                 movl     0x18(%ebx), %edx
0x06fee94b:  89 50 18                 movl     %edx, 0x18(%eax)
0x06fee94e:  89 0a                    movl     %ecx, (%edx)
0x06fee950:  89 e8                    movl     %ebp, %eax
0x06fee952:  5b                       popl     %ebx
0x06fee953:  5e                       popl     %esi
0x06fee954:  5f                       popl     %edi
0x06fee955:  5d                       popl     %ebp
0x06fee956:  c3                       retl     

----------------
IN: 
0x06feeaf1:  85 c0                    testl    %eax, %eax
0x06feeaf3:  75 18                    jne      0x6feeb0d

----------------
IN: 
0x06feeb0d:  83 c4 2c                 addl     $0x2c, %esp
0x06feeb10:  5b                       popl     %ebx
0x06feeb11:  c3                       retl     

----------------
IN: 
0x06ff3437:  a1 88 fe ff 06           movl     0x6fffe88, %eax
0x06ff343c:  31 d2                    xorl     %edx, %edx
0x06ff343e:  85 c0                    testl    %eax, %eax
0x06ff3440:  74 06                    je       0x6ff3448

----------------
IN: 
0x06ff3442:  89 c2                    movl     %eax, %edx
0x06ff3444:  8b 00                    movl     (%eax), %eax
0x06ff3446:  eb f6                    jmp      0x6ff343e

----------------
IN: 
0x06ff343e:  85 c0                    testl    %eax, %eax
0x06ff3440:  74 06                    je       0x6ff3448

----------------
IN: 
0x06ff3448:  89 15 f4 4d 0f 00        movl     %edx, 0xf4df4
0x06ff344e:  b9 20 56 0f 00           movl     $0xf5620, %ecx
0x06ff3453:  81 e9 20 4e 0f 00        subl     $0xf4e20, %ecx
0x06ff3459:  31 d2                    xorl     %edx, %edx
0x06ff345b:  b8 20 4e 0f 00           movl     $0xf4e20, %eax
0x06ff3460:  e8 c1 82 0f f9           calll    0xeb726

----------------
IN: 
0x000eb726:  85 c9                    testl    %ecx, %ecx
0x000eb728:  74 06                    je       0xeb730

----------------
IN: 
0x000eb72a:  49                       decl     %ecx
0x000eb72b:  88 14 08                 movb     %dl, (%eax, %ecx)
0x000eb72e:  eb f6                    jmp      0xeb726

----------------
IN: 
0x000eb730:  c3                       retl     

----------------
IN: 
0x06ff3465:  b9 20 56 0f 00           movl     $0xf5620, %ecx
0x06ff346a:  89 c2                    movl     %eax, %edx
0x06ff346c:  b8 80 fe ff 06           movl     $0x6fffe80, %eax
0x06ff3471:  e8 47 b6 ff ff           calll    0x6feeabd

----------------
IN: 
0x06ff3476:  e8 0d 90 ff ff           calll    0x6fec488

----------------
IN: 
0x06fec488:  56                       pushl    %esi
0x06fec489:  53                       pushl    %ebx
0x06fec48a:  8b 0d 44 56 0f 00        movl     0xf5644, %ecx
0x06fec490:  8d 59 ff                 leal     -1(%ecx), %ebx
0x06fec493:  6b c9 14                 imull    $0x14, %ecx, %ecx
0x06fec496:  81 c1 60 56 0f 00        addl     $0xf5660, %ecx
0x06fec49c:  85 db                    testl    %ebx, %ebx
0x06fec49e:  78 20                    js       0x6fec4c0

----------------
IN: 
0x06fec4a0:  8b 41 f4                 movl     -0xc(%ecx), %eax
0x06fec4a3:  8b 51 f8                 movl     -8(%ecx), %edx
0x06fec4a6:  03 41 ec                 addl     -0x14(%ecx), %eax
0x06fec4a9:  13 51 f0                 adcl     -0x10(%ecx), %edx
0x06fec4ac:  83 fa 00                 cmpl     $0, %edx
0x06fec4af:  77 09                    ja       0x6fec4ba

----------------
IN: 
0x06fec4ba:  4b                       decl     %ebx
0x06fec4bb:  83 e9 14                 subl     $0x14, %ecx
0x06fec4be:  eb dc                    jmp      0x6fec49c

----------------
IN: 
0x06fec49c:  85 db                    testl    %ebx, %ebx
0x06fec49e:  78 20                    js       0x6fec4c0

----------------
IN: 
0x06fec4b1:  8b 71 fc                 movl     -4(%ecx), %esi
0x06fec4b4:  83 e6 fd                 andl     $0xfffffffd, %esi
0x06fec4b7:  4e                       decl     %esi
0x06fec4b8:  74 08                    je       0x6fec4c2

----------------
IN: 
0x06fec4c2:  3d 00 00 10 00           cmpl     $0x100000, %eax
0x06fec4c7:  73 05                    jae      0x6fec4ce

----------------
IN: 
0x06fec4ce:  a3 40 56 0f 00           movl     %eax, 0xf5640
0x06fec4d3:  5b                       popl     %ebx
0x06fec4d4:  5e                       popl     %esi
0x06fec4d5:  c3                       retl     

----------------
IN: 
0x06ff347b:  e8 54 eb ff ff           calll    0x6ff1fd4

----------------
IN: 
0x06ff1fd4:  56                       pushl    %esi
0x06ff1fd5:  53                       pushl    %ebx
0x06ff1fd6:  56                       pushl    %esi
0x06ff1fd7:  8b 1d 04 4d 0f 00        movl     0xf4d04, %ebx
0x06ff1fdd:  85 db                    testl    %ebx, %ebx
0x06ff1fdf:  75 68                    jne      0x6ff2049

----------------
IN: 
0x06ff2049:  bb 01 00 00 00           movl     $1, %ebx
0x06ff204e:  89 d8                    movl     %ebx, %eax
0x06ff2050:  5a                       popl     %edx
0x06ff2051:  5b                       popl     %ebx
0x06ff2052:  5e                       popl     %esi
0x06ff2053:  c3                       retl     

----------------
IN: 
0x06ff3480:  85 c0                    testl    %eax, %eax
0x06ff3482:  75 0c                    jne      0x6ff3490

----------------
IN: 
0x06ff3490:  6a 02                    pushl    $2
0x06ff3492:  31 c9                    xorl     %ecx, %ecx
0x06ff3494:  ba 0e 00 00 00           movl     $0xe, %edx
0x06ff3499:  b8 6b 1f 0f 00           movl     $0xf1f6b, %eax
0x06ff349e:  e8 0a b8 ff ff           calll    0x6feecad

----------------
IN: 
0x06feecad:  55                       pushl    %ebp
0x06feecae:  57                       pushl    %edi
0x06feecaf:  56                       pushl    %esi
0x06feecb0:  53                       pushl    %ebx
0x06feecb1:  53                       pushl    %ebx
0x06feecb2:  89 04 24                 movl     %eax, (%esp)
0x06feecb5:  89 d7                    movl     %edx, %edi
0x06feecb7:  89 ce                    movl     %ecx, %esi
0x06feecb9:  8b 6c 24 18              movl     0x18(%esp), %ebp
0x06feecbd:  b8 94 00 00 00           movl     $0x94, %eax
0x06feecc2:  e8 7b fd ff ff           calll    0x6feea42

----------------
IN: 
0x06feea42:  53                       pushl    %ebx
0x06feea43:  89 c3                    movl     %eax, %ebx
0x06feea45:  e8 e7 ff ff ff           calll    0x6feea31

----------------
IN: 
0x06feea31:  b9 10 00 00 00           movl     $0x10, %ecx
0x06feea36:  89 c2                    movl     %eax, %edx
0x06feea38:  b8 78 fe ff 06           movl     $0x6fffe78, %eax
0x06feea3d:  e9 15 ff ff ff           jmp      0x6fee957

----------------
IN: 
0x06fee957:  56                       pushl    %esi
0x06fee958:  53                       pushl    %ebx
0x06fee959:  83 ec 2c                 subl     $0x2c, %esp
0x06fee95c:  85 d2                    testl    %edx, %edx
0x06fee95e:  74 2d                    je       0x6fee98d

----------------
IN: 
0x06fee960:  c7 44 24 28 ff ff ff ff  movl     $0xffffffff, 0x28(%esp)
0x06fee968:  8d 74 24 14              leal     0x14(%esp), %esi
0x06fee96c:  56                       pushl    %esi
0x06fee96d:  8b 00                    movl     (%eax), %eax
0x06fee96f:  e8 33 f5 ff ff           calll    0x6fedea7

----------------
IN: 
0x06fee974:  89 c3                    movl     %eax, %ebx
0x06fee976:  58                       popl     %eax
0x06fee977:  85 db                    testl    %ebx, %ebx
0x06fee979:  74 12                    je       0x6fee98d

----------------
IN: 
0x06fee97b:  89 e0                    movl     %esp, %eax
0x06fee97d:  e8 49 ff ff ff           calll    0x6fee8cb

----------------
IN: 
0x06fee945:  89 4a 04                 movl     %ecx, 4(%edx)
0x06fee948:  8b 53 18                 movl     0x18(%ebx), %edx
0x06fee94b:  89 50 18                 movl     %edx, 0x18(%eax)
0x06fee94e:  89 0a                    movl     %ecx, (%edx)
0x06fee950:  89 e8                    movl     %ebp, %eax
0x06fee952:  5b                       popl     %ebx
0x06fee953:  5e                       popl     %esi
0x06fee954:  5f                       popl     %edi
0x06fee955:  5d                       popl     %ebp
0x06fee956:  c3                       retl     

----------------
IN: 
0x06fee982:  85 c0                    testl    %eax, %eax
0x06fee984:  75 09                    jne      0x6fee98f

----------------
IN: 
0x06fee98f:  89 d8                    movl     %ebx, %eax
0x06fee991:  83 c4 2c                 addl     $0x2c, %esp
0x06fee994:  5b                       popl     %ebx
0x06fee995:  5e                       popl     %esi
0x06fee996:  c3                       retl     

----------------
IN: 
0x06feea4a:  85 c0                    testl    %eax, %eax
0x06feea4c:  75 12                    jne      0x6feea60

----------------
IN: 
0x06feea60:  5b                       popl     %ebx
0x06feea61:  c3                       retl     

----------------
IN: 
0x06feecc7:  85 c0                    testl    %eax, %eax
0x06feecc9:  75 14                    jne      0x6feecdf

----------------
IN: 
0x06feecdf:  89 c3                    movl     %eax, %ebx
0x06feece1:  b9 94 00 00 00           movl     $0x94, %ecx
0x06feece6:  31 d2                    xorl     %edx, %edx
0x06feece8:  e8 39 ca 0f f9           calll    0xeb726

----------------
IN: 
0x06feeced:  8d 40 04                 leal     4(%eax), %eax
0x06feecf0:  b9 80 00 00 00           movl     $0x80, %ecx
0x06feecf5:  8b 14 24                 movl     (%esp), %edx
0x06feecf8:  e8 b5 d3 ff ff           calll    0x6fec0b2

----------------
IN: 
0x06fec0b2:  57                       pushl    %edi
0x06fec0b3:  56                       pushl    %esi
0x06fec0b4:  53                       pushl    %ebx
0x06fec0b5:  89 c3                    movl     %eax, %ebx
0x06fec0b7:  8d 3c 0a                 leal     (%edx, %ecx), %edi
0x06fec0ba:  8d 4a 01                 leal     1(%edx), %ecx
0x06fec0bd:  39 f9                    cmpl     %edi, %ecx
0x06fec0bf:  74 13                    je       0x6fec0d4

----------------
IN: 
0x06fec0c1:  41                       incl     %ecx
0x06fec0c2:  0f b6 71 fe              movzbl   -2(%ecx), %esi
0x06fec0c6:  89 f2                    movl     %esi, %edx
0x06fec0c8:  84 d2                    testb    %dl, %dl
0x06fec0ca:  74 08                    je       0x6fec0d4

----------------
IN: 
0x06fec0cc:  40                       incl     %eax
0x06fec0cd:  89 f2                    movl     %esi, %edx
0x06fec0cf:  88 50 ff                 movb     %dl, -1(%eax)
0x06fec0d2:  eb e9                    jmp      0x6fec0bd

----------------
IN: 
0x06fec0bd:  39 f9                    cmpl     %edi, %ecx
0x06fec0bf:  74 13                    je       0x6fec0d4

----------------
IN: 
0x06fec0d4:  c6 00 00                 movb     $0, (%eax)
0x06fec0d7:  89 d8                    movl     %ebx, %eax
0x06fec0d9:  5b                       popl     %ebx
0x06fec0da:  5e                       popl     %esi
0x06fec0db:  5f                       popl     %edi
0x06fec0dc:  c3                       retl     

----------------
IN: 
0x06feecfd:  89 ab 84 00 00 00        movl     %ebp, 0x84(%ebx)
0x06feed03:  89 bb 8c 00 00 00        movl     %edi, 0x8c(%ebx)
0x06feed09:  89 b3 90 00 00 00        movl     %esi, 0x90(%ebx)
0x06feed0f:  c7 83 88 00 00 00 b7 e2  movl     $0x6fee2b7, 0x88(%ebx)
0x06feed17:  fe 06
0x06feed19:  a1 5c fe ff 06           movl     0x6fffe5c, %eax
0x06feed1e:  89 03                    movl     %eax, (%ebx)
0x06feed20:  89 1d 5c fe ff 06        movl     %ebx, 0x6fffe5c
0x06feed26:  58                       popl     %eax
0x06feed27:  5b                       popl     %ebx
0x06feed28:  5e                       popl     %esi
0x06feed29:  5f                       popl     %edi
0x06feed2a:  5d                       popl     %ebp
0x06feed2b:  c3                       retl     

----------------
IN: 
0x06ff34a3:  6a 01                    pushl    $1
0x06ff34a5:  31 c9                    xorl     %ecx, %ecx
0x06ff34a7:  ba 02 80 00 00           movl     $0x8002, %edx
0x06ff34ac:  b8 7e 1f 0f 00           movl     $0xf1f7e, %eax
0x06ff34b1:  e8 f7 b7 ff ff           calll    0x6feecad

----------------
IN: 
0x06ff34b6:  6a 02                    pushl    $2
0x06ff34b8:  31 c9                    xorl     %ecx, %ecx
0x06ff34ba:  ba 0f 00 00 00           movl     $0xf, %edx
0x06ff34bf:  b8 90 1f 0f 00           movl     $0xf1f90, %eax
0x06ff34c4:  e8 e4 b7 ff ff           calll    0x6feecad

----------------
IN: 
0x06ff34c9:  b9 08 00 00 00           movl     $8, %ecx
0x06ff34ce:  ba 0d 00 00 00           movl     $0xd, %edx
0x06ff34d3:  8d 44 24 18              leal     0x18(%esp), %eax
0x06ff34d7:  e8 f1 98 0f f9           calll    0xecdcd

----------------
IN: 
0x06ff34dc:  31 d2                    xorl     %edx, %edx
0x06ff34de:  31 c9                    xorl     %ecx, %ecx
0x06ff34e0:  b8 90 1f 0f 00           movl     $0xf1f90, %eax
0x06ff34e5:  e8 d1 ac ff ff           calll    0x6fee1bb

----------------
IN: 
0x06fee1bb:  55                       pushl    %ebp
0x06fee1bc:  89 e5                    movl     %esp, %ebp
0x06fee1be:  57                       pushl    %edi
0x06fee1bf:  56                       pushl    %esi
0x06fee1c0:  83 ec 08                 subl     $8, %esp
0x06fee1c3:  89 d6                    movl     %edx, %esi
0x06fee1c5:  89 cf                    movl     %ecx, %edi
0x06fee1c7:  e8 be ff ff ff           calll    0x6fee18a

----------------
IN: 
0x06fee18a:  57                       pushl    %edi
0x06fee18b:  56                       pushl    %esi
0x06fee18c:  53                       pushl    %ebx
0x06fee18d:  89 c7                    movl     %eax, %edi
0x06fee18f:  e8 6c c2 0f f9           calll    0xea400

----------------
IN: 
0x000ea400:  89 c2                    movl     %eax, %edx
0x000ea402:  80 38 00                 cmpb     $0, (%eax)
0x000ea405:  74 03                    je       0xea40a

----------------
IN: 
0x000ea407:  40                       incl     %eax
0x000ea408:  eb f8                    jmp      0xea402

----------------
IN: 
0x000ea402:  80 38 00                 cmpb     $0, (%eax)
0x000ea405:  74 03                    je       0xea40a

----------------
IN: 
0x000ea40a:  29 d0                    subl     %edx, %eax
0x000ea40c:  c3                       retl     

----------------
IN: 
0x06fee194:  8d 70 01                 leal     1(%eax), %esi
0x06fee197:  8b 1d 5c fe ff 06        movl     0x6fffe5c, %ebx
0x06fee19d:  85 db                    testl    %ebx, %ebx
0x06fee19f:  74 14                    je       0x6fee1b5

----------------
IN: 
0x06fee1a1:  8d 53 04                 leal     4(%ebx), %edx
0x06fee1a4:  89 f1                    movl     %esi, %ecx
0x06fee1a6:  89 f8                    movl     %edi, %eax
0x06fee1a8:  e8 60 c2 0f f9           calll    0xea40d

----------------
IN: 
0x06fee1ad:  85 c0                    testl    %eax, %eax
0x06fee1af:  74 04                    je       0x6fee1b5

----------------
IN: 
0x06fee1b5:  89 d8                    movl     %ebx, %eax
0x06fee1b7:  5b                       popl     %ebx
0x06fee1b8:  5e                       popl     %esi
0x06fee1b9:  5f                       popl     %edi
0x06fee1ba:  c3                       retl     

----------------
IN: 
0x06fee1cc:  85 c0                    testl    %eax, %eax
0x06fee1ce:  75 06                    jne      0x6fee1d6

----------------
IN: 
0x06fee1d6:  8b 90 84 00 00 00        movl     0x84(%eax), %edx
0x06fee1dc:  8d 4a ff                 leal     -1(%edx), %ecx
0x06fee1df:  83 f9 07                 cmpl     $7, %ecx
0x06fee1e2:  77 ec                    ja       0x6fee1d0

----------------
IN: 
0x06fee1e4:  85 d1                    testl    %edx, %ecx
0x06fee1e6:  75 e8                    jne      0x6fee1d0

----------------
IN: 
0x06fee1e8:  31 d2                    xorl     %edx, %edx
0x06fee1ea:  89 14 24                 movl     %edx, (%esp)
0x06fee1ed:  89 54 24 04              movl     %edx, 4(%esp)
0x06fee1f1:  89 e2                    movl     %esp, %edx
0x06fee1f3:  b9 08 00 00 00           movl     $8, %ecx
0x06fee1f8:  ff 90 88 00 00 00        calll    *0x88(%eax)

----------------
IN: 
0x06fee2b7:  56                       pushl    %esi
0x06fee2b8:  53                       pushl    %ebx
0x06fee2b9:  89 d6                    movl     %edx, %esi
0x06fee2bb:  8b 90 84 00 00 00        movl     0x84(%eax), %edx
0x06fee2c1:  39 d1                    cmpl     %edx, %ecx
0x06fee2c3:  72 42                    jb       0x6fee307

----------------
IN: 
0x06fee2c5:  89 c3                    movl     %eax, %ebx
0x06fee2c7:  8b 88 90 00 00 00        movl     0x90(%eax), %ecx
0x06fee2cd:  8b 80 8c 00 00 00        movl     0x8c(%eax), %eax
0x06fee2d3:  85 c9                    testl    %ecx, %ecx
0x06fee2d5:  75 0d                    jne      0x6fee2e4

----------------
IN: 
0x06fee2d7:  89 d1                    movl     %edx, %ecx
0x06fee2d9:  89 c2                    movl     %eax, %edx
0x06fee2db:  89 f0                    movl     %esi, %eax
0x06fee2dd:  e8 eb ea 0f f9           calll    0xecdcd

----------------
IN: 
0x06fee2e2:  eb 1b                    jmp      0x6fee2ff

----------------
IN: 
0x06fee2ff:  8b 83 84 00 00 00        movl     0x84(%ebx), %eax
0x06fee305:  eb 03                    jmp      0x6fee30a

----------------
IN: 
0x06fee30a:  5b                       popl     %ebx
0x06fee30b:  5e                       popl     %esi
0x06fee30c:  c3                       retl     

----------------
IN: 
0x06fee1fe:  85 c0                    testl    %eax, %eax
0x06fee200:  78 ce                    js       0x6fee1d0

----------------
IN: 
0x06fee202:  8b 04 24                 movl     (%esp), %eax
0x06fee205:  8b 54 24 04              movl     4(%esp), %edx
0x06fee209:  59                       popl     %ecx
0x06fee20a:  5e                       popl     %esi
0x06fee20b:  5e                       popl     %esi
0x06fee20c:  5f                       popl     %edi
0x06fee20d:  5d                       popl     %ebp
0x06fee20e:  c3                       retl     

----------------
IN: 
0x06ff34ea:  8d 1c c5 00 00 00 00     leal     (, %eax, 8), %ebx
0x06ff34f1:  53                       pushl    %ebx
0x06ff34f2:  b9 08 00 00 00           movl     $8, %ecx
0x06ff34f7:  ba 0d 00 00 00           movl     $0xd, %edx
0x06ff34fc:  b8 9d 1f 0f 00           movl     $0xf1f9d, %eax
0x06ff3501:  e8 a7 b7 ff ff           calll    0x6feecad

----------------
IN: 
0x06ff3506:  8d 4b 08                 leal     8(%ebx), %ecx
0x06ff3509:  8b 44 24 1c              movl     0x1c(%esp), %eax
0x06ff350d:  c1 e0 03                 shll     $3, %eax
0x06ff3510:  50                       pushl    %eax
0x06ff3511:  ba 0d 00 00 00           movl     $0xd, %edx
0x06ff3516:  b8 ae 1f 0f 00           movl     $0xf1fae, %eax
0x06ff351b:  e8 8d b7 ff ff           calll    0x6feecad

----------------
IN: 
0x06ff3520:  b9 02 00 00 00           movl     $2, %ecx
0x06ff3525:  ba 00 80 00 00           movl     $0x8000, %edx
0x06ff352a:  8d 44 24 16              leal     0x16(%esp), %eax
0x06ff352e:  e8 9a 98 0f f9           calll    0xecdcd

----------------
IN: 
0x06ff3533:  83 c4 14                 addl     $0x14, %esp
0x06ff3536:  bb 02 00 00 00           movl     $2, %ebx
0x06ff353b:  31 f6                    xorl     %esi, %esi
0x06ff353d:  0f b7 44 24 02           movzwl   2(%esp), %eax
0x06ff3542:  39 c6                    cmpl     %eax, %esi
0x06ff3544:  7d 51                    jge      0x6ff3597

----------------
IN: 
0x06ff3597:  b9 02 00 00 00           movl     $2, %ecx
0x06ff359c:  ba 01 80 00 00           movl     $0x8001, %edx
0x06ff35a1:  8d 44 24 02              leal     2(%esp), %eax
0x06ff35a5:  e8 23 98 0f f9           calll    0xecdcd

----------------
IN: 
0x06ff35aa:  be 02 00 00 00           movl     $2, %esi
0x06ff35af:  31 db                    xorl     %ebx, %ebx
0x06ff35b1:  0f b7 44 24 02           movzwl   2(%esp), %eax
0x06ff35b6:  39 c3                    cmpl     %eax, %ebx
0x06ff35b8:  0f 8d 8d 00 00 00        jge      0x6ff364b

----------------
IN: 
0x06ff364b:  b9 04 00 00 00           movl     $4, %ecx
0x06ff3650:  ba 19 00 00 00           movl     $0x19, %edx
0x06ff3655:  8d 44 24 04              leal     4(%esp), %eax
0x06ff3659:  e8 6f 97 0f f9           calll    0xecdcd

----------------
IN: 
0x06ff365e:  8b 44 24 04              movl     4(%esp), %eax
0x06ff3662:  e8 8e 79 0f f9           calll    0xeaff5

----------------
IN: 
0x06ff3667:  89 44 24 04              movl     %eax, 4(%esp)
0x06ff366b:  31 db                    xorl     %ebx, %ebx
0x06ff366d:  3b 5c 24 04              cmpl     4(%esp), %ebx
0x06ff3671:  73 32                    jae      0x6ff36a5

----------------
IN: 
0x06ff3673:  ba 40 00 00 00           movl     $0x40, %edx
0x06ff3678:  8d 44 24 14              leal     0x14(%esp), %eax
0x06ff367c:  e8 26 97 0f f9           calll    0xecda7

----------------
IN: 
0x06ff3681:  8b 44 24 14              movl     0x14(%esp), %eax
0x06ff3685:  e8 6b 79 0f f9           calll    0xeaff5

----------------
IN: 
0x06ff368a:  89 c1                    movl     %eax, %ecx
0x06ff368c:  8b 54 24 18              movl     0x18(%esp), %edx
0x06ff3690:  86 f2                    xchgb    %dh, %dl
0x06ff3692:  0f b7 d2                 movzwl   %dx, %edx
0x06ff3695:  8d 44 24 1c              leal     0x1c(%esp), %eax
0x06ff3699:  51                       pushl    %ecx
0x06ff369a:  31 c9                    xorl     %ecx, %ecx
0x06ff369c:  e8 0c b6 ff ff           calll    0x6feecad

----------------
IN: 
0x06ff36a1:  43                       incl     %ebx
0x06ff36a2:  5e                       popl     %esi
0x06ff36a3:  eb c8                    jmp      0x6ff366d

----------------
IN: 
0x06ff366d:  3b 5c 24 04              cmpl     4(%esp), %ebx
0x06ff3671:  73 32                    jae      0x6ff36a5

----------------
IN: 
0x06ff36a5:  b8 dc 1f 0f 00           movl     $0xf1fdc, %eax
0x06ff36aa:  e8 db aa ff ff           calll    0x6fee18a

----------------
IN: 
0x06fee1b1:  8b 1b                    movl     (%ebx), %ebx
0x06fee1b3:  eb e8                    jmp      0x6fee19d

----------------
IN: 
0x06fee19d:  85 db                    testl    %ebx, %ebx
0x06fee19f:  74 14                    je       0x6fee1b5

----------------
IN: 
0x06ff36af:  85 c0                    testl    %eax, %eax
0x06ff36b1:  0f 85 c7 00 00 00        jne      0x6ff377e

----------------
IN: 
0x06ff377e:  b8 06 20 0f 00           movl     $0xf2006, %eax
0x06ff3783:  e8 02 aa ff ff           calll    0x6fee18a

----------------
IN: 
0x06ff3788:  85 c0                    testl    %eax, %eax
0x06ff378a:  74 1a                    je       0x6ff37a6

----------------
IN: 
0x06ff378c:  66 c7 05 3c 4a 0f 00 00  movw     $0x600, 0xf4a3c
0x06ff3794:  06
0x06ff3795:  68 00 06 00 00           pushl    $0x600
0x06ff379a:  68 17 20 0f 00           pushl    $0xf2017
0x06ff379f:  e8 7e 97 0f f9           calll    0xecf22

----------------
IN: 
0x06ff37a4:  59                       popl     %ecx
0x06ff37a5:  5b                       popl     %ebx
0x06ff37a6:  66 c7 44 24 14 00 00     movw     $0, 0x14(%esp)
0x06ff37ad:  b9 02 00 00 00           movl     $2, %ecx
0x06ff37b2:  ba 04 00 00 00           movl     $4, %edx
0x06ff37b7:  8d 44 24 14              leal     0x14(%esp), %eax
0x06ff37bb:  e8 0d 96 0f f9           calll    0xecdcd

----------------
IN: 
0x06ff37c0:  66 83 7c 24 14 00        cmpw     $0, 0x14(%esp)
0x06ff37c6:  0f 84 b8 fc ff ff        je       0x6ff3484

----------------
IN: 
0x06ff37cc:  b8 2f 20 0f 00           movl     $0xf202f, %eax
0x06ff37d1:  e8 b4 a9 ff ff           calll    0x6fee18a

----------------
IN: 
0x06ff37d6:  85 c0                    testl    %eax, %eax
0x06ff37d8:  0f 85 a6 fc ff ff        jne      0x6ff3484

----------------
IN: 
0x06ff37de:  b8 3f 20 0f 00           movl     $0xf203f, %eax
0x06ff37e3:  e8 a2 a9 ff ff           calll    0x6fee18a

----------------
IN: 
0x06ff37e8:  85 c0                    testl    %eax, %eax
0x06ff37ea:  0f 85 94 fc ff ff        jne      0x6ff3484

----------------
IN: 
0x06ff37f0:  b8 04 00 00 00           movl     $4, %eax
0x06ff37f5:  e8 48 b2 ff ff           calll    0x6feea42

----------------
IN: 
0x06ff37fa:  89 c6                    movl     %eax, %esi
0x06ff37fc:  85 c0                    testl    %eax, %eax
0x06ff37fe:  75 0c                    jne      0x6ff380c

----------------
IN: 
0x06ff380c:  c7 00 f8 03 00 00        movl     $0x3f8, (%eax)
0x06ff3812:  b8 90 00 00 00           movl     $0x90, %eax
0x06ff3817:  e8 26 b2 ff ff           calll    0x6feea42

----------------
IN: 
0x06ff381c:  89 c3                    movl     %eax, %ebx
0x06ff381e:  85 c0                    testl    %eax, %eax
0x06ff3820:  75 14                    jne      0x6ff3836

----------------
IN: 
0x06ff3836:  b9 90 00 00 00           movl     $0x90, %ecx
0x06ff383b:  31 d2                    xorl     %edx, %edx
0x06ff383d:  e8 e4 7e 0f f9           calll    0xeb726

----------------
IN: 
0x06ff3842:  8d 40 04                 leal     4(%eax), %eax
0x06ff3845:  b9 80 00 00 00           movl     $0x80, %ecx
0x06ff384a:  ba 2f 20 0f 00           movl     $0xf202f, %edx
0x06ff384f:  e8 5e 88 ff ff           calll    0x6fec0b2

----------------
IN: 
0x06ff3854:  c7 83 84 00 00 00 04 00  movl     $4, 0x84(%ebx)
0x06ff385c:  00 00
0x06ff385e:  c7 83 88 00 00 00 83 cc  movl     $0x6fecc83, 0x88(%ebx)
0x06ff3866:  fe 06
0x06ff3868:  89 b3 8c 00 00 00        movl     %esi, 0x8c(%ebx)
0x06ff386e:  a1 5c fe ff 06           movl     0x6fffe5c, %eax
0x06ff3873:  89 03                    movl     %eax, (%ebx)
0x06ff3875:  89 1d 5c fe ff 06        movl     %ebx, 0x6fffe5c
0x06ff387b:  e9 04 fc ff ff           jmp      0x6ff3484

----------------
IN: 
0x06ff3484:  31 c0                    xorl     %eax, %eax
0x06ff3486:  ba 53 ff 0f 00           movl     $0xfff53, %edx
0x06ff348b:  e9 f0 03 00 00           jmp      0x6ff3880

----------------
IN: 
0x06ff3880:  66 89 10                 movw     %dx, (%eax)
0x06ff3883:  66 c7 40 02 00 f0        movw     $0xf000, 2(%eax)
0x06ff3889:  83 c0 04                 addl     $4, %eax
0x06ff388c:  3d 00 04 00 00           cmpl     $0x400, %eax
0x06ff3891:  75 ed                    jne      0x6ff3880

----------------
IN: 
0x06ff3893:  b8 20 00 00 00           movl     $0x20, %eax
0x06ff3898:  ba 45 d4 0f 00           movl     $0xfd445, %edx
0x06ff389d:  66 89 10                 movw     %dx, (%eax)
0x06ff38a0:  66 c7 40 02 00 f0        movw     $0xf000, 2(%eax)
0x06ff38a6:  83 c0 04                 addl     $4, %eax
0x06ff38a9:  83 f8 40                 cmpl     $0x40, %eax
0x06ff38ac:  75 ef                    jne      0x6ff389d

----------------
IN: 
0x06ff389d:  66 89 10                 movw     %dx, (%eax)
0x06ff38a0:  66 c7 40 02 00 f0        movw     $0xf000, 2(%eax)
0x06ff38a6:  83 c0 04                 addl     $4, %eax
0x06ff38a9:  83 f8 40                 cmpl     $0x40, %eax
0x06ff38ac:  75 ef                    jne      0x6ff389d

----------------
IN: 
0x06ff38ae:  b8 c0 01 00 00           movl     $0x1c0, %eax
0x06ff38b3:  ba 4e d4 0f 00           movl     $0xfd44e, %edx
0x06ff38b8:  66 89 10                 movw     %dx, (%eax)
0x06ff38bb:  66 c7 40 02 00 f0        movw     $0xf000, 2(%eax)
0x06ff38c1:  83 c0 04                 addl     $4, %eax
0x06ff38c4:  3d e0 01 00 00           cmpl     $0x1e0, %eax
0x06ff38c9:  75 ed                    jne      0x6ff38b8

----------------
IN: 
0x06ff38b8:  66 89 10                 movw     %dx, (%eax)
0x06ff38bb:  66 c7 40 02 00 f0        movw     $0xf000, 2(%eax)
0x06ff38c1:  83 c0 04                 addl     $4, %eax
0x06ff38c4:  3d e0 01 00 00           cmpl     $0x1e0, %eax
0x06ff38c9:  75 ed                    jne      0x6ff38b8

----------------
IN: 
0x06ff38cb:  b8 c3 e2 0f 00           movl     $0xfe2c3, %eax
0x06ff38d0:  66 a3 08 00 00 00        movw     %ax, 8
0x06ff38d6:  66 c7 05 0a 00 00 00 00  movw     $0xf000, 0xa
0x06ff38de:  f0
0x06ff38df:  b8 54 ff 0f 00           movl     $0xfff54, %eax
0x06ff38e4:  66 a3 14 00 00 00        movw     %ax, 0x14
0x06ff38ea:  66 c7 05 16 00 00 00 00  movw     $0xf000, 0x16
0x06ff38f2:  f0
0x06ff38f3:  b8 65 f0 0f 00           movl     $0xff065, %eax
0x06ff38f8:  66 a3 40 00 00 00        movw     %ax, 0x40
0x06ff38fe:  66 c7 05 42 00 00 00 00  movw     $0xf000, 0x42
0x06ff3906:  f0
0x06ff3907:  b8 4d f8 0f 00           movl     $0xff84d, %eax
0x06ff390c:  66 a3 44 00 00 00        movw     %ax, 0x44
0x06ff3912:  66 c7 05 46 00 00 00 00  movw     $0xf000, 0x46
0x06ff391a:  f0
0x06ff391b:  b8 41 f8 0f 00           movl     $0xff841, %eax
0x06ff3920:  66 a3 48 00 00 00        movw     %ax, 0x48
0x06ff3926:  66 c7 05 4a 00 00 00 00  movw     $0xf000, 0x4a
0x06ff392e:  f0
0x06ff392f:  b8 fe e3 0f 00           movl     $0xfe3fe, %eax
0x06ff3934:  66 a3 4c 00 00 00        movw     %ax, 0x4c
0x06ff393a:  66 c7 05 4e 00 00 00 00  movw     $0xf000, 0x4e
0x06ff3942:  f0
0x06ff3943:  b8 39 e7 0f 00           movl     $0xfe739, %eax
0x06ff3948:  66 a3 50 00 00 00        movw     %ax, 0x50
0x06ff394e:  66 c7 05 52 00 00 00 00  movw     $0xf000, 0x52
0x06ff3956:  f0
0x06ff3957:  b8 59 f8 0f 00           movl     $0xff859, %eax
0x06ff395c:  66 a3 54 00 00 00        movw     %ax, 0x54
0x06ff3962:  66 c7 05 56 00 00 00 00  movw     $0xf000, 0x56
0x06ff396a:  f0
0x06ff396b:  b8 2e e8 0f 00           movl     $0xfe82e, %eax
0x06ff3970:  66 a3 58 00 00 00        movw     %ax, 0x58
0x06ff3976:  66 c7 05 5a 00 00 00 00  movw     $0xf000, 0x5a
0x06ff397e:  f0
0x06ff397f:  b8 d2 ef 0f 00           movl     $0xfefd2, %eax
0x06ff3984:  66 a3 5c 00 00 00        movw     %ax, 0x5c
0x06ff398a:  66 c7 05 5e 00 00 00 00  movw     $0xf000, 0x5e
0x06ff3992:  f0
0x06ff3993:  b8 6a d4 0f 00           movl     $0xfd46a, %eax
0x06ff3998:  66 a3 60 00 00 00        movw     %ax, 0x60
0x06ff399e:  66 c7 05 62 00 00 00 00  movw     $0xf000, 0x62
0x06ff39a6:  f0
0x06ff39a7:  b8 f2 e6 0f 00           movl     $0xfe6f2, %eax
0x06ff39ac:  66 a3 64 00 00 00        movw     %ax, 0x64
0x06ff39b2:  66 c7 05 66 00 00 00 00  movw     $0xf000, 0x66
0x06ff39ba:  f0
0x06ff39bb:  b8 6e fe 0f 00           movl     $0xffe6e, %eax
0x06ff39c0:  66 a3 68 00 00 00        movw     %ax, 0x68
0x06ff39c6:  66 c7 05 6a 00 00 00 00  movw     $0xf000, 0x6a
0x06ff39ce:  f0
0x06ff39cf:  b8 59 ec 0f 00           movl     $0xfec59, %eax
0x06ff39d4:  66 a3 00 01 00 00        movw     %ax, 0x100
0x06ff39da:  66 c7 05 02 01 00 00 00  movw     $0xf000, 0x102
0x06ff39e2:  f0
0x06ff39e3:  b8 80 01 00 00           movl     $0x180, %eax
0x06ff39e8:  31 d2                    xorl     %edx, %edx
0x06ff39ea:  89 10                    movl     %edx, (%eax)
0x06ff39ec:  83 c0 04                 addl     $4, %eax
0x06ff39ef:  3d 9c 01 00 00           cmpl     $0x19c, %eax
0x06ff39f4:  75 f2                    jne      0x6ff39e8

----------------
IN: 
0x06ff39e8:  31 d2                    xorl     %edx, %edx
0x06ff39ea:  89 10                    movl     %edx, (%eax)
0x06ff39ec:  83 c0 04                 addl     $4, %eax
0x06ff39ef:  3d 9c 01 00 00           cmpl     $0x19c, %eax
0x06ff39f4:  75 f2                    jne      0x6ff39e8

----------------
IN: 
0x06ff39f6:  31 ff                    xorl     %edi, %edi
0x06ff39f8:  89 3d e4 01 00 00        movl     %edi, 0x1e4
0x06ff39fe:  b9 00 01 00 00           movl     $0x100, %ecx
0x06ff3a03:  31 d2                    xorl     %edx, %edx
0x06ff3a05:  b8 00 04 00 00           movl     $0x400, %eax
0x06ff3a0a:  e8 17 7d 0f f9           calll    0xeb726

----------------
IN: 
0x06ff3a0f:  66 c7 05 0e 04 00 00 c0  movw     $0x9fc0, 0x40e
0x06ff3a17:  9f
0x06ff3a18:  66 c7 05 13 04 00 00 7f  movw     $0x27f, 0x413
0x06ff3a20:  02
0x06ff3a21:  b9 21 01 00 00           movl     $0x121, %ecx
0x06ff3a26:  b8 00 fc 09 00           movl     $0x9fc00, %eax
0x06ff3a2b:  e8 f6 7c 0f f9           calll    0xeb726

----------------
IN: 
0x06ff3a30:  c6 05 00 fc 09 00 01     movb     $1, 0x9fc00
0x06ff3a37:  6a 02                    pushl    $2
0x06ff3a39:  6a 00                    pushl    $0
0x06ff3a3b:  68 00 04 00 00           pushl    $0x400
0x06ff3a40:  b8 00 fc 09 00           movl     $0x9fc00, %eax
0x06ff3a45:  31 d2                    xorl     %edx, %edx
0x06ff3a47:  e8 4b ae ff ff           calll    0x6fee897

----------------
IN: 
0x06fee897:  57                       pushl    %edi
0x06fee898:  56                       pushl    %esi
0x06fee899:  89 c6                    movl     %eax, %esi
0x06fee89b:  89 d7                    movl     %edx, %edi
0x06fee89d:  8b 4c 24 0c              movl     0xc(%esp), %ecx
0x06fee8a1:  8b 54 24 10              movl     0x10(%esp), %edx
0x06fee8a5:  8b 44 24 14              movl     0x14(%esp), %eax
0x06fee8a9:  85 d2                    testl    %edx, %edx
0x06fee8ab:  75 04                    jne      0x6fee8b1

----------------
IN: 
0x06fee8ad:  85 c9                    testl    %ecx, %ecx
0x06fee8af:  74 17                    je       0x6fee8c8

----------------
IN: 
0x06fee8b1:  89 44 24 14              movl     %eax, 0x14(%esp)
0x06fee8b5:  89 4c 24 0c              movl     %ecx, 0xc(%esp)
0x06fee8b9:  89 54 24 10              movl     %edx, 0x10(%esp)
0x06fee8bd:  89 f0                    movl     %esi, %eax
0x06fee8bf:  89 fa                    movl     %edi, %edx
0x06fee8c1:  5e                       popl     %esi
0x06fee8c2:  5f                       popl     %edi
0x06fee8c3:  e9 0b fe ff ff           jmp      0x6fee6d3

----------------
IN: 
0x06fee6d3:  55                       pushl    %ebp
0x06fee6d4:  57                       pushl    %edi
0x06fee6d5:  56                       pushl    %esi
0x06fee6d6:  53                       pushl    %ebx
0x06fee6d7:  83 ec 24                 subl     $0x24, %esp
0x06fee6da:  89 44 24 04              movl     %eax, 4(%esp)
0x06fee6de:  89 54 24 08              movl     %edx, 8(%esp)
0x06fee6e2:  8b 44 24 38              movl     0x38(%esp), %eax
0x06fee6e6:  8b 54 24 3c              movl     0x3c(%esp), %edx
0x06fee6ea:  89 44 24 14              movl     %eax, 0x14(%esp)
0x06fee6ee:  89 54 24 18              movl     %edx, 0x18(%esp)
0x06fee6f2:  8b 44 24 40              movl     0x40(%esp), %eax
0x06fee6f6:  89 44 24 1c              movl     %eax, 0x1c(%esp)
0x06fee6fa:  8b 35 44 56 0f 00        movl     0xf5644, %esi
0x06fee700:  31 c0                    xorl     %eax, %eax
0x06fee702:  89 04 24                 movl     %eax, (%esp)
0x06fee705:  39 34 24                 cmpl     %esi, (%esp)
0x06fee708:  0f 8d 4b 01 00 00        jge      0x6fee859

----------------
IN: 
0x06fee70e:  6b 0c 24 14              imull    $0x14, (%esp), %ecx
0x06fee712:  8b 81 60 56 0f 00        movl     0xf5660(%ecx), %eax
0x06fee718:  8b 91 64 56 0f 00        movl     0xf5664(%ecx), %edx
0x06fee71e:  89 c7                    movl     %eax, %edi
0x06fee720:  89 d5                    movl     %edx, %ebp
0x06fee722:  03 b9 68 56 0f 00        addl     0xf5668(%ecx), %edi
0x06fee728:  13 a9 6c 56 0f 00        adcl     0xf566c(%ecx), %ebp
0x06fee72e:  89 7c 24 0c              movl     %edi, 0xc(%esp)
0x06fee732:  89 6c 24 10              movl     %ebp, 0x10(%esp)
0x06fee736:  8b 5c 24 04              movl     4(%esp), %ebx
0x06fee73a:  39 5c 24 0c              cmpl     %ebx, 0xc(%esp)
0x06fee73e:  8b 5c 24 10              movl     0x10(%esp), %ebx
0x06fee742:  1b 5c 24 08              sbbl     8(%esp), %ebx
0x06fee746:  73 05                    jae      0x6fee74d

----------------
IN: 
0x06fee74d:  8b 7c 24 14              movl     0x14(%esp), %edi
0x06fee751:  8b 6c 24 18              movl     0x18(%esp), %ebp
0x06fee755:  03 7c 24 04              addl     4(%esp), %edi
0x06fee759:  13 6c 24 08              adcl     8(%esp), %ebp
0x06fee75d:  3b 44 24 04              cmpl     4(%esp), %eax
0x06fee761:  89 d6                    movl     %edx, %esi
0x06fee763:  1b 74 24 08              sbbl     8(%esp), %esi
0x06fee767:  73 77                    jae      0x6fee7e0

----------------
IN: 
0x06fee769:  8b 99 70 56 0f 00        movl     0xf5670(%ecx), %ebx
0x06fee76f:  89 5c 24 20              movl     %ebx, 0x20(%esp)
0x06fee773:  8b 5c 24 1c              movl     0x1c(%esp), %ebx
0x06fee777:  39 5c 24 20              cmpl     %ebx, 0x20(%esp)
0x06fee77b:  75 1a                    jne      0x6fee797

----------------
IN: 
0x06fee797:  8b 5c 24 04              movl     4(%esp), %ebx
0x06fee79b:  8b 74 24 08              movl     8(%esp), %esi
0x06fee79f:  29 c3                    subl     %eax, %ebx
0x06fee7a1:  19 d6                    sbbl     %edx, %esi
0x06fee7a3:  89 99 68 56 0f 00        movl     %ebx, 0xf5668(%ecx)
0x06fee7a9:  89 b1 6c 56 0f 00        movl     %esi, 0xf566c(%ecx)
0x06fee7af:  ff 04 24                 incl     (%esp)
0x06fee7b2:  3b 7c 24 0c              cmpl     0xc(%esp), %edi
0x06fee7b6:  89 e8                    movl     %ebp, %eax
0x06fee7b8:  1b 44 24 10              sbbl     0x10(%esp), %eax
0x06fee7bc:  73 22                    jae      0x6fee7e0

----------------
IN: 
0x06fee7e0:  6b 34 24 14              imull    $0x14, (%esp), %esi
0x06fee7e4:  8b 04 24                 movl     (%esp), %eax
0x06fee7e7:  3b 05 44 56 0f 00        cmpl     0xf5644, %eax
0x06fee7ed:  7d 6a                    jge      0x6fee859

----------------
IN: 
0x06fee7ef:  8b 86 60 56 0f 00        movl     0xf5660(%esi), %eax
0x06fee7f5:  8b 96 64 56 0f 00        movl     0xf5664(%esi), %edx
0x06fee7fb:  39 c7                    cmpl     %eax, %edi
0x06fee7fd:  89 e9                    movl     %ebp, %ecx
0x06fee7ff:  19 d1                    sbbl     %edx, %ecx
0x06fee801:  72 56                    jb       0x6fee859

----------------
IN: 
0x06fee859:  83 7c 24 1c ff           cmpl     $-1, 0x1c(%esp)
0x06fee85e:  74 2f                    je       0x6fee88f

----------------
IN: 
0x06fee860:  8b 44 24 1c              movl     0x1c(%esp), %eax
0x06fee864:  89 44 24 40              movl     %eax, 0x40(%esp)
0x06fee868:  8b 44 24 14              movl     0x14(%esp), %eax
0x06fee86c:  8b 54 24 18              movl     0x18(%esp), %edx
0x06fee870:  89 44 24 38              movl     %eax, 0x38(%esp)
0x06fee874:  89 54 24 3c              movl     %edx, 0x3c(%esp)
0x06fee878:  8b 54 24 04              movl     4(%esp), %edx
0x06fee87c:  8b 4c 24 08              movl     8(%esp), %ecx
0x06fee880:  8b 04 24                 movl     (%esp), %eax
0x06fee883:  83 c4 24                 addl     $0x24, %esp
0x06fee886:  5b                       popl     %ebx
0x06fee887:  5e                       popl     %esi
0x06fee888:  5f                       popl     %edi
0x06fee889:  5d                       popl     %ebp
0x06fee88a:  e9 a8 fd ff ff           jmp      0x6fee637

----------------
IN: 
0x06fee637:  55                       pushl    %ebp
0x06fee638:  57                       pushl    %edi
0x06fee639:  56                       pushl    %esi
0x06fee63a:  53                       pushl    %ebx
0x06fee63b:  83 ec 10                 subl     $0x10, %esp
0x06fee63e:  8b 7c 24 24              movl     0x24(%esp), %edi
0x06fee642:  8b 6c 24 28              movl     0x28(%esp), %ebp
0x06fee646:  89 3c 24                 movl     %edi, (%esp)
0x06fee649:  89 6c 24 04              movl     %ebp, 4(%esp)
0x06fee64d:  8b 7c 24 2c              movl     0x2c(%esp), %edi
0x06fee651:  8b 1d 44 56 0f 00        movl     0xf5644, %ebx
0x06fee657:  83 fb 7f                 cmpl     $0x7f, %ebx
0x06fee65a:  7e 16                    jle      0x6fee672

----------------
IN: 
0x06fee672:  89 54 24 08              movl     %edx, 8(%esp)
0x06fee676:  89 4c 24 0c              movl     %ecx, 0xc(%esp)
0x06fee67a:  6b f0 14                 imull    $0x14, %eax, %esi
0x06fee67d:  89 d9                    movl     %ebx, %ecx
0x06fee67f:  29 c1                    subl     %eax, %ecx
0x06fee681:  6b c9 14                 imull    $0x14, %ecx, %ecx
0x06fee684:  8d ae 60 56 0f 00        leal     0xf5660(%esi), %ebp
0x06fee68a:  8d 86 74 56 0f 00        leal     0xf5674(%esi), %eax
0x06fee690:  89 ea                    movl     %ebp, %edx
0x06fee692:  e8 53 f7 ff ff           calll    0x6feddea

----------------
IN: 
0x06fee697:  43                       incl     %ebx
0x06fee698:  89 1d 44 56 0f 00        movl     %ebx, 0xf5644
0x06fee69e:  8b 44 24 08              movl     8(%esp), %eax
0x06fee6a2:  8b 54 24 0c              movl     0xc(%esp), %edx
0x06fee6a6:  89 86 60 56 0f 00        movl     %eax, 0xf5660(%esi)
0x06fee6ac:  89 96 64 56 0f 00        movl     %edx, 0xf5664(%esi)
0x06fee6b2:  8b 04 24                 movl     (%esp), %eax
0x06fee6b5:  8b 54 24 04              movl     4(%esp), %edx
0x06fee6b9:  89 86 68 56 0f 00        movl     %eax, 0xf5668(%esi)
0x06fee6bf:  89 96 6c 56 0f 00        movl     %edx, 0xf566c(%esi)
0x06fee6c5:  89 be 70 56 0f 00        movl     %edi, 0xf5670(%esi)
0x06fee6cb:  83 c4 10                 addl     $0x10, %esp
0x06fee6ce:  5b                       popl     %ebx
0x06fee6cf:  5e                       popl     %esi
0x06fee6d0:  5f                       popl     %edi
0x06fee6d1:  5d                       popl     %ebp
0x06fee6d2:  c3                       retl     

----------------
IN: 
0x06ff3a4c:  b8 18 a2 0e 00           movl     $0xea218, %eax
0x06ff3a51:  2d 00 a8 0d 00           subl     $0xda800, %eax
0x06ff3a56:  a3 10 9a 0e 00           movl     %eax, 0xe9a10
0x06ff3a5b:  b0 b8                    movb     $0xb8, %al
0x06ff3a5d:  e6 70                    outb     %al, $0x70

----------------
IN: 
0x06ff3a5f:  e4 71                    inb      $0x71, %al

----------------
IN: 
0x06ff3a61:  83 c4 0c                 addl     $0xc, %esp
0x06ff3a64:  a8 01                    testb    $1, %al
0x06ff3a66:  74 08                    je       0x6ff3a70

----------------
IN: 
0x06ff3a70:  b0 bd                    movb     $0xbd, %al
0x06ff3a72:  e6 70                    outb     %al, $0x70

----------------
IN: 
0x06ff3a74:  e4 71                    inb      $0x71, %al

----------------
IN: 
0x06ff3a76:  0f b6 d0                 movzbl   %al, %edx
0x06ff3a79:  b0 b8                    movb     $0xb8, %al
0x06ff3a7b:  e6 70                    outb     %al, $0x70

----------------
IN: 
0x06ff3a7d:  e4 71                    inb      $0x71, %al

----------------
IN: 
0x06ff3a7f:  c1 e0 04                 shll     $4, %eax
0x06ff3a82:  25 00 0f 00 00           andl     $0xf00, %eax
0x06ff3a87:  09 d0                    orl      %edx, %eax
0x06ff3a89:  c7 05 44 fe ff 06 0f 27  movl     $0x270f, 0x6fffe44
0x06ff3a91:  00 00
0x06ff3a93:  c7 05 48 fe ff 06 0f 27  movl     $0x270f, 0x6fffe48
0x06ff3a9b:  00 00
0x06ff3a9d:  c7 05 4c fe ff 06 0f 27  movl     $0x270f, 0x6fffe4c
0x06ff3aa5:  00 00
0x06ff3aa7:  c7 05 50 fe ff 06 0f 27  movl     $0x270f, 0x6fffe50
0x06ff3aaf:  00 00
0x06ff3ab1:  ba 65 00 00 00           movl     $0x65, %edx
0x06ff3ab6:  89 c1                    movl     %eax, %ecx
0x06ff3ab8:  83 e1 0f                 andl     $0xf, %ecx
0x06ff3abb:  89 c3                    movl     %eax, %ebx
0x06ff3abd:  c1 e8 04                 shrl     $4, %eax
0x06ff3ac0:  83 f9 03                 cmpl     $3, %ecx
0x06ff3ac3:  74 2c                    je       0x6ff3af1

----------------
IN: 
0x06ff3ac5:  80 e3 0c                 andb     $0xc, %bl
0x06ff3ac8:  75 12                    jne      0x6ff3adc

----------------
IN: 
0x06ff3aca:  83 f9 01                 cmpl     $1, %ecx
0x06ff3acd:  74 1a                    je       0x6ff3ae9

----------------
IN: 
0x06ff3acf:  83 f9 02                 cmpl     $2, %ecx
0x06ff3ad2:  75 23                    jne      0x6ff3af7

----------------
IN: 
0x06ff3ad4:  89 15 48 fe ff 06        movl     %edx, 0x6fffe48
0x06ff3ada:  eb 1b                    jmp      0x6ff3af7

----------------
IN: 
0x06ff3af7:  42                       incl     %edx
0x06ff3af8:  83 fa 68                 cmpl     $0x68, %edx
0x06ff3afb:  75 b9                    jne      0x6ff3ab6

----------------
IN: 
0x06ff3ab6:  89 c1                    movl     %eax, %ecx
0x06ff3ab8:  83 e1 0f                 andl     $0xf, %ecx
0x06ff3abb:  89 c3                    movl     %eax, %ebx
0x06ff3abd:  c1 e8 04                 shrl     $4, %eax
0x06ff3ac0:  83 f9 03                 cmpl     $3, %ecx
0x06ff3ac3:  74 2c                    je       0x6ff3af1

----------------
IN: 
0x06ff3ae9:  89 15 50 fe ff 06        movl     %edx, 0x6fffe50
0x06ff3aef:  eb 06                    jmp      0x6ff3af7

----------------
IN: 
0x06ff3af1:  89 15 4c fe ff 06        movl     %edx, 0x6fffe4c
0x06ff3af7:  42                       incl     %edx
0x06ff3af8:  83 fa 68                 cmpl     $0x68, %edx
0x06ff3afb:  75 b9                    jne      0x6ff3ab6

----------------
IN: 
0x06ff3afd:  ba 60 ea 00 00           movl     $0xea60, %edx
0x06ff3b02:  31 c9                    xorl     %ecx, %ecx
0x06ff3b04:  b8 53 20 0f 00           movl     $0xf2053, %eax
0x06ff3b09:  e8 ad a6 ff ff           calll    0x6fee1bb

----------------
IN: 
0x06ff3b0e:  a3 e0 4d 0f 00           movl     %eax, 0xf4de0
0x06ff3b13:  31 d2                    xorl     %edx, %edx
0x06ff3b15:  b8 66 20 0f 00           movl     $0xf2066, %eax
0x06ff3b1a:  e8 61 b0 ff ff           calll    0x6feeb80

----------------
IN: 
0x06feeb80:  55                       pushl    %ebp
0x06feeb81:  57                       pushl    %edi
0x06feeb82:  56                       pushl    %esi
0x06feeb83:  53                       pushl    %ebx
0x06feeb84:  89 d7                    movl     %edx, %edi
0x06feeb86:  e8 ff f5 ff ff           calll    0x6fee18a

----------------
IN: 
0x06feeb8b:  85 c0                    testl    %eax, %eax
0x06feeb8d:  74 29                    je       0x6feebb8

----------------
IN: 
0x06feeb8f:  89 c6                    movl     %eax, %esi
0x06feeb91:  8b a8 84 00 00 00        movl     0x84(%eax), %ebp
0x06feeb97:  85 ed                    testl    %ebp, %ebp
0x06feeb99:  74 1d                    je       0x6feebb8

----------------
IN: 
0x06feeb9b:  8d 45 01                 leal     1(%ebp), %eax
0x06feeb9e:  e8 8e fe ff ff           calll    0x6feea31

----------------
IN: 
0x06feeba3:  89 c3                    movl     %eax, %ebx
0x06feeba5:  85 c0                    testl    %eax, %eax
0x06feeba7:  75 13                    jne      0x6feebbc

----------------
IN: 
0x06feebbc:  89 e9                    movl     %ebp, %ecx
0x06feebbe:  89 c2                    movl     %eax, %edx
0x06feebc0:  89 f0                    movl     %esi, %eax
0x06feebc2:  ff 96 88 00 00 00        calll    *0x88(%esi)

----------------
IN: 
0x06feebc8:  85 c0                    testl    %eax, %eax
0x06feebca:  79 09                    jns      0x6feebd5

----------------
IN: 
0x06feebd5:  85 ff                    testl    %edi, %edi
0x06feebd7:  74 02                    je       0x6feebdb

----------------
IN: 
0x06feebdb:  c6 04 2b 00              movb     $0, (%ebx, %ebp)
0x06feebdf:  89 d8                    movl     %ebx, %eax
0x06feebe1:  5b                       popl     %ebx
0x06feebe2:  5e                       popl     %esi
0x06feebe3:  5f                       popl     %edi
0x06feebe4:  5d                       popl     %ebp
0x06feebe5:  c3                       retl     

----------------
IN: 
0x06ff3b1f:  89 c3                    movl     %eax, %ebx
0x06ff3b21:  85 c0                    testl    %eax, %eax
0x06ff3b23:  0f 84 b1 00 00 00        je       0x6ff3bda

----------------
IN: 
0x06ff3b29:  c7 05 44 ff ff 06 01 00  movl     $1, 0x6ffff44
0x06ff3b31:  00 00
0x06ff3b33:  89 c7                    movl     %eax, %edi
0x06ff3b35:  31 c9                    xorl     %ecx, %ecx
0x06ff3b37:  b8 01 00 00 00           movl     $1, %eax
0x06ff3b3c:  0f b6 37                 movzbl   (%edi), %esi
0x06ff3b3f:  89 f2                    movl     %esi, %edx
0x06ff3b41:  84 d2                    testb    %dl, %dl
0x06ff3b43:  74 0d                    je       0x6ff3b52

----------------
IN: 
0x06ff3b45:  89 f2                    movl     %esi, %edx
0x06ff3b47:  80 fa 0a                 cmpb     $0xa, %dl
0x06ff3b4a:  75 03                    jne      0x6ff3b4f

----------------
IN: 
0x06ff3b4f:  47                       incl     %edi
0x06ff3b50:  eb ea                    jmp      0x6ff3b3c

----------------
IN: 
0x06ff3b3c:  0f b6 37                 movzbl   (%edi), %esi
0x06ff3b3f:  89 f2                    movl     %esi, %edx
0x06ff3b41:  84 d2                    testb    %dl, %dl
0x06ff3b43:  74 0d                    je       0x6ff3b52

----------------
IN: 
0x06ff3b52:  84 c9                    testb    %cl, %cl
0x06ff3b54:  74 07                    je       0x6ff3b5d

----------------
IN: 
0x06ff3b5d:  b8 01 00 00 00           movl     $1, %eax
0x06ff3b62:  c1 e0 02                 shll     $2, %eax
0x06ff3b65:  e8 c7 ae ff ff           calll    0x6feea31

----------------
IN: 
0x06ff3b6a:  a3 54 fe ff 06           movl     %eax, 0x6fffe54
0x06ff3b6f:  85 c0                    testl    %eax, %eax
0x06ff3b71:  75 20                    jne      0x6ff3b93

----------------
IN: 
0x06ff3b93:  68 70 20 0f 00           pushl    $0xf2070
0x06ff3b98:  e8 85 93 0f f9           calll    0xecf22

----------------
IN: 
0x06ff3b9d:  59                       popl     %ecx
0x06ff3b9e:  31 f6                    xorl     %esi, %esi
0x06ff3ba0:  a1 54 fe ff 06           movl     0x6fffe54, %eax
0x06ff3ba5:  8d 3c b0                 leal     (%eax, %esi, 4), %edi
0x06ff3ba8:  89 1f                    movl     %ebx, (%edi)
0x06ff3baa:  8a 03                    movb     (%ebx), %al
0x06ff3bac:  84 c0                    testb    %al, %al
0x06ff3bae:  74 0b                    je       0x6ff3bbb

----------------
IN: 
0x06ff3bb0:  3c 0a                    cmpb     $0xa, %al
0x06ff3bb2:  0f 84 d8 01 00 00        je       0x6ff3d90

----------------
IN: 
0x06ff3bb8:  43                       incl     %ebx
0x06ff3bb9:  eb ef                    jmp      0x6ff3baa

----------------
IN: 
0x06ff3baa:  8a 03                    movb     (%ebx), %al
0x06ff3bac:  84 c0                    testb    %al, %al
0x06ff3bae:  74 0b                    je       0x6ff3bbb

----------------
IN: 
0x06ff3bbb:  31 db                    xorl     %ebx, %ebx
0x06ff3bbd:  8b 07                    movl     (%edi), %eax
0x06ff3bbf:  e8 19 85 ff ff           calll    0x6fec0dd

----------------
IN: 
0x06fec0dd:  89 c1                    movl     %eax, %ecx
0x06fec0df:  e8 1c e3 0f f9           calll    0xea400

----------------
IN: 
0x06fec0e4:  8d 44 01 ff              leal     -1(%ecx, %eax), %eax
0x06fec0e8:  39 c8                    cmpl     %ecx, %eax
0x06fec0ea:  72 0c                    jb       0x6fec0f8

----------------
IN: 
0x06fec0ec:  80 38 20                 cmpb     $0x20, (%eax)
0x06fec0ef:  7f 07                    jg       0x6fec0f8

----------------
IN: 
0x06fec0f8:  89 c8                    movl     %ecx, %eax
0x06fec0fa:  8a 10                    movb     (%eax), %dl
0x06fec0fc:  84 d2                    testb    %dl, %dl
0x06fec0fe:  74 08                    je       0x6fec108

----------------
IN: 
0x06fec100:  80 fa 20                 cmpb     $0x20, %dl
0x06fec103:  7f 03                    jg       0x6fec108

----------------
IN: 
0x06fec108:  c3                       retl     

----------------
IN: 
0x06ff3bc4:  89 07                    movl     %eax, (%edi)
0x06ff3bc6:  46                       incl     %esi
0x06ff3bc7:  50                       pushl    %eax
0x06ff3bc8:  56                       pushl    %esi
0x06ff3bc9:  68 7d 20 0f 00           pushl    $0xf207d
0x06ff3bce:  e8 4f 93 0f f9           calll    0xecf22

----------------
IN: 
0x06ff3bd3:  83 c4 0c                 addl     $0xc, %esp
0x06ff3bd6:  85 db                    testl    %ebx, %ebx
0x06ff3bd8:  75 c6                    jne      0x6ff3ba0

----------------
IN: 
0x06ff3bda:  31 d2                    xorl     %edx, %edx
0x06ff3bdc:  b8 85 20 0f 00           movl     $0xf2085, %eax
0x06ff3be1:  e8 9a af ff ff           calll    0x6feeb80

----------------
IN: 
0x06feebb8:  31 db                    xorl     %ebx, %ebx
0x06feebba:  eb 23                    jmp      0x6feebdf

----------------
IN: 
0x06feebdf:  89 d8                    movl     %ebx, %eax
0x06feebe1:  5b                       popl     %ebx
0x06feebe2:  5e                       popl     %esi
0x06feebe3:  5f                       popl     %edi
0x06feebe4:  5d                       popl     %ebp
0x06feebe5:  c3                       retl     

----------------
IN: 
0x06ff3be6:  89 c3                    movl     %eax, %ebx
0x06ff3be8:  85 c0                    testl    %eax, %eax
0x06ff3bea:  0f 84 e7 00 00 00        je       0x6ff3cd7

----------------
IN: 
0x06ff3cd7:  c7 05 e4 60 0f 00 83 d2  movl     $0xfd283, 0xf60e4
0x06ff3cdf:  0f 00
0x06ff3ce1:  ba 10 00 00 00           movl     $0x10, %edx
0x06ff3ce6:  b8 e0 60 0f 00           movl     $0xf60e0, %eax
0x06ff3ceb:  e8 63 79 0f f9           calll    0xeb653

----------------
IN: 
0x000eb653:  01 c2                    addl     %eax, %edx
0x000eb655:  31 c9                    xorl     %ecx, %ecx
0x000eb657:  39 d0                    cmpl     %edx, %eax
0x000eb659:  74 05                    je       0xeb660

----------------
IN: 
0x000eb65b:  02 08                    addb     (%eax), %cl
0x000eb65d:  40                       incl     %eax
0x000eb65e:  eb f7                    jmp      0xeb657

----------------
IN: 
0x000eb657:  39 d0                    cmpl     %edx, %eax
0x000eb659:  74 05                    je       0xeb660

----------------
IN: 
0x000eb660:  88 c8                    movb     %cl, %al
0x000eb662:  c3                       retl     

----------------
IN: 
0x06ff3cf0:  28 05 ea 60 0f 00        subb     %al, 0xf60ea
0x06ff3cf6:  b8 c8 d0 0f 00           movl     $0xfd0c8, %eax
0x06ff3cfb:  66 a3 37 56 0f 00        movw     %ax, 0xf5637
0x06ff3d01:  66 c7 05 39 56 0f 00 00  movw     $0xf000, 0xf5639
0x06ff3d09:  f0
0x06ff3d0a:  ba 10 00 00 00           movl     $0x10, %edx
0x06ff3d0f:  b8 30 56 0f 00           movl     $0xf5630, %eax
0x06ff3d14:  e8 3a 79 0f f9           calll    0xeb653

----------------
IN: 
0x06ff3d19:  28 05 36 56 0f 00        subb     %al, 0xf5636
0x06ff3d1f:  b8 2a d1 0f 00           movl     $0xfd12a, %eax
0x06ff3d24:  66 a3 0d 61 0f 00        movw     %ax, 0xf610d
0x06ff3d2a:  b8 26 d1 0f 00           movl     $0xfd126, %eax
0x06ff3d2f:  66 a3 11 61 0f 00        movw     %ax, 0xf6111
0x06ff3d35:  ba 21 00 00 00           movl     $0x21, %edx
0x06ff3d3a:  b8 00 61 0f 00           movl     $0xf6100, %eax
0x06ff3d3f:  e8 0f 79 0f f9           calll    0xeb653

----------------
IN: 
0x06ff3d44:  28 05 08 61 0f 00        subb     %al, 0xf6108
0x06ff3d4a:  c6 05 96 04 00 00 10     movb     $0x10, 0x496
0x06ff3d51:  66 c7 05 1a 04 00 00 1e  movw     $0x1e, 0x41a
0x06ff3d59:  00
0x06ff3d5a:  66 c7 05 1c 04 00 00 1e  movw     $0x1e, 0x41c
0x06ff3d62:  00
0x06ff3d63:  66 c7 05 80 04 00 00 1e  movw     $0x1e, 0x480
0x06ff3d6b:  00
0x06ff3d6c:  66 c7 05 82 04 00 00 3e  movw     $0x3e, 0x482
0x06ff3d74:  00
0x06ff3d75:  66 83 0d 10 04 00 00 04  orw      $4, 0x410
0x06ff3d7d:  81 c4 94 00 00 00        addl     $0x94, %esp
0x06ff3d83:  5b                       popl     %ebx
0x06ff3d84:  5e                       popl     %esi
0x06ff3d85:  5f                       popl     %edi
0x06ff3d86:  c3                       retl     

----------------
IN: 
0x06ffbb0e:  e8 9d b7 ff ff           calll    0x6ff72b0

----------------
IN: 
0x06ff72b0:  55                       pushl    %ebp
0x06ff72b1:  57                       pushl    %edi
0x06ff72b2:  56                       pushl    %esi
0x06ff72b3:  53                       pushl    %ebx
0x06ff72b4:  81 ec 88 00 00 00        subl     $0x88, %esp
0x06ff72ba:  31 c0                    xorl     %eax, %eax
0x06ff72bc:  e6 0d                    outb     %al, $0xd

----------------
IN: 
0x06ff72be:  e6 da                    outb     %al, $0xda

----------------
IN: 
0x06ff72c0:  b0 c0                    movb     $0xc0, %al
0x06ff72c2:  e6 d6                    outb     %al, $0xd6

----------------
IN: 
0x06ff72c4:  31 c0                    xorl     %eax, %eax
0x06ff72c6:  e6 d4                    outb     %al, $0xd4

----------------
IN: 
0x06ff72c8:  e8 6b 42 0f f9           calll    0xeb538

----------------
IN: 
0x000eb538:  b0 11                    movb     $0x11, %al
0x000eb53a:  e6 20                    outb     %al, $0x20

----------------
IN: 
0x000eb53c:  e6 a0                    outb     %al, $0xa0

----------------
IN: 
0x000eb53e:  b0 08                    movb     $8, %al
0x000eb540:  e6 21                    outb     %al, $0x21

----------------
IN: 
0x000eb542:  b0 70                    movb     $0x70, %al
0x000eb544:  e6 a1                    outb     %al, $0xa1

----------------
IN: 
0x000eb546:  b0 04                    movb     $4, %al
0x000eb548:  e6 21                    outb     %al, $0x21

----------------
IN: 
0x000eb54a:  b0 02                    movb     $2, %al
0x000eb54c:  e6 a1                    outb     %al, $0xa1

----------------
IN: 
0x000eb54e:  b0 01                    movb     $1, %al
0x000eb550:  e6 21                    outb     %al, $0x21

----------------
IN: 
0x000eb552:  e6 a1                    outb     %al, $0xa1

----------------
IN: 
0x000eb554:  b0 fb                    movb     $0xfb, %al
0x000eb556:  e6 21                    outb     %al, $0x21

----------------
IN: 
0x000eb558:  b0 ff                    movb     $0xff, %al
0x000eb55a:  e6 a1                    outb     %al, $0xa1

----------------
IN: 
0x000eb55c:  c3                       retl     

----------------
IN: 
0x06ff72cd:  c6 05 01 4e 0f 00 01     movb     $1, 0xf4e01
0x06ff72d4:  b8 01 00 00 00           movl     $1, %eax
0x06ff72d9:  e8 73 56 0f f9           calll    0xec951

----------------
IN: 
0x000ec951:  53                       pushl    %ebx
0x000ec952:  89 c3                    movl     %eax, %ebx
0x000ec954:  89 e0                    movl     %esp, %eax
0x000ec956:  3d 00 70 00 00           cmpl     $0x7000, %eax
0x000ec95b:  76 0a                    jbe      0xec967

----------------
IN: 
0x000ec967:  b9 18 00 00 00           movl     $0x18, %ecx
0x000ec96c:  31 d2                    xorl     %edx, %edx
0x000ec96e:  b8 1c a2 0e 00           movl     $0xea21c, %eax
0x000ec973:  e8 ae ed ff ff           calll    0xeb726

----------------
IN: 
0x000ec978:  85 db                    testl    %ebx, %ebx
0x000ec97a:  74 07                    je       0xec983

----------------
IN: 
0x000ec97c:  c6 05 1c a2 0e 00 01     movb     $1, 0xea21c
0x000ec983:  c6 05 1e a2 0e 00 01     movb     $1, 0xea21e
0x000ec98a:  5b                       popl     %ebx
0x000ec98b:  c3                       retl     

----------------
IN: 
0x06ff72de:  ba 01 00 00 00           movl     $1, %edx
0x06ff72e3:  31 c9                    xorl     %ecx, %ecx
0x06ff72e5:  b8 64 2a 0f 00           movl     $0xf2a64, %eax
0x06ff72ea:  e8 cc 6e ff ff           calll    0x6fee1bb

----------------
IN: 
0x06fee1d0:  89 f0                    movl     %esi, %eax
0x06fee1d2:  89 fa                    movl     %edi, %edx
0x06fee1d4:  eb 33                    jmp      0x6fee209

----------------
IN: 
0x06fee209:  59                       popl     %ecx
0x06fee20a:  5e                       popl     %esi
0x06fee20b:  5e                       popl     %esi
0x06fee20c:  5f                       popl     %edi
0x06fee20d:  5d                       popl     %ebp
0x06fee20e:  c3                       retl     

----------------
IN: 
0x06ff72ef:  a2 00 4e 0f 00           movb     %al, 0xf4e00
0x06ff72f4:  66 83 0d 10 04 00 00 02  orw      $2, 0x410
0x06ff72fc:  ba 3c d4 0f 00           movl     $0xfd43c, %edx
0x06ff7301:  0f b7 d2                 movzwl   %dx, %edx
0x06ff7304:  81 ca 00 00 00 f0        orl      $0xf0000000, %edx
0x06ff730a:  b8 0d 00 00 00           movl     $0xd, %eax
0x06ff730f:  e8 ab 61 ff ff           calll    0x6fed4bf

----------------
IN: 
0x06fed4bf:  56                       pushl    %esi
0x06fed4c0:  53                       pushl    %ebx
0x06fed4c1:  89 c1                    movl     %eax, %ecx
0x06fed4c3:  89 d3                    movl     %edx, %ebx
0x06fed4c5:  ba 01 00 00 00           movl     $1, %edx
0x06fed4ca:  d3 e2                    shll     %cl, %edx
0x06fed4cc:  e4 21                    inb      $0x21, %al

----------------
IN: 
0x06fed4ce:  89 d6                    movl     %edx, %esi
0x06fed4d0:  f7 d6                    notl     %esi
0x06fed4d2:  21 f0                    andl     %esi, %eax
0x06fed4d4:  e6 21                    outb     %al, $0x21

----------------
IN: 
0x06fed4d6:  e4 a1                    inb      $0xa1, %al

----------------
IN: 
0x06fed4d8:  66 c1 ea 08              shrw     $8, %dx
0x06fed4dc:  f7 d2                    notl     %edx
0x06fed4de:  21 d0                    andl     %edx, %eax
0x06fed4e0:  e6 a1                    outb     %al, $0xa1

----------------
IN: 
0x06fed4e2:  8d 41 08                 leal     8(%ecx), %eax
0x06fed4e5:  83 f9 07                 cmpl     $7, %ecx
0x06fed4e8:  7e 03                    jle      0x6fed4ed

----------------
IN: 
0x06fed4ea:  8d 41 68                 leal     0x68(%ecx), %eax
0x06fed4ed:  89 1c 85 00 00 00 00     movl     %ebx, (, %eax, 4)
0x06fed4f4:  5b                       popl     %ebx
0x06fed4f5:  5e                       popl     %esi
0x06fed4f6:  c3                       retl     

----------------
IN: 
0x06ff7314:  e8 41 2f 0f f9           calll    0xea25a

----------------
IN: 
0x06ff7319:  89 44 24 14              movl     %eax, 0x14(%esp)
0x06ff731d:  85 c0                    testl    %eax, %eax
0x06ff731f:  0f 84 d5 01 00 00        je       0x6ff74fa

----------------
IN: 
0x06ff74fa:  f6 05 20 56 0f 00 04     testb    $4, 0xf5620
0x06ff7501:  0f 84 cd 00 00 00        je       0x6ff75d4

----------------
IN: 
0x06ff75d4:  8a 0d 19 ff ff 06        movb     0x6ffff19, %cl
0x06ff75da:  84 c9                    testb    %cl, %cl
0x06ff75dc:  74 3e                    je       0x6ff761c

----------------
IN: 
0x06ff75de:  31 c0                    xorl     %eax, %eax
0x06ff75e0:  31 d2                    xorl     %edx, %edx
0x06ff75e2:  f6 c1 20                 testb    $0x20, %cl
0x06ff75e5:  0f 94 c0                 sete     %al
0x06ff75e8:  0f 95 c2                 setne    %dl
0x06ff75eb:  d3 e0                    shll     %cl, %eax
0x06ff75ed:  d3 e2                    shll     %cl, %edx
0x06ff75ef:  a3 08 ff ff 06           movl     %eax, 0x6ffff08
0x06ff75f4:  89 15 0c ff ff 06        movl     %edx, 0x6ffff0c
0x06ff75fa:  80 f9 2c                 cmpb     $0x2c, %cl
0x06ff75fd:  76 1d                    jbe      0x6ff761c

----------------
IN: 
0x06ff761c:  31 d2                    xorl     %edx, %edx
0x06ff761e:  b8 50 2b 0f 00           movl     $0xf2b50, %eax
0x06ff7623:  e8 58 75 ff ff           calll    0x6feeb80

----------------
IN: 
0x06ff7628:  89 c3                    movl     %eax, %ebx
0x06ff762a:  85 c0                    testl    %eax, %eax
0x06ff762c:  74 54                    je       0x6ff7682

----------------
IN: 
0x06ff7682:  a1 20 ff ff 06           movl     0x6ffff20, %eax
0x06ff7687:  0b 05 24 ff ff 06        orl      0x6ffff24, %eax
0x06ff768d:  0f 95 c0                 setne    %al
0x06ff7690:  0f b6 c0                 movzbl   %al, %eax
0x06ff7693:  a3 c4 fd ff 06           movl     %eax, 0x6fffdc4
0x06ff7698:  80 3d 18 ff ff 06 00     cmpb     $0, 0x6ffff18
0x06ff769f:  75 07                    jne      0x6ff76a8

----------------
IN: 
0x06ff76a8:  68 83 2b 0f 00           pushl    $0xf2b83
0x06ff76ad:  e8 70 58 0f f9           calll    0xecf22

----------------
IN: 
0x06ff76b2:  ba f8 0c 00 00           movl     $0xcf8, %edx
0x06ff76b7:  b8 00 00 00 80           movl     $0x80000000, %eax
0x06ff76bc:  ef                       outl     %eax, %dx

----------------
IN: 
0x06ff76bd:  ed                       inl      %dx, %eax

----------------
IN: 
0x06ff76be:  5d                       popl     %ebp
0x06ff76bf:  3d 00 00 00 80           cmpl     $0x80000000, %eax
0x06ff76c4:  74 0a                    je       0x6ff76d0

----------------
IN: 
0x06ff76d0:  31 d2                    xorl     %edx, %edx
0x06ff76d2:  31 c9                    xorl     %ecx, %ecx
0x06ff76d4:  b8 75 16 0f 00           movl     $0xf1675, %eax
0x06ff76d9:  e8 dd 6a ff ff           calll    0x6fee1bb

----------------
IN: 
0x06ff76de:  89 c3                    movl     %eax, %ebx
0x06ff76e0:  c6 44 24 68 00           movb     $0, 0x68(%esp)
0x06ff76e5:  8d 54 24 68              leal     0x68(%esp), %edx
0x06ff76e9:  31 c0                    xorl     %eax, %eax
0x06ff76eb:  e8 a6 89 ff ff           calll    0x6ff0096

----------------
IN: 
0x06ff0096:  55                       pushl    %ebp
0x06ff0097:  57                       pushl    %edi
0x06ff0098:  56                       pushl    %esi
0x06ff0099:  53                       pushl    %ebx
0x06ff009a:  83 ec 14                 subl     $0x14, %esp
0x06ff009d:  89 c3                    movl     %eax, %ebx
0x06ff009f:  89 14 24                 movl     %edx, (%esp)
0x06ff00a2:  50                       pushl    %eax
0x06ff00a3:  68 f8 f3 ff 06           pushl    $0x6fff3f8
0x06ff00a8:  68 55 13 0f 00           pushl    $0xf1355
0x06ff00ad:  e8 70 ce 0f f9           calll    0xecf22

----------------
IN: 
0x06ff00b2:  89 df                    movl     %ebx, %edi
0x06ff00b4:  c1 e7 08                 shll     $8, %edi
0x06ff00b7:  0f b7 ff                 movzwl   %di, %edi
0x06ff00ba:  4f                       decl     %edi
0x06ff00bb:  89 da                    movl     %ebx, %edx
0x06ff00bd:  89 f8                    movl     %edi, %eax
0x06ff00bf:  e8 b6 c0 ff ff           calll    0x6fec17a

----------------
IN: 
0x06fec17a:  56                       pushl    %esi
0x06fec17b:  53                       pushl    %ebx
0x06fec17c:  89 c3                    movl     %eax, %ebx
0x06fec17e:  89 d6                    movl     %edx, %esi
0x06fec180:  a8 07                    testb    $7, %al
0x06fec182:  75 31                    jne      0x6fec1b5

----------------
IN: 
0x06fec1b5:  43                       incl     %ebx
0x06fec1b6:  eb e0                    jmp      0x6fec198

----------------
IN: 
0x06fec198:  0f b6 c7                 movzbl   %bh, %eax
0x06fec19b:  39 f0                    cmpl     %esi, %eax
0x06fec19d:  75 19                    jne      0x6fec1b8

----------------
IN: 
0x06fec19f:  0f b7 c3                 movzwl   %bx, %eax
0x06fec1a2:  31 d2                    xorl     %edx, %edx
0x06fec1a4:  e8 9a e3 0f f9           calll    0xea543

----------------
IN: 
0x06fec1a9:  48                       decl     %eax
0x06fec1aa:  66 83 f8 fd              cmpw     $-3, %ax
0x06fec1ae:  76 0b                    jbe      0x6fec1bb

----------------
IN: 
0x06fec1bb:  89 d8                    movl     %ebx, %eax
0x06fec1bd:  5b                       popl     %ebx
0x06fec1be:  5e                       popl     %esi
0x06fec1bf:  c3                       retl     

----------------
IN: 
0x06ff00c4:  89 c6                    movl     %eax, %esi
0x06ff00c6:  83 c4 0c                 addl     $0xc, %esp
0x06ff00c9:  85 f6                    testl    %esi, %esi
0x06ff00cb:  78 41                    js       0x6ff010e

----------------
IN: 
0x06ff00cd:  0f b7 ee                 movzwl   %si, %ebp
0x06ff00d0:  ba 0a 00 00 00           movl     $0xa, %edx
0x06ff00d5:  89 e8                    movl     %ebp, %eax
0x06ff00d7:  e8 67 a4 0f f9           calll    0xea543

----------------
IN: 
0x06ff00dc:  66 3d 04 06              cmpw     $0x604, %ax
0x06ff00e0:  75 1f                    jne      0x6ff0101

----------------
IN: 
0x06ff0101:  89 da                    movl     %ebx, %edx
0x06ff0103:  89 f0                    movl     %esi, %eax
0x06ff0105:  e8 70 c0 ff ff           calll    0x6fec17a

----------------
IN: 
0x06fec184:  0f b7 c0                 movzwl   %ax, %eax
0x06fec187:  ba 0e 00 00 00           movl     $0xe, %edx
0x06fec18c:  e8 f0 e3 0f f9           calll    0xea581

----------------
IN: 
0x000ea581:  89 d1                    movl     %edx, %ecx
0x000ea583:  8b 15 f8 4d 0f 00        movl     0xf4df8, %edx
0x000ea589:  0f b7 c0                 movzwl   %ax, %eax
0x000ea58c:  85 d2                    testl    %edx, %edx
0x000ea58e:  74 0a                    je       0xea59a

----------------
IN: 
0x000ea59a:  c1 e0 08                 shll     $8, %eax
0x000ea59d:  89 ca                    movl     %ecx, %edx
0x000ea59f:  81 e2 fc 00 00 00        andl     $0xfc, %edx
0x000ea5a5:  09 d0                    orl      %edx, %eax
0x000ea5a7:  0d 00 00 00 80           orl      $0x80000000, %eax
0x000ea5ac:  ba f8 0c 00 00           movl     $0xcf8, %edx
0x000ea5b1:  ef                       outl     %eax, %dx

----------------
IN: 
0x000ea5b2:  83 e1 03                 andl     $3, %ecx
0x000ea5b5:  8d 91 fc 0c 00 00        leal     0xcfc(%ecx), %edx
0x000ea5bb:  ec                       inb      %dx, %al

----------------
IN: 
0x000ea5bc:  c3                       retl     

----------------
IN: 
0x06fec191:  84 c0                    testb    %al, %al
0x06fec193:  78 20                    js       0x6fec1b5

----------------
IN: 
0x06fec195:  83 c3 08                 addl     $8, %ebx
0x06fec198:  0f b6 c7                 movzbl   %bh, %eax
0x06fec19b:  39 f0                    cmpl     %esi, %eax
0x06fec19d:  75 19                    jne      0x6fec1b8

----------------
IN: 
0x06ff010a:  89 c6                    movl     %eax, %esi
0x06ff010c:  eb bb                    jmp      0x6ff00c9

----------------
IN: 
0x06ff00c9:  85 f6                    testl    %esi, %esi
0x06ff00cb:  78 41                    js       0x6ff010e

----------------
IN: 
0x06fec1b0:  f6 c3 07                 testb    $7, %bl
0x06fec1b3:  74 e0                    je       0x6fec195

----------------
IN: 
0x06fec1b8:  83 cb ff                 orl      $0xffffffff, %ebx
0x06fec1bb:  89 d8                    movl     %ebx, %eax
0x06fec1bd:  5b                       popl     %ebx
0x06fec1be:  5e                       popl     %esi
0x06fec1bf:  c3                       retl     

----------------
IN: 
0x06ff010e:  89 da                    movl     %ebx, %edx
0x06ff0110:  89 f8                    movl     %edi, %eax
0x06ff0112:  e8 63 c0 ff ff           calll    0x6fec17a

----------------
IN: 
0x06ff0117:  89 44 24 08              movl     %eax, 8(%esp)
0x06ff011b:  83 7c 24 08 00           cmpl     $0, 8(%esp)
0x06ff0120:  0f 88 d9 01 00 00        js       0x6ff02ff

----------------
IN: 
0x06ff0126:  0f b7 7c 24 08           movzwl   8(%esp), %edi
0x06ff012b:  ba 0a 00 00 00           movl     $0xa, %edx
0x06ff0130:  89 f8                    movl     %edi, %eax
0x06ff0132:  e8 0c a4 0f f9           calll    0xea543

----------------
IN: 
0x06ff0137:  66 3d 04 06              cmpw     $0x604, %ax
0x06ff013b:  0f 85 b3 01 00 00        jne      0x6ff02f4

----------------
IN: 
0x06ff02f4:  89 da                    movl     %ebx, %edx
0x06ff02f6:  8b 44 24 08              movl     8(%esp), %eax
0x06ff02fa:  e9 13 fe ff ff           jmp      0x6ff0112

----------------
IN: 
0x06ff0112:  e8 63 c0 ff ff           calll    0x6fec17a

----------------
IN: 
0x06ff02ff:  83 c4 14                 addl     $0x14, %esp
0x06ff0302:  5b                       popl     %ebx
0x06ff0303:  5e                       popl     %esi
0x06ff0304:  5f                       popl     %edi
0x06ff0305:  5d                       popl     %ebp
0x06ff0306:  c3                       retl     

----------------
IN: 
0x06ff76f0:  84 db                    testb    %bl, %bl
0x06ff76f2:  75 2c                    jne      0x6ff7720

----------------
IN: 
0x06ff76f4:  68 bb 2b 0f 00           pushl    $0xf2bbb
0x06ff76f9:  e8 24 58 0f f9           calll    0xecf22

----------------
IN: 
0x06ff76fe:  e8 9b 91 ff ff           calll    0x6ff089e

----------------
IN: 
0x06ff089e:  55                       pushl    %ebp
0x06ff089f:  57                       pushl    %edi
0x06ff08a0:  56                       pushl    %esi
0x06ff08a1:  53                       pushl    %ebx
0x06ff08a2:  81 ec 14 04 00 00        subl     $0x414, %esp
0x06ff08a8:  8d 44 24 14              leal     0x14(%esp), %eax
0x06ff08ac:  b9 00 04 00 00           movl     $0x400, %ecx
0x06ff08b1:  31 d2                    xorl     %edx, %edx
0x06ff08b3:  e8 6e ae 0f f9           calll    0xeb726

----------------
IN: 
0x06ff08b8:  31 d2                    xorl     %edx, %edx
0x06ff08ba:  31 c9                    xorl     %ecx, %ecx
0x06ff08bc:  b8 75 16 0f 00           movl     $0xf1675, %eax
0x06ff08c1:  e8 f5 d8 ff ff           calll    0x6fee1bb

----------------
IN: 
0x06ff08c6:  89 44 24 10              movl     %eax, 0x10(%esp)
0x06ff08ca:  31 c0                    xorl     %eax, %eax
0x06ff08cc:  89 44 24 08              movl     %eax, 8(%esp)
0x06ff08d0:  89 04 24                 movl     %eax, (%esp)
0x06ff08d3:  89 44 24 04              movl     %eax, 4(%esp)
0x06ff08d7:  83 cb ff                 orl      $0xffffffff, %ebx
0x06ff08da:  bd f8 fd ff 06           movl     $0x6fffdf8, %ebp
0x06ff08df:  39 1d 2c 56 0f 00        cmpl     %ebx, 0xf562c
0x06ff08e5:  0f 8e 2a 01 00 00        jle      0x6ff0a15

----------------
IN: 
0x06ff08eb:  43                       incl     %ebx
0x06ff08ec:  89 d8                    movl     %ebx, %eax
0x06ff08ee:  c1 e0 08                 shll     $8, %eax
0x06ff08f1:  0f b7 c0                 movzwl   %ax, %eax
0x06ff08f4:  48                       decl     %eax
0x06ff08f5:  89 da                    movl     %ebx, %edx
0x06ff08f7:  e8 7e b8 ff ff           calll    0x6fec17a

----------------
IN: 
0x06ff08fc:  89 c7                    movl     %eax, %edi
0x06ff08fe:  85 ff                    testl    %edi, %edi
0x06ff0900:  0f 88 01 01 00 00        js       0x6ff0a07

----------------
IN: 
0x06ff0906:  b8 20 00 00 00           movl     $0x20, %eax
0x06ff090b:  e8 32 e1 ff ff           calll    0x6feea42

----------------
IN: 
0x06ff0910:  89 c6                    movl     %eax, %esi
0x06ff0912:  85 c0                    testl    %eax, %eax
0x06ff0914:  75 19                    jne      0x6ff092f

----------------
IN: 
0x06ff092f:  b9 20 00 00 00           movl     $0x20, %ecx
0x06ff0934:  31 d2                    xorl     %edx, %edx
0x06ff0936:  e8 eb ad 0f f9           calll    0xeb726

----------------
IN: 
0x06ff093b:  8d 40 04                 leal     4(%eax), %eax
0x06ff093e:  89 44 24 0c              movl     %eax, 0xc(%esp)
0x06ff0942:  89 ea                    movl     %ebp, %edx
0x06ff0944:  e8 48 b7 ff ff           calll    0x6fec091

----------------
IN: 
0x06ff0949:  ff 44 24 08              incl     8(%esp)
0x06ff094d:  8b 44 9c 14              movl     0x14(%esp, %ebx, 4), %eax
0x06ff0951:  85 c0                    testl    %eax, %eax
0x06ff0953:  75 22                    jne      0x6ff0977

----------------
IN: 
0x06ff0955:  39 5c 24 04              cmpl     %ebx, 4(%esp)
0x06ff0959:  74 03                    je       0x6ff095e

----------------
IN: 
0x06ff095e:  39 1d 2c 56 0f 00        cmpl     %ebx, 0xf562c
0x06ff0964:  7c 09                    jl       0x6ff096f

----------------
IN: 
0x06ff0966:  8b 14 24                 movl     (%esp), %edx
0x06ff0969:  89 5c 24 04              movl     %ebx, 4(%esp)
0x06ff096d:  eb 0c                    jmp      0x6ff097b

----------------
IN: 
0x06ff097b:  66 89 3e                 movw     %di, (%esi)
0x06ff097e:  89 46 0c                 movl     %eax, 0xc(%esi)
0x06ff0981:  88 56 02                 movb     %dl, 2(%esi)
0x06ff0984:  0f b7 ef                 movzwl   %di, %ebp
0x06ff0987:  31 d2                    xorl     %edx, %edx
0x06ff0989:  89 e8                    movl     %ebp, %eax
0x06ff098b:  e8 7f 9b 0f f9           calll    0xea50f

----------------
IN: 
0x000ea50f:  8b 0d f8 4d 0f 00        movl     0xf4df8, %ecx
0x000ea515:  0f b7 c0                 movzwl   %ax, %eax
0x000ea518:  85 c9                    testl    %ecx, %ecx
0x000ea51a:  74 0a                    je       0xea526

----------------
IN: 
0x000ea526:  c1 e0 08                 shll     $8, %eax
0x000ea529:  81 e2 fc 00 00 00        andl     $0xfc, %edx
0x000ea52f:  09 d0                    orl      %edx, %eax
0x000ea531:  0d 00 00 00 80           orl      $0x80000000, %eax
0x000ea536:  ba f8 0c 00 00           movl     $0xcf8, %edx
0x000ea53b:  ef                       outl     %eax, %dx

----------------
IN: 
0x000ea53c:  ba fc 0c 00 00           movl     $0xcfc, %edx
0x000ea541:  ed                       inl      %dx, %eax

----------------
IN: 
0x000ea542:  c3                       retl     

----------------
IN: 
0x06ff0990:  89 46 10                 movl     %eax, 0x10(%esi)
0x06ff0993:  ba 08 00 00 00           movl     $8, %edx
0x06ff0998:  89 e8                    movl     %ebp, %eax
0x06ff099a:  e8 70 9b 0f f9           calll    0xea50f

----------------
IN: 
0x06ff099f:  89 c2                    movl     %eax, %edx
0x06ff09a1:  c1 ea 10                 shrl     $0x10, %edx
0x06ff09a4:  66 89 56 14              movw     %dx, 0x14(%esi)
0x06ff09a8:  86 e0                    xchgb    %ah, %al
0x06ff09aa:  66 89 46 16              movw     %ax, 0x16(%esi)
0x06ff09ae:  ba 0e 00 00 00           movl     $0xe, %edx
0x06ff09b3:  89 e8                    movl     %ebp, %eax
0x06ff09b5:  e8 c7 9b 0f f9           calll    0xea581

----------------
IN: 
0x06ff09ba:  88 46 18                 movb     %al, 0x18(%esi)
0x06ff09bd:  83 e0 7f                 andl     $0x7f, %eax
0x06ff09c0:  48                       decl     %eax
0x06ff09c1:  3c 01                    cmpb     $1, %al
0x06ff09c3:  77 2e                    ja       0x6ff09f3

----------------
IN: 
0x06ff09f3:  89 da                    movl     %ebx, %edx
0x06ff09f5:  89 f8                    movl     %edi, %eax
0x06ff09f7:  e8 7e b7 ff ff           calll    0x6fec17a

----------------
IN: 
0x06ff09fc:  89 c7                    movl     %eax, %edi
0x06ff09fe:  8b 6c 24 0c              movl     0xc(%esp), %ebp
0x06ff0a02:  e9 f7 fe ff ff           jmp      0x6ff08fe

----------------
IN: 
0x06ff08fe:  85 ff                    testl    %edi, %edi
0x06ff0900:  0f 88 01 01 00 00        js       0x6ff0a07

----------------
IN: 
0x06ff0a07:  81 fb ff 00 00 00        cmpl     $0xff, %ebx
0x06ff0a0d:  0f 85 cc fe ff ff        jne      0x6ff08df

----------------
IN: 
0x06ff08df:  39 1d 2c 56 0f 00        cmpl     %ebx, 0xf562c
0x06ff08e5:  0f 8e 2a 01 00 00        jle      0x6ff0a15

----------------
IN: 
0x06ff0a15:  8b 3c 24                 movl     (%esp), %edi
0x06ff0a18:  39 7c 24 10              cmpl     %edi, 0x10(%esp)
0x06ff0a1c:  0f 8f c9 fe ff ff        jg       0x6ff08eb

----------------
IN: 
0x06ff0a22:  ff 35 2c 56 0f 00        pushl    0xf562c
0x06ff0a28:  ff 74 24 0c              pushl    0xc(%esp)
0x06ff0a2c:  68 89 16 0f 00           pushl    $0xf1689
0x06ff0a31:  e8 ec c4 0f f9           calll    0xecf22

----------------
IN: 
0x06ff0a36:  81 c4 20 04 00 00        addl     $0x420, %esp
0x06ff0a3c:  5b                       popl     %ebx
0x06ff0a3d:  5e                       popl     %esi
0x06ff0a3e:  5f                       popl     %edi
0x06ff0a3f:  5d                       popl     %ebp
0x06ff0a40:  c3                       retl     

----------------
IN: 
0x06ff7703:  a1 28 ff ff 06           movl     0x6ffff28, %eax
0x06ff7708:  a3 d0 fd ff 06           movl     %eax, 0x6fffdd0
0x06ff770d:  31 f6                    xorl     %esi, %esi
0x06ff770f:  89 35 d4 fd ff 06        movl     %esi, 0x6fffdd4
0x06ff7715:  a1 f8 fd ff 06           movl     0x6fffdf8, %eax
0x06ff771a:  8d 58 fc                 leal     -4(%eax), %ebx
0x06ff771d:  5f                       popl     %edi
0x06ff771e:  eb 1b                    jmp      0x6ff773b

----------------
IN: 
0x06ff773b:  83 fb fc                 cmpl     $-4, %ebx
0x06ff773e:  74 14                    je       0x6ff7754

----------------
IN: 
0x06ff7740:  89 da                    movl     %ebx, %edx
0x06ff7742:  b8 40 fa ff 06           movl     $0x6fffa40, %eax
0x06ff7747:  e8 ab 5d ff ff           calll    0x6fed4f7

----------------
IN: 
0x06fed4f7:  53                       pushl    %ebx
0x06fed4f8:  89 d1                    movl     %edx, %ecx
0x06fed4fa:  8b 10                    movl     (%eax), %edx
0x06fed4fc:  85 d2                    testl    %edx, %edx
0x06fed4fe:  74 3c                    je       0x6fed53c

----------------
IN: 
0x06fed500:  83 fa ff                 cmpl     $-1, %edx
0x06fed503:  74 08                    je       0x6fed50d

----------------
IN: 
0x06fed505:  0f b7 59 10              movzwl   0x10(%ecx), %ebx
0x06fed509:  39 da                    cmpl     %ebx, %edx
0x06fed50b:  75 2a                    jne      0x6fed537

----------------
IN: 
0x06fed50d:  8b 50 04                 movl     4(%eax), %edx
0x06fed510:  83 fa ff                 cmpl     $-1, %edx
0x06fed513:  74 08                    je       0x6fed51d

----------------
IN: 
0x06fed515:  0f b7 59 12              movzwl   0x12(%ecx), %ebx
0x06fed519:  39 da                    cmpl     %ebx, %edx
0x06fed51b:  75 1a                    jne      0x6fed537

----------------
IN: 
0x06fed51d:  0f b7 51 14              movzwl   0x14(%ecx), %edx
0x06fed521:  33 50 08                 xorl     8(%eax), %edx
0x06fed524:  23 50 0c                 andl     0xc(%eax), %edx
0x06fed527:  75 0e                    jne      0x6fed537

----------------
IN: 
0x06fed529:  8b 58 10                 movl     0x10(%eax), %ebx
0x06fed52c:  85 db                    testl    %ebx, %ebx
0x06fed52e:  74 12                    je       0x6fed542

----------------
IN: 
0x06fed530:  89 c8                    movl     %ecx, %eax
0x06fed532:  89 d9                    movl     %ebx, %ecx
0x06fed534:  5b                       popl     %ebx
0x06fed535:  ff e1                    jmpl     *%ecx

----------------
IN: 
0x06fec871:  a1 28 ff ff 06           movl     0x6ffff28, %eax
0x06fec876:  3d 00 00 00 80           cmpl     $0x80000000, %eax
0x06fec87b:  77 0c                    ja       0x6fec889

----------------
IN: 
0x06fec87d:  c7 05 d0 fd ff 06 00 00  movl     $0x80000000, 0x6fffdd0
0x06fec885:  00 80
0x06fec887:  eb 11                    jmp      0x6fec89a

----------------
IN: 
0x06fec89a:  31 c0                    xorl     %eax, %eax
0x06fec89c:  a3 d4 fd ff 06           movl     %eax, 0x6fffdd4
0x06fec8a1:  c7 05 c0 fd ff 06 d8 c7  movl     $0x6fec7d8, 0x6fffdc0
0x06fec8a9:  fe 06
0x06fec8ab:  c3                       retl     

----------------
IN: 
0x06ff774c:  8b 5b 04                 movl     4(%ebx), %ebx
0x06ff774f:  83 eb 04                 subl     $4, %ebx
0x06ff7752:  eb e7                    jmp      0x6ff773b

----------------
IN: 
0x06fed537:  83 c0 14                 addl     $0x14, %eax
0x06fed53a:  eb be                    jmp      0x6fed4fa

----------------
IN: 
0x06fed4fa:  8b 10                    movl     (%eax), %edx
0x06fed4fc:  85 d2                    testl    %edx, %edx
0x06fed4fe:  74 3c                    je       0x6fed53c

----------------
IN: 
0x06fed53c:  83 78 0c 00              cmpl     $0, 0xc(%eax)
0x06fed540:  75 c3                    jne      0x6fed505

----------------
IN: 
0x06fed542:  5b                       popl     %ebx
0x06fed543:  c3                       retl     

----------------
IN: 
0x06ff7754:  68 d7 2b 0f 00           pushl    $0xf2bd7
0x06ff7759:  e8 c4 57 0f f9           calll    0xecf22

----------------
IN: 
0x06ff775e:  a1 2c 56 0f 00           movl     0xf562c, %eax
0x06ff7763:  40                       incl     %eax
0x06ff7764:  6b c0 28                 imull    $0x28, %eax, %eax
0x06ff7767:  e8 d6 72 ff ff           calll    0x6feea42

----------------
IN: 
0x06ff776c:  89 c5                    movl     %eax, %ebp
0x06ff776e:  5b                       popl     %ebx
0x06ff776f:  85 c0                    testl    %eax, %eax
0x06ff7771:  75 14                    jne      0x6ff7787

----------------
IN: 
0x06ff7787:  a1 2c 56 0f 00           movl     0xf562c, %eax
0x06ff778c:  8d 48 01                 leal     1(%eax), %ecx
0x06ff778f:  6b c9 28                 imull    $0x28, %ecx, %ecx
0x06ff7792:  31 d2                    xorl     %edx, %edx
0x06ff7794:  89 e8                    movl     %ebp, %eax
0x06ff7796:  e8 8b 3f 0f f9           calll    0xeb726

----------------
IN: 
0x06ff779b:  e8 a1 92 ff ff           calll    0x6ff0a41

----------------
IN: 
0x06ff0a41:  55                       pushl    %ebp
0x06ff0a42:  57                       pushl    %edi
0x06ff0a43:  56                       pushl    %esi
0x06ff0a44:  53                       pushl    %ebx
0x06ff0a45:  83 ec 3c                 subl     $0x3c, %esp
0x06ff0a48:  89 44 24 18              movl     %eax, 0x18(%esp)
0x06ff0a4c:  68 b5 16 0f 00           pushl    $0xf16b5
0x06ff0a51:  e8 cc c4 0f f9           calll    0xecf22

----------------
IN: 
0x06ff0a56:  a1 f8 fd ff 06           movl     0x6fffdf8, %eax
0x06ff0a5b:  8d 58 fc                 leal     -4(%eax), %ebx
0x06ff0a5e:  58                       popl     %eax
0x06ff0a5f:  83 fb fc                 cmpl     $-4, %ebx
0x06ff0a62:  0f 84 f8 01 00 00        je       0x6ff0c60

----------------
IN: 
0x06ff0a68:  66 81 7b 14 04 06        cmpw     $0x604, 0x14(%ebx)
0x06ff0a6e:  75 0f                    jne      0x6ff0a7f

----------------
IN: 
0x06ff0a7f:  8b 03                    movl     (%ebx), %eax
0x06ff0a81:  0f b6 c4                 movzbl   %ah, %eax
0x06ff0a84:  6b c0 28                 imull    $0x28, %eax, %eax
0x06ff0a87:  8b 7c 24 18              movl     0x18(%esp), %edi
0x06ff0a8b:  01 f8                    addl     %edi, %eax
0x06ff0a8d:  89 44 24 1c              movl     %eax, 0x1c(%esp)
0x06ff0a91:  83 78 24 00              cmpl     $0, 0x24(%eax)
0x06ff0a95:  75 04                    jne      0x6ff0a9b

----------------
IN: 
0x06ff0a97:  89 7c 24 1c              movl     %edi, 0x1c(%esp)
0x06ff0a9b:  31 ed                    xorl     %ebp, %ebp
0x06ff0a9d:  66 81 7b 14 04 06        cmpw     $0x604, 0x14(%ebx)
0x06ff0aa3:  75 0b                    jne      0x6ff0ab0

----------------
IN: 
0x06ff0ab0:  83 fd 06                 cmpl     $6, %ebp
0x06ff0ab3:  74 09                    je       0x6ff0abe

----------------
IN: 
0x06ff0ab5:  8d 34 ad 10 00 00 00     leal     0x10(, %ebp, 4), %esi
0x06ff0abc:  eb 14                    jmp      0x6ff0ad2

----------------
IN: 
0x06ff0ad2:  0f b7 3b                 movzwl   (%ebx), %edi
0x06ff0ad5:  89 f2                    movl     %esi, %edx
0x06ff0ad7:  89 f8                    movl     %edi, %eax
0x06ff0ad9:  e8 31 9a 0f f9           calll    0xea50f

----------------
IN: 
0x06ff0ade:  89 44 24 14              movl     %eax, 0x14(%esp)
0x06ff0ae2:  83 fd 06                 cmpl     $6, %ebp
0x06ff0ae5:  75 2b                    jne      0x6ff0b12

----------------
IN: 
0x06ff0b12:  f6 44 24 14 01           testb    $1, 0x14(%esp)
0x06ff0b17:  75 38                    jne      0x6ff0b51

----------------
IN: 
0x06ff0b19:  8b 44 24 14              movl     0x14(%esp), %eax
0x06ff0b1d:  83 e0 08                 andl     $8, %eax
0x06ff0b20:  83 f8 01                 cmpl     $1, %eax
0x06ff0b23:  19 c0                    sbbl     %eax, %eax
0x06ff0b25:  89 44 24 08              movl     %eax, 8(%esp)
0x06ff0b29:  83 44 24 08 02           addl     $2, 8(%esp)
0x06ff0b2e:  8b 44 24 14              movl     0x14(%esp), %eax
0x06ff0b32:  83 e0 06                 andl     $6, %eax
0x06ff0b35:  83 f8 04                 cmpl     $4, %eax
0x06ff0b38:  0f 94 c0                 sete     %al
0x06ff0b3b:  0f b6 c0                 movzbl   %al, %eax
0x06ff0b3e:  89 04 24                 movl     %eax, (%esp)
0x06ff0b41:  c7 44 24 0c f0 ff ff ff  movl     $0xfffffff0, 0xc(%esp)
0x06ff0b49:  31 d2                    xorl     %edx, %edx
0x06ff0b4b:  89 54 24 10              movl     %edx, 0x10(%esp)
0x06ff0b4f:  eb 15                    jmp      0x6ff0b66

----------------
IN: 
0x06ff0b66:  83 c9 ff                 orl      $0xffffffff, %ecx
0x06ff0b69:  89 f2                    movl     %esi, %edx
0x06ff0b6b:  89 f8                    movl     %edi, %eax
0x06ff0b6d:  e8 e0 98 0f f9           calll    0xea452

----------------
IN: 
0x000ea452:  53                       pushl    %ebx
0x000ea453:  8b 1d f8 4d 0f 00        movl     0xf4df8, %ebx
0x000ea459:  0f b7 c0                 movzwl   %ax, %eax
0x000ea45c:  85 db                    testl    %ebx, %ebx
0x000ea45e:  74 0b                    je       0xea46b

----------------
IN: 
0x000ea46b:  c1 e0 08                 shll     $8, %eax
0x000ea46e:  81 e2 fc 00 00 00        andl     $0xfc, %edx
0x000ea474:  09 d0                    orl      %edx, %eax
0x000ea476:  0d 00 00 00 80           orl      $0x80000000, %eax
0x000ea47b:  ba f8 0c 00 00           movl     $0xcf8, %edx
0x000ea480:  ef                       outl     %eax, %dx

----------------
IN: 
0x000ea481:  ba fc 0c 00 00           movl     $0xcfc, %edx
0x000ea486:  89 c8                    movl     %ecx, %eax
0x000ea488:  ef                       outl     %eax, %dx

----------------
IN: 
0x000ea489:  5b                       popl     %ebx
0x000ea48a:  c3                       retl     

----------------
IN: 
0x06ff0b72:  89 f2                    movl     %esi, %edx
0x06ff0b74:  89 f8                    movl     %edi, %eax
0x06ff0b76:  e8 94 99 0f f9           calll    0xea50f

----------------
IN: 
0x06ff0b7b:  89 44 24 20              movl     %eax, 0x20(%esp)
0x06ff0b7f:  31 c0                    xorl     %eax, %eax
0x06ff0b81:  89 44 24 24              movl     %eax, 0x24(%esp)
0x06ff0b85:  8b 4c 24 14              movl     0x14(%esp), %ecx
0x06ff0b89:  89 f2                    movl     %esi, %edx
0x06ff0b8b:  89 f8                    movl     %edi, %eax
0x06ff0b8d:  e8 c0 98 0f f9           calll    0xea452

----------------
IN: 
0x06ff0b92:  83 3c 24 00              cmpl     $0, (%esp)
0x06ff0b96:  74 57                    je       0x6ff0bef

----------------
IN: 
0x06ff0bef:  8b 44 24 20              movl     0x20(%esp), %eax
0x06ff0bf3:  23 44 24 0c              andl     0xc(%esp), %eax
0x06ff0bf7:  f7 d8                    negl     %eax
0x06ff0bf9:  31 d2                    xorl     %edx, %edx
0x06ff0bfb:  85 d2                    testl    %edx, %edx
0x06ff0bfd:  75 04                    jne      0x6ff0c03

----------------
IN: 
0x06ff0bff:  85 c0                    testl    %eax, %eax
0x06ff0c01:  74 48                    je       0x6ff0c4b

----------------
IN: 
0x06ff0c4b:  45                       incl     %ebp
0x06ff0c4c:  83 fd 06                 cmpl     $6, %ebp
0x06ff0c4f:  0f 8e 48 fe ff ff        jle      0x6ff0a9d

----------------
IN: 
0x06ff0a9d:  66 81 7b 14 04 06        cmpw     $0x604, 0x14(%ebx)
0x06ff0aa3:  75 0b                    jne      0x6ff0ab0

----------------
IN: 
0x06ff0abe:  8a 43 18                 movb     0x18(%ebx), %al
0x06ff0ac1:  83 e0 7f                 andl     $0x7f, %eax
0x06ff0ac4:  be 30 00 00 00           movl     $0x30, %esi
0x06ff0ac9:  fe c8                    decb     %al
0x06ff0acb:  75 05                    jne      0x6ff0ad2

----------------
IN: 
0x06ff0ae7:  b9 00 f8 ff ff           movl     $0xfffff800, %ecx
0x06ff0aec:  89 f2                    movl     %esi, %edx
0x06ff0aee:  89 f8                    movl     %edi, %eax
0x06ff0af0:  e8 5d 99 0f f9           calll    0xea452

----------------
IN: 
0x06ff0af5:  c7 44 24 0c 00 f8 ff ff  movl     $0xfffff800, 0xc(%esp)
0x06ff0afd:  31 c9                    xorl     %ecx, %ecx
0x06ff0aff:  89 4c 24 10              movl     %ecx, 0x10(%esp)
0x06ff0b03:  c7 44 24 08 01 00 00 00  movl     $1, 8(%esp)
0x06ff0b0b:  31 c0                    xorl     %eax, %eax
0x06ff0b0d:  89 04 24                 movl     %eax, (%esp)
0x06ff0b10:  eb 60                    jmp      0x6ff0b72

----------------
IN: 
0x06ff0c55:  8b 5b 04                 movl     4(%ebx), %ebx
0x06ff0c58:  83 eb 04                 subl     $4, %ebx
0x06ff0c5b:  e9 ff fd ff ff           jmp      0x6ff0a5f

----------------
IN: 
0x06ff0a5f:  83 fb fc                 cmpl     $-4, %ebx
0x06ff0a62:  0f 84 f8 01 00 00        je       0x6ff0c60

----------------
IN: 
0x06ff0b51:  c7 44 24 0c fc ff ff ff  movl     $0xfffffffc, 0xc(%esp)
0x06ff0b59:  31 c0                    xorl     %eax, %eax
0x06ff0b5b:  89 44 24 10              movl     %eax, 0x10(%esp)
0x06ff0b5f:  89 44 24 08              movl     %eax, 8(%esp)
0x06ff0b63:  89 04 24                 movl     %eax, (%esp)
0x06ff0b66:  83 c9 ff                 orl      $0xffffffff, %ecx
0x06ff0b69:  89 f2                    movl     %esi, %edx
0x06ff0b6b:  89 f8                    movl     %edi, %eax
0x06ff0b6d:  e8 e0 98 0f f9           calll    0xea452

----------------
IN: 
0x06ff0c03:  83 7c 24 08 00           cmpl     $0, 8(%esp)
0x06ff0c08:  74 17                    je       0x6ff0c21

----------------
IN: 
0x06ff0c21:  ff 34 24                 pushl    (%esp)
0x06ff0c24:  ff 74 24 0c              pushl    0xc(%esp)
0x06ff0c28:  52                       pushl    %edx
0x06ff0c29:  50                       pushl    %eax
0x06ff0c2a:  52                       pushl    %edx
0x06ff0c2b:  50                       pushl    %eax
0x06ff0c2c:  89 e9                    movl     %ebp, %ecx
0x06ff0c2e:  89 da                    movl     %ebx, %edx
0x06ff0c30:  8b 44 24 34              movl     0x34(%esp), %eax
0x06ff0c34:  e8 f3 e0 ff ff           calll    0x6feed2c

----------------
IN: 
0x06feed2c:  55                       pushl    %ebp
0x06feed2d:  57                       pushl    %edi
0x06feed2e:  56                       pushl    %esi
0x06feed2f:  53                       pushl    %ebx
0x06feed30:  83 ec 10                 subl     $0x10, %esp
0x06feed33:  89 c7                    movl     %eax, %edi
0x06feed35:  89 14 24                 movl     %edx, (%esp)
0x06feed38:  89 4c 24 0c              movl     %ecx, 0xc(%esp)
0x06feed3c:  8b 44 24 24              movl     0x24(%esp), %eax
0x06feed40:  89 44 24 04              movl     %eax, 4(%esp)
0x06feed44:  8b 44 24 28              movl     0x28(%esp), %eax
0x06feed48:  89 44 24 08              movl     %eax, 8(%esp)
0x06feed4c:  8b 74 24 2c              movl     0x2c(%esp), %esi
0x06feed50:  8b 6c 24 30              movl     0x30(%esp), %ebp
0x06feed54:  b8 28 00 00 00           movl     $0x28, %eax
0x06feed59:  e8 e4 fc ff ff           calll    0x6feea42

----------------
IN: 
0x06feed5e:  89 c3                    movl     %eax, %ebx
0x06feed60:  85 c0                    testl    %eax, %eax
0x06feed62:  75 14                    jne      0x6feed78

----------------
IN: 
0x06feed78:  b9 28 00 00 00           movl     $0x28, %ecx
0x06feed7d:  31 d2                    xorl     %edx, %edx
0x06feed7f:  e8 a2 c9 0f f9           calll    0xeb726

----------------
IN: 
0x06feed84:  8b 04 24                 movl     (%esp), %eax
0x06feed87:  89 03                    movl     %eax, (%ebx)
0x06feed89:  8b 44 24 0c              movl     0xc(%esp), %eax
0x06feed8d:  89 43 04                 movl     %eax, 4(%ebx)
0x06feed90:  8b 44 24 04              movl     4(%esp), %eax
0x06feed94:  89 43 08                 movl     %eax, 8(%ebx)
0x06feed97:  8b 44 24 08              movl     8(%esp), %eax
0x06feed9b:  89 43 0c                 movl     %eax, 0xc(%ebx)
0x06feed9e:  89 73 10                 movl     %esi, 0x10(%ebx)
0x06feeda1:  89 6b 14                 movl     %ebp, 0x14(%ebx)
0x06feeda4:  8b 44 24 38              movl     0x38(%esp), %eax
0x06feeda8:  89 43 18                 movl     %eax, 0x18(%ebx)
0x06feedab:  8b 44 24 34              movl     0x34(%esp), %eax
0x06feedaf:  89 43 1c                 movl     %eax, 0x1c(%ebx)
0x06feedb2:  6b c0 0c                 imull    $0xc, %eax, %eax
0x06feedb5:  8d 54 07 08              leal     8(%edi, %eax), %edx
0x06feedb9:  8b 44 07 08              movl     8(%edi, %eax), %eax
0x06feedbd:  85 c0                    testl    %eax, %eax
0x06feedbf:  74 32                    je       0x6feedf3

----------------
IN: 
0x06feedf3:  8d 43 20                 leal     0x20(%ebx), %eax
0x06feedf6:  e8 96 d2 ff ff           calll    0x6fec091

----------------
IN: 
0x06feedfb:  89 d8                    movl     %ebx, %eax
0x06feedfd:  83 c4 10                 addl     $0x10, %esp
0x06feee00:  5b                       popl     %ebx
0x06feee01:  5e                       popl     %esi
0x06feee02:  5f                       popl     %edi
0x06feee03:  5d                       popl     %ebp
0x06feee04:  c3                       retl     

----------------
IN: 
0x06ff0c39:  83 c4 18                 addl     $0x18, %esp
0x06ff0c3c:  85 c0                    testl    %eax, %eax
0x06ff0c3e:  75 08                    jne      0x6ff0c48

----------------
IN: 
0x06ff0c48:  03 2c 24                 addl     (%esp), %ebp
0x06ff0c4b:  45                       incl     %ebp
0x06ff0c4c:  83 fd 06                 cmpl     $6, %ebp
0x06ff0c4f:  0f 8e 48 fe ff ff        jle      0x6ff0a9d

----------------
IN: 
0x06ff0c0a:  b9 ff 0f 00 00           movl     $0xfff, %ecx
0x06ff0c0f:  39 c1                    cmpl     %eax, %ecx
0x06ff0c11:  b9 00 00 00 00           movl     $0, %ecx
0x06ff0c16:  19 d1                    sbbl     %edx, %ecx
0x06ff0c18:  72 07                    jb       0x6ff0c21

----------------
IN: 
0x06feedc1:  8b 02                    movl     (%edx), %eax
0x06feedc3:  8b 78 f0                 movl     -0x10(%eax), %edi
0x06feedc6:  89 3c 24                 movl     %edi, (%esp)
0x06feedc9:  8b 48 f4                 movl     -0xc(%eax), %ecx
0x06feedcc:  39 f7                    cmpl     %esi, %edi
0x06feedce:  89 cf                    movl     %ecx, %edi
0x06feedd0:  19 ef                    sbbl     %ebp, %edi
0x06feedd2:  72 1f                    jb       0x6feedf3

----------------
IN: 
0x06ff0c60:  a1 2c 56 0f 00           movl     0xf562c, %eax
0x06ff0c65:  89 44 24 28              movl     %eax, 0x28(%esp)
0x06ff0c69:  6b c0 28                 imull    $0x28, %eax, %eax
0x06ff0c6c:  8b 7c 24 18              movl     0x18(%esp), %edi
0x06ff0c70:  8d 2c 07                 leal     (%edi, %eax), %ebp
0x06ff0c73:  83 7c 24 28 00           cmpl     $0, 0x28(%esp)
0x06ff0c78:  0f 8e d5 03 00 00        jle      0x6ff1053

----------------
IN: 
0x06ff1053:  31 c0                    xorl     %eax, %eax
0x06ff1055:  eb 36                    jmp      0x6ff108d

----------------
IN: 
0x06ff108d:  83 c4 3c                 addl     $0x3c, %esp
0x06ff1090:  5b                       popl     %ebx
0x06ff1091:  5e                       popl     %esi
0x06ff1092:  5f                       popl     %edi
0x06ff1093:  5d                       popl     %ebp
0x06ff1094:  c3                       retl     

----------------
IN: 
0x06ff77a0:  89 44 24 08              movl     %eax, 8(%esp)
0x06ff77a4:  85 c0                    testl    %eax, %eax
0x06ff77a6:  0f 85 8b 04 00 00        jne      0x6ff7c37

----------------
IN: 
0x06ff77ac:  68 fb 2b 0f 00           pushl    $0xf2bfb
0x06ff77b1:  e8 6c 57 0f f9           calll    0xecf22

----------------
IN: 
0x06ff77b6:  89 e8                    movl     %ebp, %eax
0x06ff77b8:  e8 05 51 ff ff           calll    0x6fec8c2

----------------
IN: 
0x06fec8c2:  55                       pushl    %ebp
0x06fec8c3:  89 e5                    movl     %esp, %ebp
0x06fec8c5:  53                       pushl    %ebx
0x06fec8c6:  8b 50 08                 movl     8(%eax), %edx
0x06fec8c9:  83 ea 20                 subl     $0x20, %edx
0x06fec8cc:  31 c9                    xorl     %ecx, %ecx
0x06fec8ce:  31 db                    xorl     %ebx, %ebx
0x06fec8d0:  83 fa e0                 cmpl     $-0x20, %edx
0x06fec8d3:  74 0e                    je       0x6fec8e3

----------------
IN: 
0x06fec8d5:  03 4a 08                 addl     8(%edx), %ecx
0x06fec8d8:  13 5a 0c                 adcl     0xc(%edx), %ebx
0x06fec8db:  8b 52 20                 movl     0x20(%edx), %edx
0x06fec8de:  83 ea 20                 subl     $0x20, %edx
0x06fec8e1:  eb ed                    jmp      0x6fec8d0

----------------
IN: 
0x06fec8d0:  83 fa e0                 cmpl     $-0x20, %edx
0x06fec8d3:  74 0e                    je       0x6fec8e3

----------------
IN: 
0x06fec8e3:  89 c8                    movl     %ecx, %eax
0x06fec8e5:  89 da                    movl     %ebx, %edx
0x06fec8e7:  5b                       popl     %ebx
0x06fec8e8:  5d                       popl     %ebp
0x06fec8e9:  c3                       retl     

----------------
IN: 
0x06ff77bd:  59                       popl     %ecx
0x06ff77be:  b9 ff 3f 00 00           movl     $0x3fff, %ecx
0x06ff77c3:  39 c1                    cmpl     %eax, %ecx
0x06ff77c5:  8b 7c 24 08              movl     8(%esp), %edi
0x06ff77c9:  19 d7                    sbbl     %edx, %edi
0x06ff77cb:  73 27                    jae      0x6ff77f4

----------------
IN: 
0x06ff77f4:  b9 00 c0 00 00           movl     $0xc000, %ecx
0x06ff77f9:  31 db                    xorl     %ebx, %ebx
0x06ff77fb:  89 4d 00                 movl     %ecx, (%ebp)
0x06ff77fe:  89 5d 04                 movl     %ebx, 4(%ebp)
0x06ff7801:  89 ce                    movl     %ecx, %esi
0x06ff7803:  89 df                    movl     %ebx, %edi
0x06ff7805:  83 c6 ff                 addl     $-1, %esi
0x06ff7808:  83 d7 ff                 adcl     $-1, %edi
0x06ff780b:  01 c6                    addl     %eax, %esi
0x06ff780d:  11 d7                    adcl     %edx, %edi
0x06ff780f:  57                       pushl    %edi
0x06ff7810:  56                       pushl    %esi
0x06ff7811:  53                       pushl    %ebx
0x06ff7812:  51                       pushl    %ecx
0x06ff7813:  68 1f 2c 0f 00           pushl    $0xf2c1f
0x06ff7818:  e8 05 57 0f f9           calll    0xecf22

----------------
IN: 
0x06ff781d:  6a 00                    pushl    $0
0x06ff781f:  68 00 00 c0 fe           pushl    $0xfec00000
0x06ff7824:  ff 35 d4 fd ff 06        pushl    0x6fffdd4
0x06ff782a:  ff 35 d0 fd ff 06        pushl    0x6fffdd0
0x06ff7830:  68 37 2c 0f 00           pushl    $0xf2c37
0x06ff7835:  e8 e8 56 0f f9           calll    0xecf22

----------------
IN: 
0x06ff783a:  83 c4 28                 addl     $0x28, %esp
0x06ff783d:  83 3d c4 fd ff 06 00     cmpl     $0, 0x6fffdc4
0x06ff7844:  74 45                    je       0x6ff788b

----------------
IN: 
0x06ff788b:  89 e8                    movl     %ebp, %eax
0x06ff788d:  e8 9c 50 ff ff           calll    0x6fec92e

----------------
IN: 
0x06fec92e:  55                       pushl    %ebp
0x06fec92f:  57                       pushl    %edi
0x06fec930:  56                       pushl    %esi
0x06fec931:  53                       pushl    %ebx
0x06fec932:  83 ec 08                 subl     $8, %esp
0x06fec935:  8d 68 18                 leal     0x18(%eax), %ebp
0x06fec938:  8d 58 0c                 leal     0xc(%eax), %ebx
0x06fec93b:  89 d8                    movl     %ebx, %eax
0x06fec93d:  e8 6a ff ff ff           calll    0x6fec8ac

----------------
IN: 
0x06fec8ac:  8b 40 08                 movl     8(%eax), %eax
0x06fec8af:  85 c0                    testl    %eax, %eax
0x06fec8b1:  74 07                    je       0x6fec8ba

----------------
IN: 
0x06fec8b3:  8b 50 f4                 movl     -0xc(%eax), %edx
0x06fec8b6:  8b 40 f0                 movl     -0x10(%eax), %eax
0x06fec8b9:  c3                       retl     

----------------
IN: 
0x06fec942:  89 c6                    movl     %eax, %esi
0x06fec944:  89 d1                    movl     %edx, %ecx
0x06fec946:  89 e8                    movl     %ebp, %eax
0x06fec948:  e8 5f ff ff ff           calll    0x6fec8ac

----------------
IN: 
0x06fec94d:  39 c6                    cmpl     %eax, %esi
0x06fec94f:  19 d1                    sbbl     %edx, %ecx
0x06fec951:  72 02                    jb       0x6fec955

----------------
IN: 
0x06fec955:  89 d8                    movl     %ebx, %eax
0x06fec957:  e8 66 ff ff ff           calll    0x6fec8c2

----------------
IN: 
0x06fec95c:  89 04 24                 movl     %eax, (%esp)
0x06fec95f:  89 54 24 04              movl     %edx, 4(%esp)
0x06fec963:  89 d8                    movl     %ebx, %eax
0x06fec965:  e8 42 ff ff ff           calll    0x6fec8ac

----------------
IN: 
0x06fec96a:  89 c6                    movl     %eax, %esi
0x06fec96c:  89 d7                    movl     %edx, %edi
0x06fec96e:  b8 00 00 c0 fe           movl     $0xfec00000, %eax
0x06fec973:  31 d2                    xorl     %edx, %edx
0x06fec975:  2b 04 24                 subl     (%esp), %eax
0x06fec978:  1b 54 24 04              sbbl     4(%esp), %edx
0x06fec97c:  f7 de                    negl     %esi
0x06fec97e:  83 d7 00                 adcl     $0, %edi
0x06fec981:  f7 df                    negl     %edi
0x06fec983:  21 c6                    andl     %eax, %esi
0x06fec985:  21 d7                    andl     %edx, %edi
0x06fec987:  89 33                    movl     %esi, (%ebx)
0x06fec989:  89 7b 04                 movl     %edi, 4(%ebx)
0x06fec98c:  89 e8                    movl     %ebp, %eax
0x06fec98e:  e8 2f ff ff ff           calll    0x6fec8c2

----------------
IN: 
0x06fec993:  89 c1                    movl     %eax, %ecx
0x06fec995:  89 d3                    movl     %edx, %ebx
0x06fec997:  89 e8                    movl     %ebp, %eax
0x06fec999:  e8 0e ff ff ff           calll    0x6fec8ac

----------------
IN: 
0x06fec99e:  29 ce                    subl     %ecx, %esi
0x06fec9a0:  19 df                    sbbl     %ebx, %edi
0x06fec9a2:  f7 d8                    negl     %eax
0x06fec9a4:  83 d2 00                 adcl     $0, %edx
0x06fec9a7:  f7 da                    negl     %edx
0x06fec9a9:  21 c6                    andl     %eax, %esi
0x06fec9ab:  21 d7                    andl     %edx, %edi
0x06fec9ad:  89 75 00                 movl     %esi, (%ebp)
0x06fec9b0:  89 7d 04                 movl     %edi, 4(%ebp)
0x06fec9b3:  3b 35 d0 fd ff 06        cmpl     0x6fffdd0, %esi
0x06fec9b9:  89 f8                    movl     %edi, %eax
0x06fec9bb:  1b 05 d4 fd ff 06        sbbl     0x6fffdd4, %eax
0x06fec9c1:  0f 92 c1                 setb     %cl
0x06fec9c4:  bb 00 00 c0 fe           movl     $0xfec00000, %ebx
0x06fec9c9:  31 c0                    xorl     %eax, %eax
0x06fec9cb:  39 f3                    cmpl     %esi, %ebx
0x06fec9cd:  19 f8                    sbbl     %edi, %eax
0x06fec9cf:  0f 92 c0                 setb     %al
0x06fec9d2:  09 c8                    orl      %ecx, %eax
0x06fec9d4:  0f b6 c0                 movzbl   %al, %eax
0x06fec9d7:  f7 d8                    negl     %eax
0x06fec9d9:  83 c4 08                 addl     $8, %esp
0x06fec9dc:  5b                       popl     %ebx
0x06fec9dd:  5e                       popl     %esi
0x06fec9de:  5f                       popl     %edi
0x06fec9df:  5d                       popl     %ebp
0x06fec9e0:  c3                       retl     

----------------
IN: 
0x06ff7892:  85 c0                    testl    %eax, %eax
0x06ff7894:  75 b0                    jne      0x6ff7846

----------------
IN: 
0x06ff7896:  e9 32 02 00 00           jmp      0x6ff7acd

----------------
IN: 
0x06ff7acd:  89 eb                    movl     %ebp, %ebx
0x06ff7acf:  8b 44 24 08              movl     8(%esp), %eax
0x06ff7ad3:  3b 05 2c 56 0f 00        cmpl     0xf562c, %eax
0x06ff7ad9:  7f 1e                    jg       0x6ff7af9

----------------
IN: 
0x06ff7adb:  89 de                    movl     %ebx, %esi
0x06ff7add:  89 f2                    movl     %esi, %edx
0x06ff7adf:  89 e8                    movl     %ebp, %eax
0x06ff7ae1:  e8 32 88 ff ff           calll    0x6ff0318

----------------
IN: 
0x06ff0318:  55                       pushl    %ebp
0x06ff0319:  57                       pushl    %edi
0x06ff031a:  56                       pushl    %esi
0x06ff031b:  53                       pushl    %ebx
0x06ff031c:  83 ec 1c                 subl     $0x1c, %esp
0x06ff031f:  89 44 24 18              movl     %eax, 0x18(%esp)
0x06ff0323:  89 54 24 10              movl     %edx, 0x10(%esp)
0x06ff0327:  8b 42 08                 movl     8(%edx), %eax
0x06ff032a:  8d 58 e0                 leal     -0x20(%eax), %ebx
0x06ff032d:  83 fb e0                 cmpl     $-0x20, %ebx
0x06ff0330:  0f 84 d4 01 00 00        je       0x6ff050a

----------------
IN: 
0x06ff0336:  8b 43 20                 movl     0x20(%ebx), %eax
0x06ff0339:  89 44 24 14              movl     %eax, 0x14(%esp)
0x06ff033d:  8b 44 24 10              movl     0x10(%esp), %eax
0x06ff0341:  8b 50 04                 movl     4(%eax), %edx
0x06ff0344:  8b 00                    movl     (%eax), %eax
0x06ff0346:  89 04 24                 movl     %eax, (%esp)
0x06ff0349:  89 54 24 04              movl     %edx, 4(%esp)
0x06ff034d:  8b 73 08                 movl     8(%ebx), %esi
0x06ff0350:  8b 7b 0c                 movl     0xc(%ebx), %edi
0x06ff0353:  01 f0                    addl     %esi, %eax
0x06ff0355:  11 fa                    adcl     %edi, %edx
0x06ff0357:  89 44 24 08              movl     %eax, 8(%esp)
0x06ff035b:  89 54 24 0c              movl     %edx, 0xc(%esp)
0x06ff035f:  8b 4c 24 10              movl     0x10(%esp), %ecx
0x06ff0363:  89 01                    movl     %eax, (%ecx)
0x06ff0365:  89 51 04                 movl     %edx, 4(%ecx)
0x06ff0368:  8b 4b 04                 movl     4(%ebx), %ecx
0x06ff036b:  8b 53 1c                 movl     0x1c(%ebx), %edx
0x06ff036e:  8b 03                    movl     (%ebx), %eax
0x06ff0370:  83 f9 ff                 cmpl     $-1, %ecx
0x06ff0373:  75 1e                    jne      0x6ff0393

----------------
IN: 
0x06ff0393:  85 c9                    testl    %ecx, %ecx
0x06ff0395:  78 3d                    js       0x6ff03d4

----------------
IN: 
0x06ff0397:  ff 34 95 9c fb ff 06     pushl    0x6fffb9c(, %edx, 4)
0x06ff039e:  57                       pushl    %edi
0x06ff039f:  56                       pushl    %esi
0x06ff03a0:  ff 74 24 10              pushl    0x10(%esp)
0x06ff03a4:  ff 74 24 10              pushl    0x10(%esp)
0x06ff03a8:  51                       pushl    %ecx
0x06ff03a9:  50                       pushl    %eax
0x06ff03aa:  68 b5 14 0f 00           pushl    $0xf14b5
0x06ff03af:  e8 6e cb 0f f9           calll    0xecf22

----------------
IN: 
0x000ec7f5:  46                       incl     %esi
0x000ec7f6:  8b 17                    movl     (%edi), %edx
0x000ec7f8:  0f b6 d6                 movzbl   %dh, %edx
0x000ec7fb:  6a 00                    pushl    $0
0x000ec7fd:  b9 02 00 00 00           movl     $2, %ecx
0x000ec802:  89 e8                    movl     %ebp, %eax
0x000ec804:  e8 09 db ff ff           calll    0xea312

----------------
IN: 
0x000ec809:  ba 3a 00 00 00           movl     $0x3a, %edx
0x000ec80e:  89 e8                    movl     %ebp, %eax
0x000ec810:  e8 86 da ff ff           calll    0xea29b

----------------
IN: 
0x000ec815:  8a 17                    movb     (%edi), %dl
0x000ec817:  c0 ea 03                 shrb     $3, %dl
0x000ec81a:  0f b6 d2                 movzbl   %dl, %edx
0x000ec81d:  6a 00                    pushl    $0
0x000ec81f:  b9 02 00 00 00           movl     $2, %ecx
0x000ec824:  89 e8                    movl     %ebp, %eax
0x000ec826:  e8 e7 da ff ff           calll    0xea312

----------------
IN: 
0x000ec82b:  ba 2e 00 00 00           movl     $0x2e, %edx
0x000ec830:  89 e8                    movl     %ebp, %eax
0x000ec832:  e8 64 da ff ff           calll    0xea29b

----------------
IN: 
0x000ec837:  8b 17                    movl     (%edi), %edx
0x000ec839:  83 e2 07                 andl     $7, %edx
0x000ec83c:  31 c9                    xorl     %ecx, %ecx
0x000ec83e:  89 e8                    movl     %ebp, %eax
0x000ec840:  e8 a9 da ff ff           calll    0xea2ee

----------------
IN: 
0x000ec845:  58                       popl     %eax
0x000ec846:  5a                       popl     %edx
0x000ec847:  e9 8c 00 00 00           jmp      0xec8d8

----------------
IN: 
0x06ff03b4:  83 c4 20                 addl     $0x20, %esp
0x06ff03b7:  8b 53 04                 movl     4(%ebx), %edx
0x06ff03ba:  ff 73 18                 pushl    0x18(%ebx)
0x06ff03bd:  ff 74 24 08              pushl    8(%esp)
0x06ff03c1:  ff 74 24 08              pushl    8(%esp)
0x06ff03c5:  8b 03                    movl     (%ebx), %eax
0x06ff03c7:  e8 78 d1 ff ff           calll    0x6fed544

----------------
IN: 
0x06fed544:  55                       pushl    %ebp
0x06fed545:  57                       pushl    %edi
0x06fed546:  56                       pushl    %esi
0x06fed547:  53                       pushl    %ebx
0x06fed548:  89 c6                    movl     %eax, %esi
0x06fed54a:  8b 4c 24 14              movl     0x14(%esp), %ecx
0x06fed54e:  8b 7c 24 18              movl     0x18(%esp), %edi
0x06fed552:  8b 6c 24 1c              movl     0x1c(%esp), %ebp
0x06fed556:  83 fa 06                 cmpl     $6, %edx
0x06fed559:  74 09                    je       0x6fed564

----------------
IN: 
0x06fed55b:  8d 1c 95 10 00 00 00     leal     0x10(, %edx, 4), %ebx
0x06fed562:  eb 14                    jmp      0x6fed578

----------------
IN: 
0x06fed578:  0f b7 06                 movzwl   (%esi), %eax
0x06fed57b:  89 da                    movl     %ebx, %edx
0x06fed57d:  e8 d0 ce 0f f9           calll    0xea452

----------------
IN: 
0x06fed582:  85 ed                    testl    %ebp, %ebp
0x06fed584:  74 11                    je       0x6fed597

----------------
IN: 
0x06fed597:  5b                       popl     %ebx
0x06fed598:  5e                       popl     %esi
0x06fed599:  5f                       popl     %edi
0x06fed59a:  5d                       popl     %ebp
0x06fed59b:  c3                       retl     

----------------
IN: 
0x06ff03cc:  83 c4 0c                 addl     $0xc, %esp
0x06ff03cf:  e9 1b 01 00 00           jmp      0x6ff04ef

----------------
IN: 
0x06ff04ef:  8d 43 20                 leal     0x20(%ebx), %eax
0x06ff04f2:  e8 89 bb ff ff           calll    0x6fec080

----------------
IN: 
0x06fec080:  89 c2                    movl     %eax, %edx
0x06fec082:  8b 00                    movl     (%eax), %eax
0x06fec084:  8b 52 04                 movl     4(%edx), %edx
0x06fec087:  89 02                    movl     %eax, (%edx)
0x06fec089:  85 c0                    testl    %eax, %eax
0x06fec08b:  74 03                    je       0x6fec090

----------------
IN: 
0x06fec08d:  89 50 04                 movl     %edx, 4(%eax)
0x06fec090:  c3                       retl     

----------------
IN: 
0x06ff04f7:  89 d8                    movl     %ebx, %eax
0x06ff04f9:  e8 e5 df ff ff           calll    0x6fee4e3

----------------
IN: 
0x06fee4e3:  85 c0                    testl    %eax, %eax
0x06fee4e5:  74 18                    je       0x6fee4ff

----------------
IN: 
0x06fee4e7:  e8 ee de ff ff           calll    0x6fec3da

----------------
IN: 
0x06fec3da:  56                       pushl    %esi
0x06fec3db:  53                       pushl    %ebx
0x06fec3dc:  89 c6                    movl     %eax, %esi
0x06fec3de:  e8 d9 ff ff ff           calll    0x6fec3bc

----------------
IN: 
0x06fec3bc:  89 c1                    movl     %eax, %ecx
0x06fec3be:  31 d2                    xorl     %edx, %edx
0x06fec3c0:  8b 04 95 64 fe ff 06     movl     0x6fffe64(, %edx, 4), %eax
0x06fec3c7:  8b 00                    movl     (%eax), %eax
0x06fec3c9:  85 c0                    testl    %eax, %eax
0x06fec3cb:  74 06                    je       0x6fec3d3

----------------
IN: 
0x06fec3cd:  39 48 08                 cmpl     %ecx, 8(%eax)
0x06fec3d0:  75 f5                    jne      0x6fec3c7

----------------
IN: 
0x06fec3c7:  8b 00                    movl     (%eax), %eax
0x06fec3c9:  85 c0                    testl    %eax, %eax
0x06fec3cb:  74 06                    je       0x6fec3d3

----------------
IN: 
0x06fec3d3:  42                       incl     %edx
0x06fec3d4:  83 fa 05                 cmpl     $5, %edx
0x06fec3d7:  75 e7                    jne      0x6fec3c0

----------------
IN: 
0x06fec3c0:  8b 04 95 64 fe ff 06     movl     0x6fffe64(, %edx, 4), %eax
0x06fec3c7:  8b 00                    movl     (%eax), %eax
0x06fec3c9:  85 c0                    testl    %eax, %eax
0x06fec3cb:  74 06                    je       0x6fec3d3

----------------
IN: 
0x06fec3d2:  c3                       retl     

----------------
IN: 
0x06fec3e3:  39 f0                    cmpl     %esi, %eax
0x06fec3e5:  74 22                    je       0x6fec409

----------------
IN: 
0x06fec3e7:  89 c3                    movl     %eax, %ebx
0x06fec3e9:  85 c0                    testl    %eax, %eax
0x06fec3eb:  74 1c                    je       0x6fec409

----------------
IN: 
0x06fec3ed:  83 c8 ff                 orl      $0xffffffff, %eax
0x06fec3f0:  83 7b 10 00              cmpl     $0, 0x10(%ebx)
0x06fec3f4:  74 16                    je       0x6fec40c

----------------
IN: 
0x06fec3f6:  89 d8                    movl     %ebx, %eax
0x06fec3f8:  e8 a6 ff ff ff           calll    0x6fec3a3

----------------
IN: 
0x06fec3a3:  8b 10                    movl     (%eax), %edx
0x06fec3a5:  85 d2                    testl    %edx, %edx
0x06fec3a7:  74 0e                    je       0x6fec3b7

----------------
IN: 
0x06fec3a9:  8b 48 08                 movl     8(%eax), %ecx
0x06fec3ac:  39 4a 0c                 cmpl     %ecx, 0xc(%edx)
0x06fec3af:  75 06                    jne      0x6fec3b7

----------------
IN: 
0x06fec3b1:  8b 48 0c                 movl     0xc(%eax), %ecx
0x06fec3b4:  89 4a 0c                 movl     %ecx, 0xc(%edx)
0x06fec3b7:  e9 c4 fc ff ff           jmp      0x6fec080

----------------
IN: 
0x06fec3fd:  8d 43 ec                 leal     -0x14(%ebx), %eax
0x06fec400:  e8 9e ff ff ff           calll    0x6fec3a3

----------------
IN: 
0x06fec405:  31 c0                    xorl     %eax, %eax
0x06fec407:  eb 03                    jmp      0x6fec40c

----------------
IN: 
0x06fec40c:  5b                       popl     %ebx
0x06fec40d:  5e                       popl     %esi
0x06fec40e:  c3                       retl     

----------------
IN: 
0x06fee4ec:  85 c0                    testl    %eax, %eax
0x06fee4ee:  74 0f                    je       0x6fee4ff

----------------
IN: 
0x06fee4ff:  c3                       retl     

----------------
IN: 
0x06ff04fe:  8b 5c 24 14              movl     0x14(%esp), %ebx
0x06ff0502:  83 eb 20                 subl     $0x20, %ebx
0x06ff0505:  e9 23 fe ff ff           jmp      0x6ff032d

----------------
IN: 
0x06ff032d:  83 fb e0                 cmpl     $-0x20, %ebx
0x06ff0330:  0f 84 d4 01 00 00        je       0x6ff050a

----------------
IN: 
0x06fec090:  c3                       retl     

----------------
IN: 
0x06ff050a:  83 c4 1c                 addl     $0x1c, %esp
0x06ff050d:  5b                       popl     %ebx
0x06ff050e:  5e                       popl     %esi
0x06ff050f:  5f                       popl     %edi
0x06ff0510:  5d                       popl     %ebp
0x06ff0511:  c3                       retl     

----------------
IN: 
0x06ff7ae6:  83 c6 0c                 addl     $0xc, %esi
0x06ff7ae9:  8d 43 24                 leal     0x24(%ebx), %eax
0x06ff7aec:  39 f0                    cmpl     %esi, %eax
0x06ff7aee:  75 ed                    jne      0x6ff7add

----------------
IN: 
0x06ff7add:  89 f2                    movl     %esi, %edx
0x06ff7adf:  89 e8                    movl     %ebp, %eax
0x06ff7ae1:  e8 32 88 ff ff           calll    0x6ff0318

----------------
IN: 
0x06fed564:  8a 40 18                 movb     0x18(%eax), %al
0x06fed567:  83 e0 7f                 andl     $0x7f, %eax
0x06fed56a:  bb 30 00 00 00           movl     $0x30, %ebx
0x06fed56f:  fe c8                    decb     %al
0x06fed571:  75 05                    jne      0x6fed578

----------------
IN: 
0x06ff7af0:  ff 44 24 08              incl     8(%esp)
0x06ff7af4:  83 c3 28                 addl     $0x28, %ebx
0x06ff7af7:  eb d6                    jmp      0x6ff7acf

----------------
IN: 
0x06ff7acf:  8b 44 24 08              movl     8(%esp), %eax
0x06ff7ad3:  3b 05 2c 56 0f 00        cmpl     0xf562c, %eax
0x06ff7ad9:  7f 1e                    jg       0x6ff7af9

----------------
IN: 
0x06ff7af9:  a1 f8 fd ff 06           movl     0x6fffdf8, %eax
0x06ff7afe:  8d 58 fc                 leal     -4(%eax), %ebx
0x06ff7b01:  83 fb fc                 cmpl     $-4, %ebx
0x06ff7b04:  0f 84 84 00 00 00        je       0x6ff7b8e

----------------
IN: 
0x06ff7b0a:  0f b7 43 12              movzwl   0x12(%ebx), %eax
0x06ff7b0e:  50                       pushl    %eax
0x06ff7b0f:  0f b7 43 10              movzwl   0x10(%ebx), %eax
0x06ff7b13:  50                       pushl    %eax
0x06ff7b14:  53                       pushl    %ebx
0x06ff7b15:  68 c7 2c 0f 00           pushl    $0xf2cc7
0x06ff7b1a:  e8 03 54 0f f9           calll    0xecf22

----------------
IN: 
0x06ff7b1f:  0f b7 33                 movzwl   (%ebx), %esi
0x06ff7b22:  ba 3d 00 00 00           movl     $0x3d, %edx
0x06ff7b27:  89 f0                    movl     %esi, %eax
0x06ff7b29:  e8 53 2a 0f f9           calll    0xea581

----------------
IN: 
0x06ff7b2e:  0f b6 d0                 movzbl   %al, %edx
0x06ff7b31:  83 c4 10                 addl     $0x10, %esp
0x06ff7b34:  85 d2                    testl    %edx, %edx
0x06ff7b36:  74 17                    je       0x6ff7b4f

----------------
IN: 
0x06ff7b4f:  89 da                    movl     %ebx, %edx
0x06ff7b51:  b8 80 fa ff 06           movl     $0x6fffa80, %eax
0x06ff7b56:  e8 9c 59 ff ff           calll    0x6fed4f7

----------------
IN: 
0x06ff7b5b:  b9 03 01 00 00           movl     $0x103, %ecx
0x06ff7b60:  ba 04 00 00 00           movl     $4, %edx
0x06ff7b65:  89 f0                    movl     %esi, %eax
0x06ff7b67:  e8 cc 58 ff ff           calll    0x6fed438

----------------
IN: 
0x06fed438:  57                       pushl    %edi
0x06fed439:  56                       pushl    %esi
0x06fed43a:  53                       pushl    %ebx
0x06fed43b:  89 d6                    movl     %edx, %esi
0x06fed43d:  89 cf                    movl     %ecx, %edi
0x06fed43f:  0f b7 d8                 movzwl   %ax, %ebx
0x06fed442:  89 d8                    movl     %ebx, %eax
0x06fed444:  e8 fa d0 0f f9           calll    0xea543

----------------
IN: 
0x06fed449:  09 f8                    orl      %edi, %eax
0x06fed44b:  0f b7 c8                 movzwl   %ax, %ecx
0x06fed44e:  89 f2                    movl     %esi, %edx
0x06fed450:  89 d8                    movl     %ebx, %eax
0x06fed452:  5b                       popl     %ebx
0x06fed453:  5e                       popl     %esi
0x06fed454:  5f                       popl     %edi
0x06fed455:  e9 31 d0 0f f9           jmp      0xea48b

----------------
IN: 
0x000ea48b:  56                       pushl    %esi
0x000ea48c:  53                       pushl    %ebx
0x000ea48d:  89 d3                    movl     %edx, %ebx
0x000ea48f:  8b 35 f8 4d 0f 00        movl     0xf4df8, %esi
0x000ea495:  0f b7 c0                 movzwl   %ax, %eax
0x000ea498:  85 f6                    testl    %esi, %esi
0x000ea49a:  74 0c                    je       0xea4a8

----------------
IN: 
0x000ea4a8:  c1 e0 08                 shll     $8, %eax
0x000ea4ab:  81 e2 fc 00 00 00        andl     $0xfc, %edx
0x000ea4b1:  09 d0                    orl      %edx, %eax
0x000ea4b3:  0d 00 00 00 80           orl      $0x80000000, %eax
0x000ea4b8:  ba f8 0c 00 00           movl     $0xcf8, %edx
0x000ea4bd:  ef                       outl     %eax, %dx

----------------
IN: 
0x000ea4be:  83 e3 02                 andl     $2, %ebx
0x000ea4c1:  8d 93 fc 0c 00 00        leal     0xcfc(%ebx), %edx
0x000ea4c7:  89 c8                    movl     %ecx, %eax
0x000ea4c9:  66 ef                    outw     %ax, %dx

----------------
IN: 
0x000ea4cb:  5b                       popl     %ebx
0x000ea4cc:  5e                       popl     %esi
0x000ea4cd:  c3                       retl     

----------------
IN: 
0x06ff7b6c:  f6 43 18 01              testb    $1, 0x18(%ebx)
0x06ff7b70:  74 11                    je       0x6ff7b83

----------------
IN: 
0x06ff7b83:  8b 5b 04                 movl     4(%ebx), %ebx
0x06ff7b86:  83 eb 04                 subl     $4, %ebx
0x06ff7b89:  e9 73 ff ff ff           jmp      0x6ff7b01

----------------
IN: 
0x06ff7b01:  83 fb fc                 cmpl     $-4, %ebx
0x06ff7b04:  0f 84 84 00 00 00        je       0x6ff7b8e

----------------
IN: 
0x06ff0512:  57                       pushl    %edi
0x06ff0513:  56                       pushl    %esi
0x06ff0514:  53                       pushl    %ebx
0x06ff0515:  52                       pushl    %edx
0x06ff0516:  89 c6                    movl     %eax, %esi
0x06ff0518:  66 c7 44 24 02 00 00     movw     $0, 2(%esp)
0x06ff051f:  bb 60 00 00 00           movl     $0x60, %ebx
0x06ff0524:  0f b6 83 38 fb ff 06     movzbl   0x6fffb38(%ebx), %eax
0x06ff052b:  89 c1                    movl     %eax, %ecx
0x06ff052d:  89 c2                    movl     %eax, %edx
0x06ff052f:  c1 fa 03                 sarl     $3, %edx
0x06ff0532:  83 e1 07                 andl     $7, %ecx
0x06ff0535:  bf 01 00 00 00           movl     $1, %edi
0x06ff053a:  d3 e7                    shll     %cl, %edi
0x06ff053c:  89 f9                    movl     %edi, %ecx
0x06ff053e:  08 4c 14 02              orb      %cl, 2(%esp, %edx)
0x06ff0542:  0f b7 3e                 movzwl   (%esi), %edi
0x06ff0545:  89 c1                    movl     %eax, %ecx
0x06ff0547:  89 da                    movl     %ebx, %edx
0x06ff0549:  89 f8                    movl     %edi, %eax
0x06ff054b:  e8 7e 9f 0f f9           calll    0xea4ce

----------------
IN: 
0x000ea4ce:  56                       pushl    %esi
0x000ea4cf:  53                       pushl    %ebx
0x000ea4d0:  89 d3                    movl     %edx, %ebx
0x000ea4d2:  8b 35 f8 4d 0f 00        movl     0xf4df8, %esi
0x000ea4d8:  0f b7 c0                 movzwl   %ax, %eax
0x000ea4db:  85 f6                    testl    %esi, %esi
0x000ea4dd:  74 0b                    je       0xea4ea

----------------
IN: 
0x000ea4ea:  c1 e0 08                 shll     $8, %eax
0x000ea4ed:  81 e2 fc 00 00 00        andl     $0xfc, %edx
0x000ea4f3:  09 d0                    orl      %edx, %eax
0x000ea4f5:  0d 00 00 00 80           orl      $0x80000000, %eax
0x000ea4fa:  ba f8 0c 00 00           movl     $0xcf8, %edx
0x000ea4ff:  ef                       outl     %eax, %dx

----------------
IN: 
0x000ea500:  83 e3 03                 andl     $3, %ebx
0x000ea503:  8d 93 fc 0c 00 00        leal     0xcfc(%ebx), %edx
0x000ea509:  88 c8                    movb     %cl, %al
0x000ea50b:  ee                       outb     %al, %dx

----------------
IN: 
0x000ea50c:  5b                       popl     %ebx
0x000ea50d:  5e                       popl     %esi
0x000ea50e:  c3                       retl     

----------------
IN: 
0x06ff0550:  43                       incl     %ebx
0x06ff0551:  83 fb 64                 cmpl     $0x64, %ebx
0x06ff0554:  75 ce                    jne      0x6ff0524

----------------
IN: 
0x06ff0524:  0f b6 83 38 fb ff 06     movzbl   0x6fffb38(%ebx), %eax
0x06ff052b:  89 c1                    movl     %eax, %ecx
0x06ff052d:  89 c2                    movl     %eax, %edx
0x06ff052f:  c1 fa 03                 sarl     $3, %edx
0x06ff0532:  83 e1 07                 andl     $7, %ecx
0x06ff0535:  bf 01 00 00 00           movl     $1, %edi
0x06ff053a:  d3 e7                    shll     %cl, %edi
0x06ff053c:  89 f9                    movl     %edi, %ecx
0x06ff053e:  08 4c 14 02              orb      %cl, 2(%esp, %edx)
0x06ff0542:  0f b7 3e                 movzwl   (%esi), %edi
0x06ff0545:  89 c1                    movl     %eax, %ecx
0x06ff0547:  89 da                    movl     %ebx, %edx
0x06ff0549:  89 f8                    movl     %edi, %eax
0x06ff054b:  e8 7e 9f 0f f9           calll    0xea4ce

----------------
IN: 
0x06ff0556:  0f b6 4c 24 02           movzbl   2(%esp), %ecx
0x06ff055b:  ba d0 04 00 00           movl     $0x4d0, %edx
0x06ff0560:  88 c8                    movb     %cl, %al
0x06ff0562:  ee                       outb     %al, %dx

----------------
IN: 
0x06ff0563:  0f b6 44 24 03           movzbl   3(%esp), %eax
0x06ff0568:  ba d1 04 00 00           movl     $0x4d1, %edx
0x06ff056d:  ee                       outb     %al, %dx

----------------
IN: 
0x06ff056e:  50                       pushl    %eax
0x06ff056f:  51                       pushl    %ecx
0x06ff0570:  68 f5 14 0f 00           pushl    $0xf14f5
0x06ff0575:  e8 a8 c9 0f f9           calll    0xecf22

----------------
IN: 
0x06ff057a:  83 c4 10                 addl     $0x10, %esp
0x06ff057d:  5b                       popl     %ebx
0x06ff057e:  5e                       popl     %esi
0x06ff057f:  5f                       popl     %edi
0x06ff0580:  c3                       retl     

----------------
IN: 
0x06fec842:  53                       pushl    %ebx
0x06fec843:  0f b7 18                 movzwl   (%eax), %ebx
0x06fec846:  b9 00 80 00 00           movl     $0x8000, %ecx
0x06fec84b:  ba 40 00 00 00           movl     $0x40, %edx
0x06fec850:  89 d8                    movl     %ebx, %eax
0x06fec852:  e8 34 dc 0f f9           calll    0xea48b

----------------
IN: 
0x06fec857:  ba 42 00 00 00           movl     $0x42, %edx
0x06fec85c:  89 d8                    movl     %ebx, %eax
0x06fec85e:  5b                       popl     %ebx
0x06fec85f:  e9 27 dc 0f f9           jmp      0xea48b

----------------
IN: 
0x06ff7b38:  89 d8                    movl     %ebx, %eax
0x06ff7b3a:  ff 15 c0 fd ff 06        calll    *0x6fffdc0

----------------
IN: 
0x06fec7d8:  53                       pushl    %ebx
0x06fec7d9:  89 d3                    movl     %edx, %ebx
0x06fec7db:  31 d2                    xorl     %edx, %edx
0x06fec7dd:  8b 48 0c                 movl     0xc(%eax), %ecx
0x06fec7e0:  8b 00                    movl     (%eax), %eax
0x06fec7e2:  c0 e8 03                 shrb     $3, %al
0x06fec7e5:  0f b6 c0                 movzbl   %al, %eax
0x06fec7e8:  85 c9                    testl    %ecx, %ecx
0x06fec7ea:  74 06                    je       0x6fec7f2

----------------
IN: 
0x06fec7f2:  8d 44 02 ff              leal     -1(%edx, %eax), %eax
0x06fec7f6:  8d 44 18 ff              leal     -1(%eax, %ebx), %eax
0x06fec7fa:  83 e0 03                 andl     $3, %eax
0x06fec7fd:  0f b6 80 98 fb ff 06     movzbl   0x6fffb98(%eax), %eax
0x06fec804:  5b                       popl     %ebx
0x06fec805:  c3                       retl     

----------------
IN: 
0x06ff7b40:  0f b6 c8                 movzbl   %al, %ecx
0x06ff7b43:  ba 3c 00 00 00           movl     $0x3c, %edx
0x06ff7b48:  89 f0                    movl     %esi, %eax
0x06ff7b4a:  e8 7f 29 0f f9           calll    0xea4ce

----------------
IN: 
0x06fefcd3:  0f b7 00                 movzwl   (%eax), %eax
0x06fefcd6:  a3 30 4a 0f 00           movl     %eax, 0xf4a30
0x06fefcdb:  e8 41 aa 0f f9           calll    0xea721

----------------
IN: 
0x000ea721:  56                       pushl    %esi
0x000ea722:  53                       pushl    %ebx
0x000ea723:  0f b7 f0                 movzwl   %ax, %esi
0x000ea726:  b9 09 00 00 00           movl     $9, %ecx
0x000ea72b:  ba 3c 00 00 00           movl     $0x3c, %edx
0x000ea730:  89 f0                    movl     %esi, %eax
0x000ea732:  e8 97 fd ff ff           calll    0xea4ce

----------------
IN: 
0x000ea737:  66 8b 1d 3c 4a 0f 00     movw     0xf4a3c, %bx
0x000ea73e:  89 d9                    movl     %ebx, %ecx
0x000ea740:  83 c9 01                 orl      $1, %ecx
0x000ea743:  0f b7 c9                 movzwl   %cx, %ecx
0x000ea746:  ba 40 00 00 00           movl     $0x40, %edx
0x000ea74b:  89 f0                    movl     %esi, %eax
0x000ea74d:  e8 00 fd ff ff           calll    0xea452

----------------
IN: 
0x000ea752:  b9 01 00 00 00           movl     $1, %ecx
0x000ea757:  ba 80 00 00 00           movl     $0x80, %edx
0x000ea75c:  89 f0                    movl     %esi, %eax
0x000ea75e:  e8 6b fd ff ff           calll    0xea4ce

----------------
IN: 
0x000ea763:  0f b7 cb                 movzwl   %bx, %ecx
0x000ea766:  81 c1 00 01 00 00        addl     $0x100, %ecx
0x000ea76c:  83 c9 01                 orl      $1, %ecx
0x000ea76f:  ba 90 00 00 00           movl     $0x90, %edx
0x000ea774:  89 f0                    movl     %esi, %eax
0x000ea776:  e8 d7 fc ff ff           calll    0xea452

----------------
IN: 
0x000ea77b:  b9 09 00 00 00           movl     $9, %ecx
0x000ea780:  ba d2 00 00 00           movl     $0xd2, %edx
0x000ea785:  89 f0                    movl     %esi, %eax
0x000ea787:  5b                       popl     %ebx
0x000ea788:  5e                       popl     %esi
0x000ea789:  e9 40 fd ff ff           jmp      0xea4ce

----------------
IN: 
0x06fefce0:  0f b7 15 3c 4a 0f 00     movzwl   0xf4a3c, %edx
0x06fefce7:  89 d0                    movl     %edx, %eax
0x06fefce9:  83 c2 04                 addl     $4, %edx
0x06fefcec:  89 15 24 56 0f 00        movl     %edx, 0xf5624
0x06fefcf2:  83 c0 08                 addl     $8, %eax
0x06fefcf5:  0f b7 c0                 movzwl   %ax, %eax
0x06fefcf8:  e9 a5 ff ff ff           jmp      0x6fefca2

----------------
IN: 
0x06fefca2:  66 83 3d d8 60 0f 00 40  cmpw     $0x40, 0xf60d8
0x06fefcaa:  75 26                    jne      0x6fefcd2

----------------
IN: 
0x06fefcac:  53                       pushl    %ebx
0x06fefcad:  89 c3                    movl     %eax, %ebx
0x06fefcaf:  0f b7 c0                 movzwl   %ax, %eax
0x06fefcb2:  50                       pushl    %eax
0x06fefcb3:  68 36 10 0f 00           pushl    $0xf1036
0x06fefcb8:  e8 65 d2 0f f9           calll    0xecf22

----------------
IN: 
0x06fefcbd:  66 89 1d d8 60 0f 00     movw     %bx, 0xf60d8
0x06fefcc4:  c7 05 dc 60 0f 00 fc 0d  movl     $0xdfc, 0xf60dc
0x06fefccc:  00 00
0x06fefcce:  58                       popl     %eax
0x06fefccf:  5a                       popl     %edx
0x06fefcd0:  5b                       popl     %ebx
0x06fefcd1:  c3                       retl     

----------------
IN: 
0x06ff7b8e:  89 e8                    movl     %ebp, %eax
0x06ff7b90:  e8 4e 69 ff ff           calll    0x6fee4e3

----------------
IN: 
0x06ff7b95:  a1 f8 fd ff 06           movl     0x6fffdf8, %eax
0x06ff7b9a:  8d 58 fc                 leal     -4(%eax), %ebx
0x06ff7b9d:  83 fb fc                 cmpl     $-4, %ebx
0x06ff7ba0:  74 22                    je       0x6ff7bc4

----------------
IN: 
0x06ff7ba2:  89 d8                    movl     %ebx, %eax
0x06ff7ba4:  e8 65 49 ff ff           calll    0x6fec50e

----------------
IN: 
0x06fec50e:  66 81 78 14 00 03        cmpw     $0x300, 0x14(%eax)
0x06fec514:  75 39                    jne      0x6fec54f

----------------
IN: 
0x06fec54f:  31 c0                    xorl     %eax, %eax
0x06fec551:  c3                       retl     

----------------
IN: 
0x06ff7ba9:  85 c0                    testl    %eax, %eax
0x06ff7bab:  74 0f                    je       0x6ff7bbc

----------------
IN: 
0x06ff7bbc:  8b 5b 04                 movl     4(%ebx), %ebx
0x06ff7bbf:  83 eb 04                 subl     $4, %ebx
0x06ff7bc2:  eb d9                    jmp      0x6ff7b9d

----------------
IN: 
0x06ff7b9d:  83 fb fc                 cmpl     $-4, %ebx
0x06ff7ba0:  74 22                    je       0x6ff7bc4

----------------
IN: 
0x06fec516:  53                       pushl    %ebx
0x06fec517:  89 c3                    movl     %eax, %ebx
0x06fec519:  0f b7 00                 movzwl   (%eax), %eax
0x06fec51c:  ba 04 00 00 00           movl     $4, %edx
0x06fec521:  e8 1d e0 0f f9           calll    0xea543

----------------
IN: 
0x06fec526:  f7 d0                    notl     %eax
0x06fec528:  a8 03                    testb    $3, %al
0x06fec52a:  74 15                    je       0x6fec541

----------------
IN: 
0x06fec541:  8b 5b 0c                 movl     0xc(%ebx), %ebx
0x06fec544:  85 db                    testl    %ebx, %ebx
0x06fec546:  75 e8                    jne      0x6fec530

----------------
IN: 
0x06fec548:  b8 01 00 00 00           movl     $1, %eax
0x06fec54d:  5b                       popl     %ebx
0x06fec54e:  c3                       retl     

----------------
IN: 
0x06ff7bad:  53                       pushl    %ebx
0x06ff7bae:  68 e7 2c 0f 00           pushl    $0xf2ce7
0x06ff7bb3:  e8 6a 53 0f f9           calll    0xecf22

----------------
IN: 
0x06ff7bb8:  5b                       popl     %ebx
0x06ff7bb9:  5e                       popl     %esi
0x06ff7bba:  eb 7b                    jmp      0x6ff7c37

----------------
IN: 
0x06ff7c37:  ba 13 71 00 00           movl     $0x7113, %edx
0x06ff7c3c:  b8 86 80 00 00           movl     $0x8086, %eax
0x06ff7c41:  e8 93 4a ff ff           calll    0x6fec6d9

----------------
IN: 
0x06fec6d9:  89 c1                    movl     %eax, %ecx
0x06fec6db:  a1 f8 fd ff 06           movl     0x6fffdf8, %eax
0x06fec6e0:  83 e8 04                 subl     $4, %eax
0x06fec6e3:  83 f8 fc                 cmpl     $-4, %eax
0x06fec6e6:  74 11                    je       0x6fec6f9

----------------
IN: 
0x06fec6e8:  66 39 48 10              cmpw     %cx, 0x10(%eax)
0x06fec6ec:  75 06                    jne      0x6fec6f4

----------------
IN: 
0x06fec6ee:  66 39 50 12              cmpw     %dx, 0x12(%eax)
0x06fec6f2:  74 07                    je       0x6fec6fb

----------------
IN: 
0x06fec6f4:  8b 40 04                 movl     4(%eax), %eax
0x06fec6f7:  eb e7                    jmp      0x6fec6e0

----------------
IN: 
0x06fec6e0:  83 e8 04                 subl     $4, %eax
0x06fec6e3:  83 f8 fc                 cmpl     $-4, %eax
0x06fec6e6:  74 11                    je       0x6fec6f9

----------------
IN: 
0x06fec6fb:  c3                       retl     

----------------
IN: 
0x06ff7c46:  89 c3                    movl     %eax, %ebx
0x06ff7c48:  ba 37 12 00 00           movl     $0x1237, %edx
0x06ff7c4d:  b8 86 80 00 00           movl     $0x8086, %eax
0x06ff7c52:  e8 82 4a ff ff           calll    0x6fec6d9

----------------
IN: 
0x06ff7c57:  85 db                    testl    %ebx, %ebx
0x06ff7c59:  74 04                    je       0x6ff7c5f

----------------
IN: 
0x06ff7c5b:  85 c0                    testl    %eax, %eax
0x06ff7c5d:  75 28                    jne      0x6ff7c87

----------------
IN: 
0x06ff7c87:  0f b7 13                 movzwl   (%ebx), %edx
0x06ff7c8a:  89 15 24 4a 0f 00        movl     %edx, 0xf4a24
0x06ff7c90:  0f b7 00                 movzwl   (%eax), %eax
0x06ff7c93:  a3 20 4a 0f 00           movl     %eax, 0xf4a20
0x06ff7c98:  e8 e7 42 0f f9           calll    0xebf84

----------------
IN: 
0x000ebf84:  55                       pushl    %ebp
0x000ebf85:  57                       pushl    %edi
0x000ebf86:  56                       pushl    %esi
0x000ebf87:  53                       pushl    %ebx
0x000ebf88:  8b 35 24 4a 0f 00        movl     0xf4a24, %esi
0x000ebf8e:  85 f6                    testl    %esi, %esi
0x000ebf90:  0f 88 e7 00 00 00        js       0xec07d

----------------
IN: 
0x000ebf96:  0f b7 f6                 movzwl   %si, %esi
0x000ebf99:  ba 02 00 00 00           movl     $2, %edx
0x000ebf9e:  89 f0                    movl     %esi, %eax
0x000ebfa0:  e8 9e e5 ff ff           calll    0xea543

----------------
IN: 
0x000ebfa5:  8b 1d 20 4a 0f 00        movl     0xf4a20, %ebx
0x000ebfab:  66 3d 13 71              cmpw     $0x7113, %ax
0x000ebfaf:  75 62                    jne      0xec013

----------------
IN: 
0x000ebfb1:  ba 58 00 00 00           movl     $0x58, %edx
0x000ebfb6:  89 f0                    movl     %esi, %eax
0x000ebfb8:  e8 52 e5 ff ff           calll    0xea50f

----------------
IN: 
0x000ebfbd:  89 c7                    movl     %eax, %edi
0x000ebfbf:  0f ba e0 19              btl      $0x19, %eax
0x000ebfc3:  0f 82 b4 00 00 00        jb       0xec07d

----------------
IN: 
0x000ebfc9:  b9 4a 00 00 00           movl     $0x4a, %ecx
0x000ebfce:  ba 72 00 00 00           movl     $0x72, %edx
0x000ebfd3:  0f b7 c3                 movzwl   %bx, %eax
0x000ebfd6:  e8 f3 e4 ff ff           calll    0xea4ce

----------------
IN: 
0x000ebfdb:  e8 54 ff ff ff           calll    0xebf34

----------------
IN: 
0x000ebf34:  57                       pushl    %edi
0x000ebf35:  56                       pushl    %esi
0x000ebf36:  b8 00 fe 0a 00           movl     $0xafe00, %eax
0x000ebf3b:  be 00 fe 03 00           movl     $0x3fe00, %esi
0x000ebf40:  b9 80 00 00 00           movl     $0x80, %ecx
0x000ebf45:  89 c7                    movl     %eax, %edi
0x000ebf47:  f3 a5                    rep movsl (%esi), %es:(%edi)

----------------
IN: 
0x000ebf49:  b8 00 80 0a 00           movl     $0xa8000, %eax
0x000ebf4e:  ba 00 80 03 00           movl     $0x38000, %edx
0x000ebf53:  8b 0a                    movl     (%edx), %ecx
0x000ebf55:  89 08                    movl     %ecx, (%eax)
0x000ebf57:  8b 52 04                 movl     4(%edx), %edx
0x000ebf5a:  89 50 04                 movl     %edx, 4(%eax)
0x000ebf5d:  b8 6e d0 00 00           movl     $0xd06e, %eax
0x000ebf62:  31 d2                    xorl     %edx, %edx
0x000ebf64:  0f a4 c2 18              shldl    $0x18, %eax, %edx
0x000ebf68:  c1 e0 18                 shll     $0x18, %eax
0x000ebf6b:  0d 8c c8 ea 00           orl      $0xeac88c, %eax
0x000ebf70:  81 ca 00 00 f0 00        orl      $0xf00000, %edx
0x000ebf76:  a3 00 80 03 00           movl     %eax, 0x38000
0x000ebf7b:  89 15 04 80 03 00        movl     %edx, 0x38004
0x000ebf81:  5e                       popl     %esi
0x000ebf82:  5f                       popl     %edi
0x000ebf83:  c3                       retl     

----------------
IN: 
0x000ebfe0:  81 cf 00 00 00 02        orl      $0x2000000, %edi
0x000ebfe6:  89 f9                    movl     %edi, %ecx
0x000ebfe8:  ba 58 00 00 00           movl     $0x58, %edx
0x000ebfed:  89 f0                    movl     %esi, %eax
0x000ebfef:  e8 5e e4 ff ff           calll    0xea452

----------------
IN: 
0x000ebff4:  66 a1 3c 4a 0f 00        movw     0xf4a3c, %ax
0x000ebffa:  8d 50 28                 leal     0x28(%eax), %edx
0x000ebffd:  ed                       inl      %dx, %eax

----------------
IN: 
0x000ebffe:  83 c8 01                 orl      $1, %eax

----------------
IN: 
0x000ec001:  ef                       outl     %eax, %dx

----------------
IN: 
0x000ec002:  e8 cd fe ff ff           calll    0xebed4

----------------
IN: 
0x000ebed4:  57                       pushl    %edi
0x000ebed5:  56                       pushl    %esi
0x000ebed6:  b0 01                    movb     $1, %al
0x000ebed8:  e6 b3                    outb     %al, $0xb3

----------------
IN: 
0x000ebeda:  31 c0                    xorl     %eax, %eax
0x000ebedc:  e6 b2                    outb     %al, $0xb2

----------------
IN: 
0x00038000:  8c c8                    movw     %cs, %ax
0x00038002:  ea 6e d0 00 f0           ljmpw    $0xf000:$0xd06e

----------------
IN: 
0x000fd06e:  66 ba 77 d0 0f 00        movl     $0xfd077, %edx
0x000fd074:  e9 d1 fe                 jmp      0xfcf48

----------------
IN: 
0x000fcf48:  2e 0f 01 1e 58 62        lidtw    %cs:0x6258
0x000fcf4e:  2e 0f 01 16 18 62        lgdtw    %cs:0x6218
0x000fcf54:  0f 20 c1                 movl     %cr0, %ecx
0x000fcf57:  66 81 e1 ff ff ff 1f     andl     $0x1fffffff, %ecx
0x000fcf5e:  66 83 c9 01              orl      $1, %ecx
0x000fcf62:  0f 22 c1                 movl     %ecx, %cr0

----------------
IN: 
0x000fcf65:  66 ea 6d cf 0f 00 08 00  ljmpl    $0x8:$0xfcf6d

----------------
IN: 
0x000fcf6d:  b9 10 00 00 00           movl     $0x10, %ecx
0x000fcf72:  8e d9                    movl     %ecx, %ds

----------------
IN: 
0x000fcf74:  8e c1                    movl     %ecx, %es

----------------
IN: 
0x000fcf76:  8e d1                    movl     %ecx, %ss

----------------
IN: 
0x000fcf78:  8e e1                    movl     %ecx, %fs

----------------
IN: 
0x000fcf7a:  8e e9                    movl     %ecx, %gs
0x000fcf7c:  ff e2                    jmpl     *%edx

----------------
IN: 
0x000fd077:  bc 00 80 0a 00           movl     $0xa8000, %esp
0x000fd07c:  e8 43 3b ff ff           calll    0xf0bc4

----------------
IN: 
0x000f0bc4:  55                       pushl    %ebp
0x000f0bc5:  89 e5                    movl     %esp, %ebp
0x000f0bc7:  57                       pushl    %edi
0x000f0bc8:  56                       pushl    %esi
0x000f0bc9:  53                       pushl    %ebx
0x000f0bca:  83 e4 f8                 andl     $0xfffffff8, %esp
0x000f0bcd:  83 ec 48                 subl     $0x48, %esp
0x000f0bd0:  0f b7 d0                 movzwl   %ax, %edx
0x000f0bd3:  e4 b2                    inb      $0xb2, %al

----------------
IN: 
0x000f0bd5:  c1 e2 04                 shll     $4, %edx
0x000f0bd8:  89 d3                    movl     %edx, %ebx
0x000f0bda:  8b 92 fc fe 00 00        movl     0xfefc(%edx), %edx
0x000f0be0:  81 e2 ff ff 02 00        andl     $0x2ffff, %edx
0x000f0be6:  81 fb 00 00 03 00        cmpl     $0x30000, %ebx
0x000f0bec:  75 77                    jne      0xf0c65

----------------
IN: 
0x000f0bee:  81 fa 00 00 02 00        cmpl     $0x20000, %edx
0x000f0bf4:  75 0c                    jne      0xf0c02

----------------
IN: 
0x000f0c02:  81 fa 64 00 02 00        cmpl     $0x20064, %edx
0x000f0c08:  75 0c                    jne      0xf0c16

----------------
IN: 
0x000f0c0a:  c7 05 00 ff 03 00 00 00  movl     $0xa0000, 0x3ff00
0x000f0c12:  0a 00
0x000f0c14:  eb 16                    jmp      0xf0c2c

----------------
IN: 
0x000f0c2c:  31 c0                    xorl     %eax, %eax
0x000f0c2e:  e6 b3                    outb     %al, $0xb3

----------------
IN: 
0x000f0c30:  b8 00 00 0a 00           movl     $0xa0000, %eax
0x000f0c35:  be 00 fe 03 00           movl     $0x3fe00, %esi
0x000f0c3a:  b9 80 00 00 00           movl     $0x80, %ecx
0x000f0c3f:  89 c7                    movl     %eax, %edi
0x000f0c41:  f3 a5                    rep movsl (%esi), %es:(%edi)

----------------
IN: 
0x000f0c43:  b8 00 02 0a 00           movl     $0xa0200, %eax
0x000f0c48:  be 00 fe 03 00           movl     $0x3fe00, %esi
0x000f0c4d:  b9 80 00 00 00           movl     $0x80, %ecx
0x000f0c52:  89 c7                    movl     %eax, %edi
0x000f0c54:  f3 a5                    rep movsl (%esi), %es:(%edi)

----------------
IN: 
0x000f0c56:  c7 05 14 62 0f 00 01 00  movl     $1, 0xf6214
0x000f0c5e:  00 00
0x000f0c60:  e9 ab 01 00 00           jmp      0xf0e10

----------------
IN: 
0x000f0e10:  8d 65 f4                 leal     -0xc(%ebp), %esp
0x000f0e13:  5b                       popl     %ebx
0x000f0e14:  5e                       popl     %esi
0x000f0e15:  5f                       popl     %edi
0x000f0e16:  5d                       popl     %ebp
0x000f0e17:  c3                       retl     

----------------
IN: 
0x000fd081:  0f aa                    rsm      

----------------
IN: 
0x000ebede:  e4 b3                    inb      $0xb3, %al

----------------
IN: 
0x000ebee0:  84 c0                    testb    %al, %al
0x000ebee2:  75 fa                    jne      0xebede

----------------
IN: 
0x000ebee4:  b8 00 fe 03 00           movl     $0x3fe00, %eax
0x000ebee9:  be 00 fe 0a 00           movl     $0xafe00, %esi
0x000ebeee:  b9 80 00 00 00           movl     $0x80, %ecx
0x000ebef3:  89 c7                    movl     %eax, %edi
0x000ebef5:  f3 a5                    rep movsl (%esi), %es:(%edi)

----------------
IN: 
0x000ebef7:  b8 00 80 03 00           movl     $0x38000, %eax
0x000ebefc:  ba 00 80 0a 00           movl     $0xa8000, %edx
0x000ebf01:  8b 0a                    movl     (%edx), %ecx
0x000ebf03:  89 08                    movl     %ecx, (%eax)
0x000ebf05:  8b 52 04                 movl     4(%edx), %edx
0x000ebf08:  89 50 04                 movl     %edx, 4(%eax)
0x000ebf0b:  b8 6e d0 00 00           movl     $0xd06e, %eax
0x000ebf10:  31 d2                    xorl     %edx, %edx
0x000ebf12:  0f a4 c2 18              shldl    $0x18, %eax, %edx
0x000ebf16:  c1 e0 18                 shll     $0x18, %eax
0x000ebf19:  0d 8c c8 ea 00           orl      $0xeac88c, %eax
0x000ebf1e:  81 ca 00 00 f0 00        orl      $0xf00000, %edx
0x000ebf24:  a3 00 80 0a 00           movl     %eax, 0xa8000
0x000ebf29:  89 15 04 80 0a 00        movl     %edx, 0xa8004
0x000ebf2f:  0f 09                    wbinvd   
0x000ebf31:  5e                       popl     %esi
0x000ebf32:  5f                       popl     %edi
0x000ebf33:  c3                       retl     

----------------
IN: 
0x000ec007:  b9 0a 00 00 00           movl     $0xa, %ecx
0x000ec00c:  ba 72 00 00 00           movl     $0x72, %edx
0x000ec011:  eb 5e                    jmp      0xec071

----------------
IN: 
0x000ec071:  0f b7 c3                 movzwl   %bx, %eax
0x000ec074:  5b                       popl     %ebx
0x000ec075:  5e                       popl     %esi
0x000ec076:  5f                       popl     %edi
0x000ec077:  5d                       popl     %ebp
0x000ec078:  e9 51 e4 ff ff           jmp      0xea4ce

----------------
IN: 
0x06ff7c9d:  8d 54 24 44              leal     0x44(%esp), %edx
0x06ff7ca1:  8d 44 24 5c              leal     0x5c(%esp), %eax
0x06ff7ca5:  50                       pushl    %eax
0x06ff7ca6:  8d 44 24 50              leal     0x50(%esp), %eax
0x06ff7caa:  50                       pushl    %eax
0x06ff7cab:  8d 4c 24 50              leal     0x50(%esp), %ecx
0x06ff7caf:  b8 01 00 00 00           movl     $1, %eax
0x06ff7cb4:  e8 37 29 0f f9           calll    0xea5f0

----------------
IN: 
0x06ff7cb9:  5d                       popl     %ebp
0x06ff7cba:  58                       popl     %eax
0x06ff7cbb:  8b 44 24 5c              movl     0x5c(%esp), %eax
0x06ff7cbf:  f7 d0                    notl     %eax
0x06ff7cc1:  a9 20 10 00 00           testl    $0x1020, %eax
0x06ff7cc6:  0f 85 ce 01 00 00        jne      0x6ff7e9a

----------------
IN: 
0x06ff7ccc:  b9 fe 00 00 00           movl     $0xfe, %ecx
0x06ff7cd1:  0f 32                    rdmsr    
0x06ff7cd3:  0f b6 f0                 movzbl   %al, %esi
0x06ff7cd6:  0f ba e0 08              btl      $8, %eax
0x06ff7cda:  0f 83 ba 01 00 00        jae      0x6ff7e9a

----------------
IN: 
0x06ff7ce0:  85 f6                    testl    %esi, %esi
0x06ff7ce2:  0f 84 b2 01 00 00        je       0x6ff7e9a

----------------
IN: 
0x06ff7ce8:  31 d2                    xorl     %edx, %edx
0x06ff7cea:  31 c9                    xorl     %ecx, %ecx
0x06ff7cec:  b8 ff 02 00 00           movl     $0x2ff, %eax
0x06ff7cf1:  e8 fa 68 ff ff           calll    0x6fee5f0

----------------
IN: 
0x06fee5f0:  56                       pushl    %esi
0x06fee5f1:  53                       pushl    %ebx
0x06fee5f2:  89 c3                    movl     %eax, %ebx
0x06fee5f4:  89 d0                    movl     %edx, %eax
0x06fee5f6:  89 ca                    movl     %ecx, %edx
0x06fee5f8:  89 d9                    movl     %ebx, %ecx
0x06fee5fa:  0f 30                    wrmsr    

----------------
IN: 
0x06fee5fc:  8b 0d 68 4b 0f 00        movl     0xf4b68, %ecx
0x06fee602:  83 f9 1f                 cmpl     $0x1f, %ecx
0x06fee605:  76 11                    jbe      0x6fee618

----------------
IN: 
0x06fee618:  6b f1 0c                 imull    $0xc, %ecx, %esi
0x06fee61b:  89 9e 80 4b 0f 00        movl     %ebx, 0xf4b80(%esi)
0x06fee621:  89 86 84 4b 0f 00        movl     %eax, 0xf4b84(%esi)
0x06fee627:  89 96 88 4b 0f 00        movl     %edx, 0xf4b88(%esi)
0x06fee62d:  41                       incl     %ecx
0x06fee62e:  89 0d 68 4b 0f 00        movl     %ecx, 0xf4b68
0x06fee634:  5b                       popl     %ebx
0x06fee635:  5e                       popl     %esi
0x06fee636:  c3                       retl     

----------------
IN: 
0x06ff7cf6:  31 ff                    xorl     %edi, %edi
0x06ff7cf8:  89 7c 24 68              movl     %edi, 0x68(%esp)
0x06ff7cfc:  89 7c 24 6c              movl     %edi, 0x6c(%esp)
0x06ff7d00:  8b 15 28 ff ff 06        movl     0x6ffff28, %edx
0x06ff7d06:  31 c0                    xorl     %eax, %eax
0x06ff7d08:  40                       incl     %eax
0x06ff7d09:  89 c1                    movl     %eax, %ecx
0x06ff7d0b:  c1 e1 10                 shll     $0x10, %ecx
0x06ff7d0e:  39 ca                    cmpl     %ecx, %edx
0x06ff7d10:  72 05                    jb       0x6ff7d17

----------------
IN: 
0x06ff7d12:  c6 44 04 67 06           movb     $6, 0x67(%esp, %eax)
0x06ff7d17:  83 f8 08                 cmpl     $8, %eax
0x06ff7d1a:  75 ec                    jne      0x6ff7d08

----------------
IN: 
0x06ff7d08:  40                       incl     %eax
0x06ff7d09:  89 c1                    movl     %eax, %ecx
0x06ff7d0b:  c1 e1 10                 shll     $0x10, %ecx
0x06ff7d0e:  39 ca                    cmpl     %ecx, %edx
0x06ff7d10:  72 05                    jb       0x6ff7d17

----------------
IN: 
0x06ff7d1c:  8b 54 24 68              movl     0x68(%esp), %edx
0x06ff7d20:  8b 4c 24 6c              movl     0x6c(%esp), %ecx
0x06ff7d24:  b8 50 02 00 00           movl     $0x250, %eax
0x06ff7d29:  e8 c2 68 ff ff           calll    0x6fee5f0

----------------
IN: 
0x06ff7d2e:  31 db                    xorl     %ebx, %ebx
0x06ff7d30:  89 5c 24 68              movl     %ebx, 0x68(%esp)
0x06ff7d34:  89 5c 24 6c              movl     %ebx, 0x6c(%esp)
0x06ff7d38:  8b 0d 28 ff ff 06        movl     0x6ffff28, %ecx
0x06ff7d3e:  8d 54 24 68              leal     0x68(%esp), %edx
0x06ff7d42:  b8 00 40 08 00           movl     $0x84000, %eax
0x06ff7d47:  39 c1                    cmpl     %eax, %ecx
0x06ff7d49:  72 03                    jb       0x6ff7d4e

----------------
IN: 
0x06ff7d4b:  c6 02 06                 movb     $6, (%edx)
0x06ff7d4e:  05 00 40 00 00           addl     $0x4000, %eax
0x06ff7d53:  42                       incl     %edx
0x06ff7d54:  3d 00 40 0a 00           cmpl     $0xa4000, %eax
0x06ff7d59:  75 ec                    jne      0x6ff7d47

----------------
IN: 
0x06ff7d47:  39 c1                    cmpl     %eax, %ecx
0x06ff7d49:  72 03                    jb       0x6ff7d4e

----------------
IN: 
0x06ff7d5b:  8b 54 24 68              movl     0x68(%esp), %edx
0x06ff7d5f:  8b 4c 24 6c              movl     0x6c(%esp), %ecx
0x06ff7d63:  b8 58 02 00 00           movl     $0x258, %eax
0x06ff7d68:  e8 83 68 ff ff           calll    0x6fee5f0

----------------
IN: 
0x06ff7d6d:  31 d2                    xorl     %edx, %edx
0x06ff7d6f:  31 c9                    xorl     %ecx, %ecx
0x06ff7d71:  b8 59 02 00 00           movl     $0x259, %eax
0x06ff7d76:  e8 75 68 ff ff           calll    0x6fee5f0

----------------
IN: 
0x06ff7d7b:  bb 68 02 00 00           movl     $0x268, %ebx
0x06ff7d80:  31 c9                    xorl     %ecx, %ecx
0x06ff7d82:  89 4c 24 68              movl     %ecx, 0x68(%esp)
0x06ff7d86:  89 4c 24 6c              movl     %ecx, 0x6c(%esp)
0x06ff7d8a:  8b 0d 28 ff ff 06        movl     0x6ffff28, %ecx
0x06ff7d90:  89 d8                    movl     %ebx, %eax
0x06ff7d92:  c1 e0 0f                 shll     $0xf, %eax
0x06ff7d95:  2d 00 f0 27 01           subl     $0x127f000, %eax
0x06ff7d9a:  31 d2                    xorl     %edx, %edx
0x06ff7d9c:  42                       incl     %edx
0x06ff7d9d:  39 c1                    cmpl     %eax, %ecx
0x06ff7d9f:  72 05                    jb       0x6ff7da6

----------------
IN: 
0x06ff7da1:  c6 44 14 67 05           movb     $5, 0x67(%esp, %edx)
0x06ff7da6:  05 00 10 00 00           addl     $0x1000, %eax
0x06ff7dab:  83 fa 08                 cmpl     $8, %edx
0x06ff7dae:  75 ec                    jne      0x6ff7d9c

----------------
IN: 
0x06ff7d9c:  42                       incl     %edx
0x06ff7d9d:  39 c1                    cmpl     %eax, %ecx
0x06ff7d9f:  72 05                    jb       0x6ff7da6

----------------
IN: 
0x06ff7db0:  8b 54 24 68              movl     0x68(%esp), %edx
0x06ff7db4:  8b 4c 24 6c              movl     0x6c(%esp), %ecx
0x06ff7db8:  89 d8                    movl     %ebx, %eax
0x06ff7dba:  e8 31 68 ff ff           calll    0x6fee5f0

----------------
IN: 
0x06ff7dbf:  43                       incl     %ebx
0x06ff7dc0:  81 fb 70 02 00 00        cmpl     $0x270, %ebx
0x06ff7dc6:  75 b8                    jne      0x6ff7d80

----------------
IN: 
0x06ff7d80:  31 c9                    xorl     %ecx, %ecx
0x06ff7d82:  89 4c 24 68              movl     %ecx, 0x68(%esp)
0x06ff7d86:  89 4c 24 6c              movl     %ecx, 0x6c(%esp)
0x06ff7d8a:  8b 0d 28 ff ff 06        movl     0x6ffff28, %ecx
0x06ff7d90:  89 d8                    movl     %ebx, %eax
0x06ff7d92:  c1 e0 0f                 shll     $0xf, %eax
0x06ff7d95:  2d 00 f0 27 01           subl     $0x127f000, %eax
0x06ff7d9a:  31 d2                    xorl     %edx, %edx
0x06ff7d9c:  42                       incl     %edx
0x06ff7d9d:  39 c1                    cmpl     %eax, %ecx
0x06ff7d9f:  72 05                    jb       0x6ff7da6

----------------
IN: 
0x06ff7dc8:  8d 6c 24 54              leal     0x54(%esp), %ebp
0x06ff7dcc:  55                       pushl    %ebp
0x06ff7dcd:  8d 7c 24 50              leal     0x50(%esp), %edi
0x06ff7dd1:  57                       pushl    %edi
0x06ff7dd2:  8d 4c 24 50              leal     0x50(%esp), %ecx
0x06ff7dd6:  8d 54 24 4c              leal     0x4c(%esp), %edx
0x06ff7dda:  b8 00 00 00 80           movl     $0x80000000, %eax
0x06ff7ddf:  e8 0c 28 0f f9           calll    0xea5f0

----------------
IN: 
0x06ff7de4:  58                       popl     %eax
0x06ff7de5:  5a                       popl     %edx
0x06ff7de6:  bb 24 00 00 00           movl     $0x24, %ebx
0x06ff7deb:  81 7c 24 44 07 00 00 80  cmpl     $0x80000007, 0x44(%esp)
0x06ff7df3:  76 1b                    jbe      0x6ff7e10

----------------
IN: 
0x06ff7df5:  55                       pushl    %ebp
0x06ff7df6:  57                       pushl    %edi
0x06ff7df7:  8d 4c 24 50              leal     0x50(%esp), %ecx
0x06ff7dfb:  8d 54 24 4c              leal     0x4c(%esp), %edx
0x06ff7dff:  b8 08 00 00 80           movl     $0x80000008, %eax
0x06ff7e04:  e8 e7 27 0f f9           calll    0xea5f0

----------------
IN: 
0x06ff7e09:  0f b6 5c 24 4c           movzbl   0x4c(%esp), %ebx
0x06ff7e0e:  59                       popl     %ecx
0x06ff7e0f:  5f                       popl     %edi
0x06ff7e10:  31 ff                    xorl     %edi, %edi
0x06ff7e12:  8d 84 3f 00 02 00 00     leal     0x200(%edi, %edi), %eax
0x06ff7e19:  31 d2                    xorl     %edx, %edx
0x06ff7e1b:  31 c9                    xorl     %ecx, %ecx
0x06ff7e1d:  e8 ce 67 ff ff           calll    0x6fee5f0

----------------
IN: 
0x06ff7e22:  8d 84 3f 01 02 00 00     leal     0x201(%edi, %edi), %eax
0x06ff7e29:  31 d2                    xorl     %edx, %edx
0x06ff7e2b:  31 c9                    xorl     %ecx, %ecx
0x06ff7e2d:  e8 be 67 ff ff           calll    0x6fee5f0

----------------
IN: 
0x06ff7e32:  47                       incl     %edi
0x06ff7e33:  39 fe                    cmpl     %edi, %esi
0x06ff7e35:  7f db                    jg       0x6ff7e12

----------------
IN: 
0x06ff7e12:  8d 84 3f 00 02 00 00     leal     0x200(%edi, %edi), %eax
0x06ff7e19:  31 d2                    xorl     %edx, %edx
0x06ff7e1b:  31 c9                    xorl     %ecx, %ecx
0x06ff7e1d:  e8 ce 67 ff ff           calll    0x6fee5f0

----------------
IN: 
0x06ff7e37:  8b 15 d0 fd ff 06        movl     0x6fffdd0, %edx
0x06ff7e3d:  8b 0d d4 fd ff 06        movl     0x6fffdd4, %ecx
0x06ff7e43:  b8 00 02 00 00           movl     $0x200, %eax
0x06ff7e48:  e8 a3 67 ff ff           calll    0x6fee5f0

----------------
IN: 
0x06ff7e4d:  a1 d0 fd ff 06           movl     0x6fffdd0, %eax
0x06ff7e52:  8b 15 d4 fd ff 06        movl     0x6fffdd4, %edx
0x06ff7e58:  4a                       decl     %edx
0x06ff7e59:  88 d9                    movb     %bl, %cl
0x06ff7e5b:  be ff ff ff ff           movl     $0xffffffff, %esi
0x06ff7e60:  89 f7                    movl     %esi, %edi
0x06ff7e62:  d3 e6                    shll     %cl, %esi
0x06ff7e64:  f6 c1 20                 testb    $0x20, %cl
0x06ff7e67:  74 04                    je       0x6ff7e6d

----------------
IN: 
0x06ff7e69:  89 f7                    movl     %esi, %edi
0x06ff7e6b:  31 f6                    xorl     %esi, %esi
0x06ff7e6d:  f7 d6                    notl     %esi
0x06ff7e6f:  f7 d7                    notl     %edi
0x06ff7e71:  21 c6                    andl     %eax, %esi
0x06ff7e73:  21 d7                    andl     %edx, %edi
0x06ff7e75:  81 ce 00 08 00 00        orl      $0x800, %esi
0x06ff7e7b:  89 f2                    movl     %esi, %edx
0x06ff7e7d:  89 f9                    movl     %edi, %ecx
0x06ff7e7f:  b8 01 02 00 00           movl     $0x201, %eax
0x06ff7e84:  e8 67 67 ff ff           calll    0x6fee5f0

----------------
IN: 
0x06ff7e89:  ba 06 0c 00 00           movl     $0xc06, %edx
0x06ff7e8e:  31 c9                    xorl     %ecx, %ecx
0x06ff7e90:  b8 ff 02 00 00           movl     $0x2ff, %eax
0x06ff7e95:  e8 56 67 ff ff           calll    0x6fee5f0

----------------
IN: 
0x06ff7e9a:  31 d2                    xorl     %edx, %edx
0x06ff7e9c:  31 c9                    xorl     %ecx, %ecx
0x06ff7e9e:  b8 6c 2d 0f 00           movl     $0xf2d6c, %eax
0x06ff7ea3:  e8 13 63 ff ff           calll    0x6fee1bb

----------------
IN: 
0x06ff7ea8:  89 d1                    movl     %edx, %ecx
0x06ff7eaa:  85 d2                    testl    %edx, %edx
0x06ff7eac:  75 04                    jne      0x6ff7eb2

----------------
IN: 
0x06ff7eae:  85 c0                    testl    %eax, %eax
0x06ff7eb0:  74 0c                    je       0x6ff7ebe

----------------
IN: 
0x06ff7ebe:  31 d2                    xorl     %edx, %edx
0x06ff7ec0:  31 c9                    xorl     %ecx, %ecx
0x06ff7ec2:  b8 90 1f 0f 00           movl     $0xf1f90, %eax
0x06ff7ec7:  e8 ef 62 ff ff           calll    0x6fee1bb

----------------
IN: 
0x06ff7ecc:  89 c3                    movl     %eax, %ebx
0x06ff7ece:  a3 64 4b 0f 00           movl     %eax, 0xf4b64
0x06ff7ed3:  e8 29 4f 0f f9           calll    0xece01

----------------
IN: 
0x000ece01:  51                       pushl    %ecx
0x000ece02:  66 c7 44 24 02 00 00     movw     $0, 2(%esp)
0x000ece09:  83 3d 04 4d 0f 00 00     cmpl     $0, 0xf4d04
0x000ece10:  74 13                    je       0xece25

----------------
IN: 
0x000ece12:  8d 44 24 02              leal     2(%esp), %eax
0x000ece16:  b9 02 00 00 00           movl     $2, %ecx
0x000ece1b:  ba 05 00 00 00           movl     $5, %edx
0x000ece20:  e8 a8 ff ff ff           calll    0xecdcd

----------------
IN: 
0x000ece25:  b0 88                    movb     $0x88, %al
0x000ece27:  e6 70                    outb     %al, $0x70

----------------
IN: 
0x000ece29:  e4 71                    inb      $0x71, %al

----------------
IN: 
0x000ece2b:  fe c0                    incb     %al
0x000ece2d:  74 16                    je       0xece45

----------------
IN: 
0x000ece2f:  b0 df                    movb     $0xdf, %al
0x000ece31:  e6 70                    outb     %al, $0x70

----------------
IN: 
0x000ece33:  e4 71                    inb      $0x71, %al

----------------
IN: 
0x000ece35:  0f b6 c0                 movzbl   %al, %eax
0x000ece38:  40                       incl     %eax
0x000ece39:  66 39 44 24 02           cmpw     %ax, 2(%esp)
0x000ece3e:  73 05                    jae      0xece45

----------------
IN: 
0x000ece45:  66 8b 44 24 02           movw     2(%esp), %ax
0x000ece4a:  5a                       popl     %edx
0x000ece4b:  c3                       retl     

----------------
IN: 
0x06ff7ed8:  0f b7 c0                 movzwl   %ax, %eax
0x06ff7edb:  39 c3                    cmpl     %eax, %ebx
0x06ff7edd:  73 05                    jae      0x6ff7ee4

----------------
IN: 
0x06ff7ee4:  e8 84 6e 0f f9           calll    0xeed6d

----------------
IN: 
0x000eed6d:  57                       pushl    %edi
0x000eed6e:  56                       pushl    %esi
0x000eed6f:  53                       pushl    %ebx
0x000eed70:  83 ec 10                 subl     $0x10, %esp
0x000eed73:  8d 4c 24 04              leal     4(%esp), %ecx
0x000eed77:  89 e2                    movl     %esp, %edx
0x000eed79:  8d 44 24 0c              leal     0xc(%esp), %eax
0x000eed7d:  50                       pushl    %eax
0x000eed7e:  8d 44 24 0c              leal     0xc(%esp), %eax
0x000eed82:  50                       pushl    %eax
0x000eed83:  b8 01 00 00 00           movl     $1, %eax
0x000eed88:  e8 63 b8 ff ff           calll    0xea5f0

----------------
IN: 
0x000eed8d:  5a                       popl     %edx
0x000eed8e:  59                       popl     %ecx
0x000eed8f:  83 3c 24 00              cmpl     $0, (%esp)
0x000eed93:  74 07                    je       0xeed9c

----------------
IN: 
0x000eed95:  f6 44 24 0d 02           testb    $2, 0xd(%esp)
0x000eed9a:  75 1a                    jne      0xeedb6

----------------
IN: 
0x000eedb6:  c7 05 60 4b 0f 00 01 00  movl     $1, 0xf4b60
0x000eedbe:  00 00
0x000eedc0:  8b 35 00 00 01 00        movl     0x10000, %esi
0x000eedc6:  8b 3d 04 00 01 00        movl     0x10004, %edi
0x000eedcc:  b8 83 d0 00 00           movl     $0xd083, %eax
0x000eedd1:  c1 e0 08                 shll     $8, %eax
0x000eedd4:  31 d2                    xorl     %edx, %edx
0x000eedd6:  0c ea                    orb      $0xea, %al
0x000eedd8:  80 ca f0                 orb      $0xf0, %dl
0x000eeddb:  a3 00 00 01 00           movl     %eax, 0x10000
0x000eede0:  89 15 04 00 01 00        movl     %edx, 0x10004
0x000eede6:  a1 f0 00 e0 fe           movl     0xfee000f0, %eax
0x000eedeb:  80 cc 01                 orb      $1, %ah
0x000eedee:  a3 f0 00 e0 fe           movl     %eax, 0xfee000f0
0x000eedf3:  c7 05 50 03 e0 fe 00 87  movl     $0x8700, 0xfee00350
0x000eedfb:  00 00
0x000eedfd:  c7 05 60 03 e0 fe 00 84  movl     $0x8400, 0xfee00360
0x000eee05:  00 00
0x000eee07:  c7 05 28 4b 0f 00 01 00  movl     $1, 0xf4b28
0x000eee0f:  00 00
0x000eee11:  c7 05 00 03 e0 fe 00 45  movl     $0xc4500, 0xfee00300
0x000eee19:  0c 00
0x000eee1b:  c7 05 00 03 e0 fe 10 46  movl     $0xc4610, 0xfee00300
0x000eee23:  0c 00
0x000eee25:  e8 be b9 ff ff           calll    0xea7e8

----------------
IN: 
0x000eede6:  a1 f0 00 e0 fe           movl     0xfee000f0, %eax

----------------
IN: 
0x000eedeb:  80 cc 01                 orb      $1, %ah
0x000eedee:  a3 f0 00 e0 fe           movl     %eax, 0xfee000f0
0x000eedf3:  c7 05 50 03 e0 fe 00 87  movl     $0x8700, 0xfee00350
0x000eedfb:  00 00
0x000eedfd:  c7 05 60 03 e0 fe 00 84  movl     $0x8400, 0xfee00360
0x000eee05:  00 00
0x000eee07:  c7 05 28 4b 0f 00 01 00  movl     $1, 0xf4b28
0x000eee0f:  00 00
0x000eee11:  c7 05 00 03 e0 fe 00 45  movl     $0xc4500, 0xfee00300
0x000eee19:  0c 00
0x000eee1b:  c7 05 00 03 e0 fe 10 46  movl     $0xc4610, 0xfee00300
0x000eee23:  0c 00
0x000eee25:  e8 be b9 ff ff           calll    0xea7e8

----------------
IN: 
0x000eedee:  a3 f0 00 e0 fe           movl     %eax, 0xfee000f0

----------------
IN: 
0x000eedf3:  c7 05 50 03 e0 fe 00 87  movl     $0x8700, 0xfee00350
0x000eedfb:  00 00
0x000eedfd:  c7 05 60 03 e0 fe 00 84  movl     $0x8400, 0xfee00360
0x000eee05:  00 00
0x000eee07:  c7 05 28 4b 0f 00 01 00  movl     $1, 0xf4b28
0x000eee0f:  00 00
0x000eee11:  c7 05 00 03 e0 fe 00 45  movl     $0xc4500, 0xfee00300
0x000eee19:  0c 00
0x000eee1b:  c7 05 00 03 e0 fe 10 46  movl     $0xc4610, 0xfee00300
0x000eee23:  0c 00
0x000eee25:  e8 be b9 ff ff           calll    0xea7e8

----------------
IN: 
0x000eedf3:  c7 05 50 03 e0 fe 00 87  movl     $0x8700, 0xfee00350
0x000eedfb:  00 00

----------------
IN: 
0x000eedfd:  c7 05 60 03 e0 fe 00 84  movl     $0x8400, 0xfee00360
0x000eee05:  00 00
0x000eee07:  c7 05 28 4b 0f 00 01 00  movl     $1, 0xf4b28
0x000eee0f:  00 00
0x000eee11:  c7 05 00 03 e0 fe 00 45  movl     $0xc4500, 0xfee00300
0x000eee19:  0c 00
0x000eee1b:  c7 05 00 03 e0 fe 10 46  movl     $0xc4610, 0xfee00300
0x000eee23:  0c 00
0x000eee25:  e8 be b9 ff ff           calll    0xea7e8

----------------
IN: 
0x000eedfd:  c7 05 60 03 e0 fe 00 84  movl     $0x8400, 0xfee00360
0x000eee05:  00 00

----------------
IN: 
0x000eee07:  c7 05 28 4b 0f 00 01 00  movl     $1, 0xf4b28
0x000eee0f:  00 00
0x000eee11:  c7 05 00 03 e0 fe 00 45  movl     $0xc4500, 0xfee00300
0x000eee19:  0c 00
0x000eee1b:  c7 05 00 03 e0 fe 10 46  movl     $0xc4610, 0xfee00300
0x000eee23:  0c 00
0x000eee25:  e8 be b9 ff ff           calll    0xea7e8

----------------
IN: 
0x000eee11:  c7 05 00 03 e0 fe 00 45  movl     $0xc4500, 0xfee00300
0x000eee19:  0c 00

----------------
IN: 
0x000eee1b:  c7 05 00 03 e0 fe 10 46  movl     $0xc4610, 0xfee00300
0x000eee23:  0c 00
0x000eee25:  e8 be b9 ff ff           calll    0xea7e8

----------------
IN: 
0x000eee1b:  c7 05 00 03 e0 fe 10 46  movl     $0xc4610, 0xfee00300
0x000eee23:  0c 00

----------------
IN: 
0x000eee25:  e8 be b9 ff ff           calll    0xea7e8

----------------
IN: 
0x000ea7e8:  53                       pushl    %ebx
0x000ea7e9:  83 ec 10                 subl     $0x10, %esp
0x000ea7ec:  8d 4c 24 04              leal     4(%esp), %ecx
0x000ea7f0:  89 e2                    movl     %esp, %edx
0x000ea7f2:  8d 44 24 0c              leal     0xc(%esp), %eax
0x000ea7f6:  50                       pushl    %eax
0x000ea7f7:  8d 44 24 0c              leal     0xc(%esp), %eax
0x000ea7fb:  50                       pushl    %eax
0x000ea7fc:  b8 01 00 00 00           movl     $1, %eax
0x000ea801:  e8 ea fd ff ff           calll    0xea5f0

----------------
IN: 
0x000ea806:  58                       popl     %eax
0x000ea807:  5a                       popl     %edx
0x000ea808:  81 3d 64 4b 0f 00 ff 00  cmpl     $0xff, 0xf4b64
0x000ea810:  00 00
0x000ea812:  77 1e                    ja       0xea832

----------------
IN: 
0x000ea814:  8b 54 24 04              movl     4(%esp), %edx
0x000ea818:  89 d0                    movl     %edx, %eax
0x000ea81a:  c1 e8 18                 shrl     $0x18, %eax
0x000ea81d:  c1 ea 1d                 shrl     $0x1d, %edx
0x000ea820:  bb 01 00 00 00           movl     $1, %ebx
0x000ea825:  88 c1                    movb     %al, %cl
0x000ea827:  d3 e3                    shll     %cl, %ebx
0x000ea829:  09 1c 95 40 4b 0f 00     orl      %ebx, 0xf4b40(, %edx, 4)
0x000ea830:  eb 1d                    jmp      0xea84f

----------------
IN: 
0x000ea84f:  83 c4 10                 addl     $0x10, %esp
0x000ea852:  5b                       popl     %ebx
0x000ea853:  c3                       retl     

----------------
IN: 
0x000eee2a:  e8 d2 df ff ff           calll    0xece01

----------------
IN: 
0x000eee2f:  0f b7 d8                 movzwl   %ax, %ebx
0x000eee32:  3b 1d 60 4b 0f 00        cmpl     0xf4b60, %ebx
0x000eee38:  74 1f                    je       0xeee59

----------------
IN: 
0x000eee59:  e8 d6 dc ff ff           calll    0xecb34

----------------
IN: 
0x000ecb34:  53                       pushl    %ebx
0x000ecb35:  89 e0                    movl     %esp, %eax
0x000ecb37:  bb 08 62 0f 00           movl     $0xf6208, %ebx
0x000ecb3c:  3d 00 00 10 00           cmpl     $0x100000, %eax
0x000ecb41:  76 07                    jbe      0xecb4a

----------------
IN: 
0x000ecb4a:  89 d8                    movl     %ebx, %eax
0x000ecb4c:  e8 2c d7 ff ff           calll    0xea27d

----------------
IN: 
0x000ea27d:  8b 50 04                 movl     4(%eax), %edx
0x000ea280:  8d 4a fc                 leal     -4(%edx), %ecx
0x000ea283:  39 c8                    cmpl     %ecx, %eax
0x000ea285:  74 13                    je       0xea29a

----------------
IN: 
0x000ea29a:  c3                       retl     

----------------
IN: 
0x000ecb51:  81 fb 08 62 0f 00        cmpl     $0xf6208, %ebx
0x000ecb57:  75 06                    jne      0xecb5f

----------------
IN: 
0x000ecb59:  5b                       popl     %ebx
0x000ecb5a:  e9 bb ff ff ff           jmp      0xecb1a

----------------
IN: 
0x000ecb1a:  80 3d 01 4e 0f 00 00     cmpb     $0, 0xf4e01
0x000ecb21:  75 03                    jne      0xecb26

----------------
IN: 
0x000ecb26:  b9 f5 88 0f 00           movl     $0xf88f5, %ecx
0x000ecb2b:  31 d2                    xorl     %edx, %edx
0x000ecb2d:  31 c0                    xorl     %eax, %eax
0x000ecb2f:  e9 5e ff ff ff           jmp      0xeca92

----------------
IN: 
0x000eca92:  55                       pushl    %ebp
0x000eca93:  57                       pushl    %edi
0x000eca94:  56                       pushl    %esi
0x000eca95:  53                       pushl    %ebx
0x000eca96:  89 c6                    movl     %eax, %esi
0x000eca98:  89 e0                    movl     %esp, %eax
0x000eca9a:  3d 00 00 10 00           cmpl     $0x100000, %eax
0x000eca9f:  76 0a                    jbe      0xecaab

----------------
IN: 
0x000ecaab:  89 d3                    movl     %edx, %ebx
0x000ecaad:  a0 1c a2 0e 00           movb     0xea21c, %al
0x000ecab2:  8d a9 00 00 f1 ff        leal     -0xf0000(%ecx), %ebp
0x000ecab8:  0f b7 3d 20 a2 0e 00     movzwl   0xea220, %edi
0x000ecabf:  3c 02                    cmpb     $2, %al
0x000ecac1:  75 1d                    jne      0xecae0

----------------
IN: 
0x000ecae0:  b9 93 cf 0f 00           movl     $0xfcf93, %ecx
0x000ecae5:  fe c8                    decb     %al
0x000ecae7:  74 0e                    je       0xecaf7

----------------
IN: 
0x000ecaf7:  89 f0                    movl     %esi, %eax
0x000ecaf9:  ba 96 62 00 00           movl     $0x6296, %edx
0x000ecafe:  ff e1                    jmpl     *%ecx

----------------
IN: 
0x000fcf93:  b9 30 00 00 00           movl     $0x30, %ecx
0x000fcf98:  8e d9                    movl     %ecx, %ds

----------------
IN: 
0x000fcf9a:  8e c1                    movl     %ecx, %es

----------------
IN: 
0x000fcf9c:  8e d1                    movl     %ecx, %ss

----------------
IN: 
0x000fcf9e:  8e e1                    movl     %ecx, %fs

----------------
IN: 
0x000fcfa0:  8e e9                    movl     %ecx, %gs
0x000fcfa2:  66 ea a8 cf 28 00        ljmpw    $0x28:$0xcfa8

----------------
IN: 
0x000fcfa8:  0f 20 c1                 movl     %cr0, %ecx
0x000fcfab:  66 83 e1 fe              andl     $0xfffffffe, %ecx
0x000fcfaf:  0f 22 c1                 movl     %ecx, %cr0

----------------
IN: 
0x000fcfb2:  ea b7 cf 00 f0           ljmpw    $0xf000:$0xcfb7

----------------
IN: 
0x000fcfb7:  2e 0f 01 1e 60 62        lidtw    %cs:0x6260
0x000fcfbd:  31 c9                    xorw     %cx, %cx
0x000fcfbf:  8e e1                    movw     %cx, %fs
0x000fcfc1:  8e e9                    movw     %cx, %gs
0x000fcfc3:  8e c1                    movw     %cx, %es
0x000fcfc5:  8e d9                    movw     %cx, %ds
0x000fcfc7:  8e d1                    movw     %cx, %ss

----------------
IN: 
0x000fcfc9:  66 ff e2                 jmpl     *%edx

----------------
IN: 
0x000f6296:  66 89 f9                 movl     %edi, %ecx
0x000f6299:  66 c1 e7 04              shll     $4, %edi
0x000f629d:  8e d1                    movw     %cx, %ss

----------------
IN: 
0x000f629f:  66 29 fc                 subl     %edi, %esp

----------------
IN: 
0x000f62a2:  8e d9                    movw     %cx, %ds
0x000f62a4:  66 89 da                 movl     %ebx, %edx
0x000f62a7:  66 89 e9                 movl     %ebp, %ecx
0x000f62aa:  66 e8 f6 19 00 00        calll    0xf7ca6

----------------
IN: 
0x000f7ca6:  66 55                    pushl    %ebp
0x000f7ca8:  66 57                    pushl    %edi
0x000f7caa:  66 56                    pushl    %esi
0x000f7cac:  66 53                    pushl    %ebx
0x000f7cae:  66 89 c7                 movl     %eax, %edi
0x000f7cb1:  66 89 d5                 movl     %edx, %ebp
0x000f7cb4:  66 89 ce                 movl     %ecx, %esi
0x000f7cb7:  66 e8 71 f3 ff ff        calll    0xf702e

----------------
IN: 
0x000f702e:  66 56                    pushl    %esi
0x000f7030:  66 53                    pushl    %ebx
0x000f7032:  66 83 ec 08              subl     $8, %esp
0x000f7036:  66 be 80 da 00 00        movl     $0xda80, %esi
0x000f703c:  8e c6                    movw     %si, %es
0x000f703e:  26 8a 1e 1c fa           movb     %es:0xfa1c, %bl
0x000f7043:  66 31 c0                 xorl     %eax, %eax
0x000f7046:  26 a2 1c fa              movb     %al, %es:0xfa1c
0x000f704a:  66 31 c0                 xorl     %eax, %eax
0x000f704d:  26 a3 20 fa              movw     %ax, %es:0xfa20
0x000f7051:  80 fb 02                 cmpb     $2, %bl
0x000f7054:  74 5b                    je       0xf70b1

----------------
IN: 
0x000f7056:  26 a0 1e fa              movb     %es:0xfa1e, %al
0x000f705a:  84 c0                    testb    %al, %al
0x000f705c:  75 09                    jne      0xf7067

----------------
IN: 
0x000f7067:  8e c6                    movw     %si, %es
0x000f7069:  26 a1 2c fa              movw     %es:0xfa2c, %ax
0x000f706d:  67 89 44 24 02           movw     %ax, 2(%esp)
0x000f7072:  26 66 a1 2e fa           movl     %es:0xfa2e, %eax
0x000f7077:  67 66 89 44 24 04        movl     %eax, 4(%esp)
0x000f707d:  67 66 0f 01 54 24 02     lgdtl    2(%esp)
0x000f7084:  8e c6                    movw     %si, %es
0x000f7086:  26 a1 22 fa              movw     %es:0xfa22, %ax
0x000f708a:  8e e0                    movw     %ax, %fs
0x000f708c:  26 a1 24 fa              movw     %es:0xfa24, %ax
0x000f7090:  8e e8                    movw     %ax, %gs
0x000f7092:  26 66 a1 28 fa           movl     %es:0xfa28, %eax
0x000f7097:  66 25 00 00 00 60        andl     $0x60000000, %eax
0x000f709d:  66 89 c2                 movl     %eax, %edx
0x000f70a0:  74 0f                    je       0xf70b1

----------------
IN: 
0x000f70b1:  8e c6                    movw     %si, %es
0x000f70b3:  26 a0 1d fa              movb     %es:0xfa1d, %al
0x000f70b7:  84 c0                    testb    %al, %al
0x000f70b9:  78 04                    js       0xf70bf

----------------
IN: 
0x000f70bb:  e6 70                    outb     %al, $0x70

----------------
IN: 
0x000f70bd:  e4 71                    inb      $0x71, %al

----------------
IN: 
0x000f70bf:  88 d8                    movb     %bl, %al
0x000f70c1:  66 83 c4 08              addl     $8, %esp
0x000f70c5:  66 5b                    popl     %ebx
0x000f70c7:  66 5e                    popl     %esi
0x000f70c9:  66 c3                    retl     

----------------
IN: 
0x000f7cbd:  88 c3                    movb     %al, %bl
0x000f7cbf:  66 89 ea                 movl     %ebp, %edx
0x000f7cc2:  66 89 f8                 movl     %edi, %eax
0x000f7cc5:  66 ff d6                 calll    *%esi

----------------
IN: 
0x000f88f5:  66 e8 51 e3 ff ff        calll    0xf6c4c

----------------
IN: 
0x000f6c4c:  8c d0                    movw     %ss, %ax
0x000f6c4e:  66 0f b7 c0              movzwl   %ax, %eax
0x000f6c52:  66 31 d2                 xorl     %edx, %edx
0x000f6c55:  66 3d 80 da 00 00        cmpl     $0xda80, %eax
0x000f6c5b:  75 0f                    jne      0xf6c6c

----------------
IN: 
0x000f6c6c:  66 89 d0                 movl     %edx, %eax
0x000f6c6f:  66 c3                    retl     

----------------
IN: 
0x000f88fb:  66 85 c0                 testl    %eax, %eax
0x000f88fe:  74 0f                    je       0xf890f

----------------
IN: 
0x000f890f:  fb                       sti      

----------------
IN: 
0x000f8910:  90                       nop      

----------------
IN: 
0x000f8911:  f3 90                    pause    

----------------
IN: 
0x000f8913:  fa                       cli      
0x000f8914:  fc                       cld      
0x000f8915:  66 c3                    retl     

----------------
IN: 
0x000f7cc8:  66 89 c6                 movl     %eax, %esi
0x000f7ccb:  66 0f b6 c3              movzbl   %bl, %eax
0x000f7ccf:  66 e8 de ee ff ff        calll    0xf6bb3

----------------
IN: 
0x000f6bb3:  66 56                    pushl    %esi
0x000f6bb5:  66 53                    pushl    %ebx
0x000f6bb7:  66 83 ec 08              subl     $8, %esp
0x000f6bbb:  66 89 c3                 movl     %eax, %ebx
0x000f6bbe:  3c 02                    cmpb     $2, %al
0x000f6bc0:  74 53                    je       0xf6c15

----------------
IN: 
0x000f6bc2:  0f 20 c0                 movl     %cr0, %eax
0x000f6bc5:  a8 01                    testb    $1, %al
0x000f6bc7:  74 06                    je       0xf6bcf

----------------
IN: 
0x000f6bcf:  66 be 80 da 00 00        movl     $0xda80, %esi
0x000f6bd5:  8e c6                    movw     %si, %es
0x000f6bd7:  26 66 a3 28 fa           movl     %eax, %es:0xfa28
0x000f6bdc:  8c e0                    movw     %fs, %ax
0x000f6bde:  26 a3 22 fa              movw     %ax, %es:0xfa22
0x000f6be2:  8c e8                    movw     %gs, %ax
0x000f6be4:  26 a3 24 fa              movw     %ax, %es:0xfa24
0x000f6be8:  67 66 0f 01 44 24 02     sgdtl    2(%esp)
0x000f6bef:  67 8b 44 24 02           movw     2(%esp), %ax
0x000f6bf4:  26 a3 2c fa              movw     %ax, %es:0xfa2c
0x000f6bf8:  67 66 8b 44 24 04        movl     4(%esp), %eax
0x000f6bfe:  26 66 a3 2e fa           movl     %eax, %es:0xfa2e
0x000f6c03:  66 b8 01 00 00 00        movl     $1, %eax
0x000f6c09:  66 e8 71 ff ff ff        calll    0xf6b80

----------------
IN: 
0x000f6b80:  66 89 c1                 movl     %eax, %ecx
0x000f6b83:  e4 92                    inb      $0x92, %al

----------------
IN: 
0x000f6b85:  88 c2                    movb     %al, %dl
0x000f6b87:  d0 ea                    shrb     $1, %dl
0x000f6b89:  66 83 e2 01              andl     $1, %edx
0x000f6b8d:  66 83 e1 01              andl     $1, %ecx
0x000f6b91:  38 ca                    cmpb     %cl, %dl
0x000f6b93:  74 06                    je       0xf6b9b

----------------
IN: 
0x000f6b9b:  88 d0                    movb     %dl, %al
0x000f6b9d:  66 c3                    retl     

----------------
IN: 
0x000f6c0f:  8e c6                    movw     %si, %es
0x000f6c11:  26 a2 1e fa              movb     %al, %es:0xfa1e
0x000f6c15:  8c d0                    movw     %ss, %ax
0x000f6c17:  66 b9 80 da 00 00        movl     $0xda80, %ecx
0x000f6c1d:  8e c1                    movw     %cx, %es
0x000f6c1f:  26 a3 20 fa              movw     %ax, %es:0xfa20
0x000f6c23:  e4 70                    inb      $0x70, %al

----------------
IN: 
0x000f6c25:  88 c2                    movb     %al, %dl
0x000f6c27:  84 c0                    testb    %al, %al
0x000f6c29:  78 08                    js       0xf6c33

----------------
IN: 
0x000f6c33:  8e c1                    movw     %cx, %es
0x000f6c35:  26 88 16 1d fa           movb     %dl, %es:0xfa1d
0x000f6c3a:  26 88 1e 1c fa           movb     %bl, %es:0xfa1c
0x000f6c3f:  66 31 c0                 xorl     %eax, %eax
0x000f6c42:  66 83 c4 08              addl     $8, %esp
0x000f6c46:  66 5b                    popl     %ebx
0x000f6c48:  66 5e                    popl     %esi
0x000f6c4a:  66 c3                    retl     

----------------
IN: 
0x000f7cd5:  66 89 f0                 movl     %esi, %eax
0x000f7cd8:  66 5b                    popl     %ebx
0x000f7cda:  66 5e                    popl     %esi
0x000f7cdc:  66 5f                    popl     %edi
0x000f7cde:  66 5d                    popl     %ebp
0x000f7ce0:  66 c3                    retl     

----------------
IN: 
0x000f62b0:  66 ba 00 cb 0e 00        movl     $0xecb00, %edx
0x000f62b6:  e9 8f 6c                 jmp      0xfcf48

----------------
IN: 
0x000fcf48:  2e 0f 01 1e 58 62        lidtw    %cs:0x6258
0x000fcf4e:  2e 0f 01 16 18 62        lgdtw    %cs:0x6218
0x000fcf54:  0f 20 c1                 movl     %cr0, %ecx
0x000fcf57:  66 81 e1 ff ff ff 1f     andl     $0x1fffffff, %ecx
0x000fcf5e:  66 83 c9 01              orl      $1, %ecx
0x000fcf62:  0f 22 c1                 movl     %ecx, %cr0

----------------
IN: 
0x000fcf65:  66 ea 6d cf 0f 00 08 00  ljmpl    $0x8:$0xfcf6d

----------------
IN: 
0x000fcf6d:  b9 10 00 00 00           movl     $0x10, %ecx
0x000fcf72:  8e d9                    movl     %ecx, %ds

----------------
IN: 
0x000fcf74:  8e c1                    movl     %ecx, %es

----------------
IN: 
0x000fcf76:  8e d1                    movl     %ecx, %ss

----------------
IN: 
0x000fcf78:  8e e1                    movl     %ecx, %fs

----------------
IN: 
0x000fcf7a:  8e e9                    movl     %ecx, %gs
0x000fcf7c:  ff e2                    jmpl     *%edx

----------------
IN: 
0x000ecb00:  01 fc                    addl     %edi, %esp
0x000ecb02:  5b                       popl     %ebx
0x000ecb03:  5e                       popl     %esi
0x000ecb04:  5f                       popl     %edi
0x000ecb05:  5d                       popl     %ebp
0x000ecb06:  c3                       retl     

----------------
IN: 
0x000eee5e:  89 35 00 00 01 00        movl     %esi, 0x10000
0x000eee64:  89 3d 04 00 01 00        movl     %edi, 0x10004
0x000eee6a:  ff 35 64 4b 0f 00        pushl    0xf4b64
0x000eee70:  53                       pushl    %ebx
0x000eee71:  68 80 1b 0f 00           pushl    $0xf1b80
0x000eee76:  e8 a7 e0 ff ff           calll    0xecf22

----------------
IN: 
0x000eee7b:  83 c4 0c                 addl     $0xc, %esp
0x000eee7e:  83 c4 10                 addl     $0x10, %esp
0x000eee81:  5b                       popl     %ebx
0x000eee82:  5e                       popl     %esi
0x000eee83:  5f                       popl     %edi
0x000eee84:  c3                       retl     

----------------
IN: 
0x06ff7ee9:  81 3d 64 4b 0f 00 ff 00  cmpl     $0xff, 0xf4b64
0x06ff7ef1:  00 00
0x06ff7ef3:  0f 87 c7 03 00 00        ja       0x6ff82c0

----------------
IN: 
0x06ff7ef9:  c7 05 40 fd ff 06 24 50  movl     $0x52495024, 0x6fffd40
0x06ff7f01:  49 52
0x06ff7f03:  ba 80 00 00 00           movl     $0x80, %edx
0x06ff7f08:  b8 40 fd ff 06           movl     $0x6fffd40, %eax
0x06ff7f0d:  e8 41 37 0f f9           calll    0xeb653

----------------
IN: 
0x06ff7f12:  28 05 5f fd ff 06        subb     %al, 0x6fffd5f
0x06ff7f18:  83 3d 28 56 0f 00 00     cmpl     $0, 0xf5628
0x06ff7f1f:  75 0a                    jne      0x6ff7f2b

----------------
IN: 
0x06ff7f21:  b8 40 fd ff 06           movl     $0x6fffd40, %eax
0x06ff7f26:  e8 e6 9c ff ff           calll    0x6ff1c11

----------------
IN: 
0x06ff1c11:  56                       pushl    %esi
0x06ff1c12:  53                       pushl    %ebx
0x06ff1c13:  66 8b 70 06              movw     6(%eax), %si
0x06ff1c17:  66 83 fe 1f              cmpw     $0x1f, %si
0x06ff1c1b:  76 22                    jbe      0x6ff1c3f

----------------
IN: 
0x06ff1c1d:  89 c3                    movl     %eax, %ebx
0x06ff1c1f:  0f b7 d6                 movzwl   %si, %edx
0x06ff1c22:  e8 2c 9a 0f f9           calll    0xeb653

----------------
IN: 
0x06ff1c27:  84 c0                    testb    %al, %al
0x06ff1c29:  75 14                    jne      0x6ff1c3f

----------------
IN: 
0x06ff1c2b:  0f b7 ce                 movzwl   %si, %ecx
0x06ff1c2e:  89 da                    movl     %ebx, %edx
0x06ff1c30:  b8 70 19 0f 00           movl     $0xf1970, %eax
0x06ff1c35:  e8 92 ff ff ff           calll    0x6ff1bcc

----------------
IN: 
0x06ff1bcc:  55                       pushl    %ebp
0x06ff1bcd:  57                       pushl    %edi
0x06ff1bce:  56                       pushl    %esi
0x06ff1bcf:  53                       pushl    %ebx
0x06ff1bd0:  89 c7                    movl     %eax, %edi
0x06ff1bd2:  89 d6                    movl     %edx, %esi
0x06ff1bd4:  89 cd                    movl     %ecx, %ebp
0x06ff1bd6:  89 c8                    movl     %ecx, %eax
0x06ff1bd8:  e8 96 ce ff ff           calll    0x6feea73

----------------
IN: 
0x06feea73:  b9 10 00 00 00           movl     $0x10, %ecx
0x06feea78:  89 c2                    movl     %eax, %edx
0x06feea7a:  b8 80 fe ff 06           movl     $0x6fffe80, %eax
0x06feea7f:  e9 d3 fe ff ff           jmp      0x6fee957

----------------
IN: 
0x06ff1bdd:  89 c3                    movl     %eax, %ebx
0x06ff1bdf:  85 c0                    testl    %eax, %eax
0x06ff1be1:  75 11                    jne      0x6ff1bf4

----------------
IN: 
0x06ff1bf4:  50                       pushl    %eax
0x06ff1bf5:  56                       pushl    %esi
0x06ff1bf6:  57                       pushl    %edi
0x06ff1bf7:  68 56 19 0f 00           pushl    $0xf1956
0x06ff1bfc:  e8 21 b3 0f f9           calll    0xecf22

----------------
IN: 
0x06ff1c01:  89 df                    movl     %ebx, %edi
0x06ff1c03:  89 e9                    movl     %ebp, %ecx
0x06ff1c05:  f3 a4                    rep movsb (%esi), %es:(%edi)

----------------
IN: 
0x06ff1c07:  83 c4 10                 addl     $0x10, %esp
0x06ff1c0a:  89 d8                    movl     %ebx, %eax
0x06ff1c0c:  5b                       popl     %ebx
0x06ff1c0d:  5e                       popl     %esi
0x06ff1c0e:  5f                       popl     %edi
0x06ff1c0f:  5d                       popl     %ebp
0x06ff1c10:  c3                       retl     

----------------
IN: 
0x06ff1c3a:  a3 28 56 0f 00           movl     %eax, 0xf5628
0x06ff1c3f:  5b                       popl     %ebx
0x06ff1c40:  5e                       popl     %esi
0x06ff1c41:  c3                       retl     

----------------
IN: 
0x06ff7f2b:  b8 00 80 00 00           movl     $0x8000, %eax
0x06ff7f30:  e8 0d 6b ff ff           calll    0x6feea42

----------------
IN: 
0x06ff7f35:  89 c5                    movl     %eax, %ebp
0x06ff7f37:  85 c0                    testl    %eax, %eax
0x06ff7f39:  75 14                    jne      0x6ff7f4f

----------------
IN: 
0x06ff7f4f:  b9 2c 00 00 00           movl     $0x2c, %ecx
0x06ff7f54:  31 d2                    xorl     %edx, %edx
0x06ff7f56:  e8 cb 37 0f f9           calll    0xeb726

----------------
IN: 
0x06ff7f5b:  c7 00 50 43 4d 50        movl     $0x504d4350, (%eax)
0x06ff7f61:  c6 40 06 04              movb     $4, 6(%eax)
0x06ff7f65:  c7 40 08 42 4f 43 48     movl     $0x48434f42, 8(%eax)
0x06ff7f6c:  c7 40 0c 53 43 50 55     movl     $0x55504353, 0xc(%eax)
0x06ff7f73:  be 84 2d 0f 00           movl     $0xf2d84, %esi
0x06ff7f78:  b9 03 00 00 00           movl     $3, %ecx
0x06ff7f7d:  8d 78 10                 leal     0x10(%eax), %edi
0x06ff7f80:  f3 a5                    rep movsl (%esi), %es:(%edi)

----------------
IN: 
0x06ff7f82:  c7 40 24 00 00 e0 fe     movl     $0xfee00000, 0x24(%eax)
0x06ff7f89:  8d 4c 24 4c              leal     0x4c(%esp), %ecx
0x06ff7f8d:  8d 54 24 48              leal     0x48(%esp), %edx
0x06ff7f91:  8d 44 24 5c              leal     0x5c(%esp), %eax
0x06ff7f95:  50                       pushl    %eax
0x06ff7f96:  8d 44 24 58              leal     0x58(%esp), %eax
0x06ff7f9a:  50                       pushl    %eax
0x06ff7f9b:  b8 01 00 00 00           movl     $1, %eax
0x06ff7fa0:  e8 4b 26 0f f9           calll    0xea5f0

----------------
IN: 
0x06ff7fa5:  58                       popl     %eax
0x06ff7fa6:  5a                       popl     %edx
0x06ff7fa7:  83 7c 24 48 00           cmpl     $0, 0x48(%esp)
0x06ff7fac:  75 12                    jne      0x6ff7fc0

----------------
IN: 
0x06ff7fc0:  f6 44 24 5f 10           testb    $0x10, 0x5f(%esp)
0x06ff7fc5:  75 07                    jne      0x6ff7fce

----------------
IN: 
0x06ff7fc7:  bf 01 00 00 00           movl     $1, %edi
0x06ff7fcc:  eb 11                    jmp      0x6ff7fdf

----------------
IN: 
0x06ff7fdf:  a1 30 00 e0 fe           movl     0xfee00030, %eax
0x06ff7fe4:  89 04 24                 movl     %eax, (%esp)
0x06ff7fe7:  8d 45 2c                 leal     0x2c(%ebp), %eax
0x06ff7fea:  89 44 24 08              movl     %eax, 8(%esp)
0x06ff7fee:  31 f6                    xorl     %esi, %esi
0x06ff7ff0:  89 c3                    movl     %eax, %ebx
0x06ff7ff2:  3b 35 64 4b 0f 00        cmpl     0xf4b64, %esi
0x06ff7ff8:  73 55                    jae      0x6ff804f

----------------
IN: 
0x06ff7fdf:  a1 30 00 e0 fe           movl     0xfee00030, %eax

----------------
IN: 
0x06ff7fe4:  89 04 24                 movl     %eax, (%esp)
0x06ff7fe7:  8d 45 2c                 leal     0x2c(%ebp), %eax
0x06ff7fea:  89 44 24 08              movl     %eax, 8(%esp)
0x06ff7fee:  31 f6                    xorl     %esi, %esi
0x06ff7ff0:  89 c3                    movl     %eax, %ebx
0x06ff7ff2:  3b 35 64 4b 0f 00        cmpl     0xf4b64, %esi
0x06ff7ff8:  73 55                    jae      0x6ff804f

----------------
IN: 
0x06ff7ffa:  b9 14 00 00 00           movl     $0x14, %ecx

----------------
IN: 
0x06ff7fff:  31 d2                    xorl     %edx, %edx

----------------
IN: 
0x06ff8001:  89 d8                    movl     %ebx, %eax
0x06ff8003:  e8 1e 37 0f f9           calll    0xeb726

----------------
IN: 
0x06ff8008:  c6 03 00                 movb     $0, (%ebx)
0x06ff800b:  89 f0                    movl     %esi, %eax
0x06ff800d:  88 43 01                 movb     %al, 1(%ebx)
0x06ff8010:  8a 04 24                 movb     (%esp), %al
0x06ff8013:  88 43 02                 movb     %al, 2(%ebx)
0x06ff8016:  89 f0                    movl     %esi, %eax
0x06ff8018:  c0 e8 05                 shrb     $5, %al
0x06ff801b:  0f b6 c0                 movzbl   %al, %eax
0x06ff801e:  8b 04 85 40 4b 0f 00     movl     0xf4b40(, %eax, 4), %eax
0x06ff8025:  89 f1                    movl     %esi, %ecx
0x06ff8027:  d3 e8                    shrl     %cl, %eax
0x06ff8029:  83 e0 01                 andl     $1, %eax
0x06ff802c:  89 c2                    movl     %eax, %edx
0x06ff802e:  85 f6                    testl    %esi, %esi
0x06ff8030:  0f 94 c0                 sete     %al
0x06ff8033:  d1 e0                    shll     $1, %eax
0x06ff8035:  09 d0                    orl      %edx, %eax
0x06ff8037:  88 43 03                 movb     %al, 3(%ebx)
0x06ff803a:  8b 44 24 48              movl     0x48(%esp), %eax
0x06ff803e:  89 43 04                 movl     %eax, 4(%ebx)
0x06ff8041:  8b 44 24 5c              movl     0x5c(%esp), %eax
0x06ff8045:  89 43 08                 movl     %eax, 8(%ebx)
0x06ff8048:  83 c3 14                 addl     $0x14, %ebx
0x06ff804b:  01 fe                    addl     %edi, %esi
0x06ff804d:  eb a3                    jmp      0x6ff7ff2

----------------
IN: 
0x06ff7ff2:  3b 35 64 4b 0f 00        cmpl     0xf4b64, %esi
0x06ff7ff8:  73 55                    jae      0x6ff804f

----------------
IN: 
0x06ff804f:  89 df                    movl     %ebx, %edi
0x06ff8051:  2b 7c 24 08              subl     8(%esp), %edi
0x06ff8055:  c1 ff 02                 sarl     $2, %edi
0x06ff8058:  69 ff cd cc cc cc        imull    $0xcccccccd, %edi, %edi
0x06ff805e:  89 de                    movl     %ebx, %esi
0x06ff8060:  83 3d f8 fd ff 06 00     cmpl     $0, 0x6fffdf8
0x06ff8067:  74 24                    je       0x6ff808d

----------------
IN: 
0x06ff8069:  8d 73 08                 leal     8(%ebx), %esi
0x06ff806c:  b9 08 00 00 00           movl     $8, %ecx
0x06ff8071:  31 d2                    xorl     %edx, %edx
0x06ff8073:  89 d8                    movl     %ebx, %eax
0x06ff8075:  e8 ac 36 0f f9           calll    0xeb726

----------------
IN: 
0x06ff807a:  66 c7 03 01 00           movw     $1, (%ebx)
0x06ff807f:  c7 43 02 50 43 49 20     movl     $0x20494350, 2(%ebx)
0x06ff8086:  66 c7 43 06 20 20        movw     $0x2020, 6(%ebx)
0x06ff808c:  47                       incl     %edi
0x06ff808d:  b9 08 00 00 00           movl     $8, %ecx
0x06ff8092:  31 d2                    xorl     %edx, %edx
0x06ff8094:  89 f0                    movl     %esi, %eax
0x06ff8096:  e8 8b 36 0f f9           calll    0xeb726

----------------
IN: 
0x06ff809b:  c6 06 01                 movb     $1, (%esi)
0x06ff809e:  29 d8                    subl     %ebx, %eax
0x06ff80a0:  c1 f8 03                 sarl     $3, %eax
0x06ff80a3:  89 44 24 0c              movl     %eax, 0xc(%esp)
0x06ff80a7:  8a 44 24 0c              movb     0xc(%esp), %al
0x06ff80ab:  88 46 01                 movb     %al, 1(%esi)
0x06ff80ae:  c7 46 02 49 53 41 20     movl     $0x20415349, 2(%esi)
0x06ff80b5:  66 c7 46 06 20 20        movw     $0x2020, 6(%esi)
0x06ff80bb:  8d 46 08                 leal     8(%esi), %eax
0x06ff80be:  b9 08 00 00 00           movl     $8, %ecx
0x06ff80c3:  e8 5e 36 0f f9           calll    0xeb726

----------------
IN: 
0x06ff80c8:  c7 46 08 02 00 11 01     movl     $0x1110002, 8(%esi)
0x06ff80cf:  c7 46 0c 00 00 c0 fe     movl     $0xfec00000, 0xc(%esi)
0x06ff80d6:  8d 47 02                 leal     2(%edi), %eax
0x06ff80d9:  89 44 24 30              movl     %eax, 0x30(%esp)
0x06ff80dd:  8d 5e 10                 leal     0x10(%esi), %ebx
0x06ff80e0:  a1 f8 fd ff 06           movl     0x6fffdf8, %eax
0x06ff80e5:  83 e8 04                 subl     $4, %eax
0x06ff80e8:  89 04 24                 movl     %eax, (%esp)
0x06ff80eb:  66 c7 44 24 20 00 00     movw     $0, 0x20(%esp)
0x06ff80f2:  c7 44 24 28 ff ff ff ff  movl     $0xffffffff, 0x28(%esp)
0x06ff80fa:  83 3c 24 fc              cmpl     $-4, (%esp)
0x06ff80fe:  0f 84 cb 00 00 00        je       0x6ff81cf

----------------
IN: 
0x06ff8104:  8b 04 24                 movl     (%esp), %eax
0x06ff8107:  8b 00                    movl     (%eax), %eax
0x06ff8109:  66 89 44 24 08           movw     %ax, 8(%esp)
0x06ff810e:  66 c1 e8 08              shrw     $8, %ax
0x06ff8112:  0f 85 b7 00 00 00        jne      0x6ff81cf

----------------
IN: 
0x06ff8118:  0f b7 7c 24 08           movzwl   8(%esp), %edi
0x06ff811d:  ba 3d 00 00 00           movl     $0x3d, %edx
0x06ff8122:  89 f8                    movl     %edi, %eax
0x06ff8124:  e8 58 24 0f f9           calll    0xea581

----------------
IN: 
0x06ff8129:  88 44 24 18              movb     %al, 0x18(%esp)
0x06ff812d:  0f b6 c8                 movzbl   %al, %ecx
0x06ff8130:  89 4c 24 38              movl     %ecx, 0x38(%esp)
0x06ff8134:  ba 3c 00 00 00           movl     $0x3c, %edx
0x06ff8139:  89 f8                    movl     %edi, %eax
0x06ff813b:  e8 41 24 0f f9           calll    0xea581

----------------
IN: 
0x06ff8140:  89 c7                    movl     %eax, %edi
0x06ff8142:  83 7c 24 38 00           cmpl     $0, 0x38(%esp)
0x06ff8147:  74 75                    je       0x6ff81be

----------------
IN: 
0x06ff81be:  8b 04 24                 movl     (%esp), %eax
0x06ff81c1:  8b 40 04                 movl     4(%eax), %eax
0x06ff81c4:  83 e8 04                 subl     $4, %eax
0x06ff81c7:  89 04 24                 movl     %eax, (%esp)
0x06ff81ca:  e9 2b ff ff ff           jmp      0x6ff80fa

----------------
IN: 
0x06ff80fa:  83 3c 24 fc              cmpl     $-4, (%esp)
0x06ff80fe:  0f 84 cb 00 00 00        je       0x6ff81cf

----------------
IN: 
0x06ff8149:  8b 44 24 08              movl     8(%esp), %eax
0x06ff814d:  25 f8 ff 00 00           andl     $0xfff8, %eax
0x06ff8152:  3b 44 24 28              cmpl     0x28(%esp), %eax
0x06ff8156:  75 10                    jne      0x6ff8168

----------------
IN: 
0x06ff8168:  89 44 24 28              movl     %eax, 0x28(%esp)
0x06ff816c:  66 c7 44 24 20 00 00     movw     $0, 0x20(%esp)
0x06ff8173:  b8 01 00 00 00           movl     $1, %eax
0x06ff8178:  8a 4c 24 18              movb     0x18(%esp), %cl
0x06ff817c:  d3 e0                    shll     %cl, %eax
0x06ff817e:  66 09 44 24 20           orw      %ax, 0x20(%esp)
0x06ff8183:  b9 08 00 00 00           movl     $8, %ecx
0x06ff8188:  31 d2                    xorl     %edx, %edx
0x06ff818a:  89 d8                    movl     %ebx, %eax
0x06ff818c:  e8 95 35 0f f9           calll    0xeb726

----------------
IN: 
0x06ff8191:  c7 03 03 00 01 00        movl     $0x10003, (%ebx)
0x06ff8197:  c6 43 04 00              movb     $0, 4(%ebx)
0x06ff819b:  8b 44 24 08              movl     8(%esp), %eax
0x06ff819f:  66 c1 e8 03              shrw     $3, %ax
0x06ff81a3:  c1 e0 02                 shll     $2, %eax
0x06ff81a6:  8a 4c 24 18              movb     0x18(%esp), %cl
0x06ff81aa:  8d 51 ff                 leal     -1(%ecx), %edx
0x06ff81ad:  09 d0                    orl      %edx, %eax
0x06ff81af:  88 43 05                 movb     %al, 5(%ebx)
0x06ff81b2:  c6 43 06 00              movb     $0, 6(%ebx)
0x06ff81b6:  89 f8                    movl     %edi, %eax
0x06ff81b8:  88 43 07                 movb     %al, 7(%ebx)
0x06ff81bb:  83 c3 08                 addl     $8, %ebx
0x06ff81be:  8b 04 24                 movl     (%esp), %eax
0x06ff81c1:  8b 40 04                 movl     4(%eax), %eax
0x06ff81c4:  83 e8 04                 subl     $4, %eax
0x06ff81c7:  89 04 24                 movl     %eax, (%esp)
0x06ff81ca:  e9 2b ff ff ff           jmp      0x6ff80fa

----------------
IN: 
0x06ff81cf:  31 d2                    xorl     %edx, %edx
0x06ff81d1:  31 c9                    xorl     %ecx, %ecx
0x06ff81d3:  b8 7e 1f 0f 00           movl     $0xf1f7e, %eax
0x06ff81d8:  e8 de 5f ff ff           calll    0x6fee1bb

----------------
IN: 
0x06ff81dd:  89 04 24                 movl     %eax, (%esp)
0x06ff81e0:  31 ff                    xorl     %edi, %edi
0x06ff81e2:  b9 08 00 00 00           movl     $8, %ecx
0x06ff81e7:  31 d2                    xorl     %edx, %edx
0x06ff81e9:  89 d8                    movl     %ebx, %eax
0x06ff81eb:  e8 36 35 0f f9           calll    0xeb726

----------------
IN: 
0x06ff81f0:  b8 20 0e 00 00           movl     $0xe20, %eax
0x06ff81f5:  89 f9                    movl     %edi, %ecx
0x06ff81f7:  0f a3 c8                 btl      %ecx, %eax
0x06ff81fa:  72 32                    jb       0x6ff822e

----------------
IN: 
0x06ff81fc:  c7 03 03 00 00 00        movl     $3, (%ebx)
0x06ff8202:  8a 44 24 0c              movb     0xc(%esp), %al
0x06ff8206:  88 43 04                 movb     %al, 4(%ebx)
0x06ff8209:  88 4b 05                 movb     %cl, 5(%ebx)
0x06ff820c:  c6 43 06 00              movb     $0, 6(%ebx)
0x06ff8210:  88 4b 07                 movb     %cl, 7(%ebx)
0x06ff8213:  83 3c 24 00              cmpl     $0, (%esp)
0x06ff8217:  74 12                    je       0x6ff822b

----------------
IN: 
0x06ff8219:  85 ff                    testl    %edi, %edi
0x06ff821b:  75 06                    jne      0x6ff8223

----------------
IN: 
0x06ff821d:  c6 43 07 02              movb     $2, 7(%ebx)
0x06ff8221:  eb 08                    jmp      0x6ff822b

----------------
IN: 
0x06ff822b:  83 c3 08                 addl     $8, %ebx
0x06ff822e:  47                       incl     %edi
0x06ff822f:  83 ff 10                 cmpl     $0x10, %edi
0x06ff8232:  75 ae                    jne      0x6ff81e2

----------------
IN: 
0x06ff81e2:  b9 08 00 00 00           movl     $8, %ecx
0x06ff81e7:  31 d2                    xorl     %edx, %edx
0x06ff81e9:  89 d8                    movl     %ebx, %eax
0x06ff81eb:  e8 36 35 0f f9           calll    0xeb726

----------------
IN: 
0x06ff8223:  83 ff 02                 cmpl     $2, %edi
0x06ff8226:  75 03                    jne      0x6ff822b

----------------
IN: 
0x06ff8228:  83 eb 08                 subl     $8, %ebx
0x06ff822b:  83 c3 08                 addl     $8, %ebx
0x06ff822e:  47                       incl     %edi
0x06ff822f:  83 ff 10                 cmpl     $0x10, %edi
0x06ff8232:  75 ae                    jne      0x6ff81e2

----------------
IN: 
0x06ff822e:  47                       incl     %edi
0x06ff822f:  83 ff 10                 cmpl     $0x10, %edi
0x06ff8232:  75 ae                    jne      0x6ff81e2

----------------
IN: 
0x06ff8234:  c7 03 04 03 00 00        movl     $0x304, (%ebx)
0x06ff823a:  8a 44 24 0c              movb     0xc(%esp), %al
0x06ff823e:  88 43 04                 movb     %al, 4(%ebx)
0x06ff8241:  c7 43 05 00 00 00 04     movl     $0x4000000, 5(%ebx)
0x06ff8248:  66 c7 43 09 01 00        movw     $1, 9(%ebx)
0x06ff824e:  c6 43 0b 00              movb     $0, 0xb(%ebx)
0x06ff8252:  88 43 0c                 movb     %al, 0xc(%ebx)
0x06ff8255:  66 c7 43 0d 00 ff        movw     $0xff00, 0xd(%ebx)
0x06ff825b:  c6 43 0f 01              movb     $1, 0xf(%ebx)
0x06ff825f:  8d 53 10                 leal     0x10(%ebx), %edx
0x06ff8262:  29 ea                    subl     %ebp, %edx
0x06ff8264:  29 f3                    subl     %esi, %ebx
0x06ff8266:  c1 fb 03                 sarl     $3, %ebx
0x06ff8269:  03 5c 24 30              addl     0x30(%esp), %ebx
0x06ff826d:  66 89 5d 22              movw     %bx, 0x22(%ebp)
0x06ff8271:  66 89 55 04              movw     %dx, 4(%ebp)
0x06ff8275:  89 e8                    movl     %ebp, %eax
0x06ff8277:  e8 d7 33 0f f9           calll    0xeb653

----------------
IN: 
0x06ff827c:  28 45 07                 subb     %al, 7(%ebp)
0x06ff827f:  b9 10 00 00 00           movl     $0x10, %ecx
0x06ff8284:  31 d2                    xorl     %edx, %edx
0x06ff8286:  8d 44 24 68              leal     0x68(%esp), %eax
0x06ff828a:  e8 97 34 0f f9           calll    0xeb726

----------------
IN: 
0x06ff828f:  c7 44 24 68 5f 4d 50 5f  movl     $0x5f504d5f, 0x68(%esp)
0x06ff8297:  89 6c 24 6c              movl     %ebp, 0x6c(%esp)
0x06ff829b:  66 c7 44 24 70 01 04     movw     $0x401, 0x70(%esp)
0x06ff82a2:  ba 10 00 00 00           movl     $0x10, %edx
0x06ff82a7:  e8 a7 33 0f f9           calll    0xeb653

----------------
IN: 
0x06ff82ac:  28 44 24 72              subb     %al, 0x72(%esp)
0x06ff82b0:  8d 44 24 68              leal     0x68(%esp), %eax
0x06ff82b4:  e8 36 9a ff ff           calll    0x6ff1cef

----------------
IN: 
0x06ff1cef:  55                       pushl    %ebp
0x06ff1cf0:  57                       pushl    %edi
0x06ff1cf1:  56                       pushl    %esi
0x06ff1cf2:  53                       pushl    %ebx
0x06ff1cf3:  83 ec 08                 subl     $8, %esp
0x06ff1cf6:  8b 70 04                 movl     4(%eax), %esi
0x06ff1cf9:  85 f6                    testl    %esi, %esi
0x06ff1cfb:  0f 84 9b 00 00 00        je       0x6ff1d9c

----------------
IN: 
0x06ff1d01:  89 c3                    movl     %eax, %ebx
0x06ff1d03:  ba 10 00 00 00           movl     $0x10, %edx
0x06ff1d08:  e8 46 99 0f f9           calll    0xeb653

----------------
IN: 
0x06ff1d0d:  84 c0                    testb    %al, %al
0x06ff1d0f:  0f 85 87 00 00 00        jne      0x6ff1d9c

----------------
IN: 
0x06ff1d15:  0f b6 43 08              movzbl   8(%ebx), %eax
0x06ff1d19:  c1 e0 04                 shll     $4, %eax
0x06ff1d1c:  89 04 24                 movl     %eax, (%esp)
0x06ff1d1f:  0f b7 46 04              movzwl   4(%esi), %eax
0x06ff1d23:  89 44 24 04              movl     %eax, 4(%esp)
0x06ff1d27:  8b 04 24                 movl     (%esp), %eax
0x06ff1d2a:  03 44 24 04              addl     4(%esp), %eax
0x06ff1d2e:  3d 58 02 00 00           cmpl     $0x258, %eax
0x06ff1d33:  76 0f                    jbe      0x6ff1d44

----------------
IN: 
0x06ff1d44:  e8 2a cd ff ff           calll    0x6feea73

----------------
IN: 
0x06ff1d49:  89 c5                    movl     %eax, %ebp
0x06ff1d4b:  85 c0                    testl    %eax, %eax
0x06ff1d4d:  75 16                    jne      0x6ff1d65

----------------
IN: 
0x06ff1d65:  50                       pushl    %eax
0x06ff1d66:  ff 73 04                 pushl    4(%ebx)
0x06ff1d69:  53                       pushl    %ebx
0x06ff1d6a:  68 c6 19 0f 00           pushl    $0xf19c6
0x06ff1d6f:  e8 ae b1 0f f9           calll    0xecf22

----------------
IN: 
0x06ff1d74:  89 ef                    movl     %ebp, %edi
0x06ff1d76:  89 de                    movl     %ebx, %esi
0x06ff1d78:  8b 4c 24 10              movl     0x10(%esp), %ecx
0x06ff1d7c:  f3 a4                    rep movsb (%esi), %es:(%edi)

----------------
IN: 
0x06ff1d7e:  89 7d 04                 movl     %edi, 4(%ebp)
0x06ff1d81:  ba 10 00 00 00           movl     $0x10, %edx
0x06ff1d86:  89 e8                    movl     %ebp, %eax
0x06ff1d88:  e8 c6 98 0f f9           calll    0xeb653

----------------
IN: 
0x06ff1d8d:  28 45 0a                 subb     %al, 0xa(%ebp)
0x06ff1d90:  8b 73 04                 movl     4(%ebx), %esi
0x06ff1d93:  8b 4c 24 14              movl     0x14(%esp), %ecx
0x06ff1d97:  f3 a4                    rep movsb (%esi), %es:(%edi)

----------------
IN: 
0x06ff1d99:  83 c4 10                 addl     $0x10, %esp
0x06ff1d9c:  83 c4 08                 addl     $8, %esp
0x06ff1d9f:  5b                       popl     %ebx
0x06ff1da0:  5e                       popl     %esi
0x06ff1da1:  5f                       popl     %edi
0x06ff1da2:  5d                       popl     %ebp
0x06ff1da3:  c3                       retl     

----------------
IN: 
0x06ff82b9:  89 e8                    movl     %ebp, %eax
0x06ff82bb:  e8 23 62 ff ff           calll    0x6fee4e3

----------------
IN: 
0x06ff82c0:  b8 91 2d 0f 00           movl     $0xf2d91, %eax
0x06ff82c5:  e8 c0 5e ff ff           calll    0x6fee18a

----------------
IN: 
0x06ff82ca:  89 c3                    movl     %eax, %ebx
0x06ff82cc:  b8 aa 2d 0f 00           movl     $0xf2daa, %eax
0x06ff82d1:  e8 b4 5e ff ff           calll    0x6fee18a

----------------
IN: 
0x06ff82d6:  89 c6                    movl     %eax, %esi
0x06ff82d8:  85 db                    testl    %ebx, %ebx
0x06ff82da:  0f 84 4b 01 00 00        je       0x6ff842b

----------------
IN: 
0x06ff82e0:  85 c0                    testl    %eax, %eax
0x06ff82e2:  0f 84 43 01 00 00        je       0x6ff842b

----------------
IN: 
0x06ff82e8:  8b 8b 84 00 00 00        movl     0x84(%ebx), %ecx
0x06ff82ee:  83 f9 1f                 cmpl     $0x1f, %ecx
0x06ff82f1:  0f 87 34 01 00 00        ja       0x6ff842b

----------------
IN: 
0x06ff82f7:  8d 54 24 68              leal     0x68(%esp), %edx
0x06ff82fb:  89 d8                    movl     %ebx, %eax
0x06ff82fd:  ff 93 88 00 00 00        calll    *0x88(%ebx)

----------------
IN: 
0x06ff8303:  8b 83 84 00 00 00        movl     0x84(%ebx), %eax
0x06ff8309:  83 f8 1f                 cmpl     $0x1f, %eax
0x06ff830c:  0f 85 b9 00 00 00        jne      0x6ff83cb

----------------
IN: 
0x06ff8312:  81 7c 24 68 5f 53 4d 5f  cmpl     $0x5f4d535f, 0x68(%esp)
0x06ff831a:  0f 85 00 01 00 00        jne      0x6ff8420

----------------
IN: 
0x06ff8320:  8b 84 24 80 00 00 00     movl     0x80(%esp), %eax
0x06ff8327:  89 44 24 5c              movl     %eax, 0x5c(%esp)
0x06ff832b:  31 db                    xorl     %ebx, %ebx
0x06ff832d:  89 5c 24 60              movl     %ebx, 0x60(%esp)
0x06ff8331:  0f b7 44 24 7e           movzwl   0x7e(%esp), %eax
0x06ff8336:  89 44 24 54              movl     %eax, 0x54(%esp)
0x06ff833a:  8d 4c 24 54              leal     0x54(%esp), %ecx
0x06ff833e:  8d 84 24 84 00 00 00     leal     0x84(%esp), %eax
0x06ff8345:  50                       pushl    %eax
0x06ff8346:  8d 44 24 74              leal     0x74(%esp), %eax
0x06ff834a:  50                       pushl    %eax
0x06ff834b:  8d 54 24 64              leal     0x64(%esp), %edx
0x06ff834f:  89 f0                    movl     %esi, %eax
0x06ff8351:  e8 4e 9a ff ff           calll    0x6ff1da4

----------------
IN: 
0x06ff1da4:  55                       pushl    %ebp
0x06ff1da5:  57                       pushl    %edi
0x06ff1da6:  56                       pushl    %esi
0x06ff1da7:  53                       pushl    %ebx
0x06ff1da8:  83 ec 0c                 subl     $0xc, %esp
0x06ff1dab:  89 d5                    movl     %edx, %ebp
0x06ff1dad:  8b 7c 24 20              movl     0x20(%esp), %edi
0x06ff1db1:  8b 74 24 24              movl     0x24(%esp), %esi
0x06ff1db5:  8b 90 84 00 00 00        movl     0x84(%eax), %edx
0x06ff1dbb:  3b 11                    cmpl     (%ecx), %edx
0x06ff1dbd:  75 25                    jne      0x6ff1de4

----------------
IN: 
0x06ff1dbf:  89 cb                    movl     %ecx, %ebx
0x06ff1dc1:  89 6c 24 04              movl     %ebp, 4(%esp)
0x06ff1dc5:  89 c5                    movl     %eax, %ebp
0x06ff1dc7:  89 d0                    movl     %edx, %eax
0x06ff1dc9:  e8 63 cc ff ff           calll    0x6feea31

----------------
IN: 
0x06ff1dce:  89 04 24                 movl     %eax, (%esp)
0x06ff1dd1:  85 c0                    testl    %eax, %eax
0x06ff1dd3:  75 16                    jne      0x6ff1deb

----------------
IN: 
0x06ff1deb:  8b 8d 84 00 00 00        movl     0x84(%ebp), %ecx
0x06ff1df1:  8b 14 24                 movl     (%esp), %edx
0x06ff1df4:  89 e8                    movl     %ebp, %eax
0x06ff1df6:  ff 95 88 00 00 00        calll    *0x88(%ebp)

----------------
IN: 
0x06ff1dfc:  8b 85 84 00 00 00        movl     0x84(%ebp), %eax
0x06ff1e02:  89 44 24 08              movl     %eax, 8(%esp)
0x06ff1e06:  31 c9                    xorl     %ecx, %ecx
0x06ff1e08:  89 c2                    movl     %eax, %edx
0x06ff1e0a:  8b 04 24                 movl     (%esp), %eax
0x06ff1e0d:  e8 37 a9 ff ff           calll    0x6fec749

----------------
IN: 
0x06fec749:  85 c0                    testl    %eax, %eax
0x06fec74b:  74 5c                    je       0x6fec7a9

----------------
IN: 
0x06fec74d:  01 c2                    addl     %eax, %edx
0x06fec74f:  85 c9                    testl    %ecx, %ecx
0x06fec751:  74 27                    je       0x6fec77a

----------------
IN: 
0x06fec77a:  39 d0                    cmpl     %edx, %eax
0x06fec77c:  72 17                    jb       0x6fec795

----------------
IN: 
0x06fec795:  8d 48 04                 leal     4(%eax), %ecx
0x06fec798:  39 d1                    cmpl     %edx, %ecx
0x06fec79a:  73 0a                    jae      0x6fec7a6

----------------
IN: 
0x06fec79c:  0f b6 48 01              movzbl   1(%eax), %ecx
0x06fec7a0:  01 c1                    addl     %eax, %ecx
0x06fec7a2:  39 d1                    cmpl     %edx, %ecx
0x06fec7a4:  72 03                    jb       0x6fec7a9

----------------
IN: 
0x06fec7a9:  c3                       retl     

----------------
IN: 
0x06ff1e12:  85 c0                    testl    %eax, %eax
0x06ff1e14:  74 0d                    je       0x6ff1e23

----------------
IN: 
0x06ff1e16:  80 38 00                 cmpb     $0, (%eax)
0x06ff1e19:  74 4d                    je       0x6ff1e68

----------------
IN: 
0x06ff1e1b:  89 c1                    movl     %eax, %ecx
0x06ff1e1d:  8b 54 24 08              movl     8(%esp), %edx
0x06ff1e21:  eb e7                    jmp      0x6ff1e0a

----------------
IN: 
0x06ff1e0a:  8b 04 24                 movl     (%esp), %eax
0x06ff1e0d:  e8 37 a9 ff ff           calll    0x6fec749

----------------
IN: 
0x06fec753:  53                       pushl    %ebx
0x06fec754:  8d 59 04                 leal     4(%ecx), %ebx
0x06fec757:  31 c0                    xorl     %eax, %eax
0x06fec759:  39 da                    cmpl     %ebx, %edx
0x06fec75b:  72 36                    jb       0x6fec793

----------------
IN: 
0x06fec75d:  0f b6 41 01              movzbl   1(%ecx), %eax
0x06fec761:  8d 44 01 02              leal     2(%ecx, %eax), %eax
0x06fec765:  39 d0                    cmpl     %edx, %eax
0x06fec767:  73 28                    jae      0x6fec791

----------------
IN: 
0x06fec769:  80 78 ff 00              cmpb     $0, -1(%eax)
0x06fec76d:  74 03                    je       0x6fec772

----------------
IN: 
0x06fec76f:  40                       incl     %eax
0x06fec770:  eb f3                    jmp      0x6fec765

----------------
IN: 
0x06fec765:  39 d0                    cmpl     %edx, %eax
0x06fec767:  73 28                    jae      0x6fec791

----------------
IN: 
0x06fec772:  80 78 fe 00              cmpb     $0, -2(%eax)
0x06fec776:  75 f7                    jne      0x6fec76f

----------------
IN: 
0x06fec778:  eb 06                    jmp      0x6fec780

----------------
IN: 
0x06fec780:  8d 48 04                 leal     4(%eax), %ecx
0x06fec783:  39 d1                    cmpl     %edx, %ecx
0x06fec785:  73 0a                    jae      0x6fec791

----------------
IN: 
0x06fec787:  0f b6 48 01              movzbl   1(%eax), %ecx
0x06fec78b:  01 c1                    addl     %eax, %ecx
0x06fec78d:  39 d1                    cmpl     %edx, %ecx
0x06fec78f:  72 02                    jb       0x6fec793

----------------
IN: 
0x06fec793:  5b                       popl     %ebx
0x06fec794:  c3                       retl     

----------------
IN: 
0x06fec791:  31 c0                    xorl     %eax, %eax
0x06fec793:  5b                       popl     %ebx
0x06fec794:  c3                       retl     

----------------
IN: 
0x06ff1e23:  b8 2d 1a 0f 00           movl     $0xf1a2d, %eax
0x06ff1e28:  e8 d3 85 0f f9           calll    0xea400

----------------
IN: 
0x06ff1e2d:  89 c1                    movl     %eax, %ecx
0x06ff1e2f:  b8 c0 4a 0f 00           movl     $0xf4ac0, %eax
0x06ff1e34:  e8 c7 85 0f f9           calll    0xea400

----------------
IN: 
0x06ff1e39:  01 c1                    addl     %eax, %ecx
0x06ff1e3b:  b8 35 1a 0f 00           movl     $0xf1a35, %eax
0x06ff1e40:  e8 bb 85 0f f9           calll    0xea400

----------------
IN: 
0x06ff1e45:  8d 44 01 1c              leal     0x1c(%ecx, %eax), %eax
0x06ff1e49:  0f b7 d0                 movzwl   %ax, %edx
0x06ff1e4c:  8b 2b                    movl     (%ebx), %ebp
0x06ff1e4e:  b9 ff ff 00 00           movl     $0xffff, %ecx
0x06ff1e53:  29 e9                    subl     %ebp, %ecx
0x06ff1e55:  39 d1                    cmpl     %edx, %ecx
0x06ff1e57:  73 13                    jae      0x6ff1e6c

----------------
IN: 
0x06ff1e6c:  01 ea                    addl     %ebp, %edx
0x06ff1e6e:  89 13                    movl     %edx, (%ebx)
0x06ff1e70:  85 ff                    testl    %edi, %edi
0x06ff1e72:  0f 85 43 01 00 00        jne      0x6ff1fbb

----------------
IN: 
0x06ff1fbb:  66 39 07                 cmpw     %ax, (%edi)
0x06ff1fbe:  0f 83 b4 fe ff ff        jae      0x6ff1e78

----------------
IN: 
0x06ff1fc4:  66 89 07                 movw     %ax, (%edi)
0x06ff1fc7:  e9 ac fe ff ff           jmp      0x6ff1e78

----------------
IN: 
0x06ff1e78:  85 f6                    testl    %esi, %esi
0x06ff1e7a:  74 03                    je       0x6ff1e7f

----------------
IN: 
0x06ff1e7c:  66 ff 06                 incw     (%esi)
0x06ff1e7f:  be 01 00 00 00           movl     $1, %esi
0x06ff1e84:  8b 03                    movl     (%ebx), %eax
0x06ff1e86:  3d 58 02 00 00           cmpl     $0x258, %eax
0x06ff1e8b:  76 07                    jbe      0x6ff1e94

----------------
IN: 
0x06ff1e94:  e8 da cb ff ff           calll    0x6feea73

----------------
IN: 
0x06ff1e99:  89 c3                    movl     %eax, %ebx
0x06ff1e9b:  85 c0                    testl    %eax, %eax
0x06ff1e9d:  75 1c                    jne      0x6ff1ebb

----------------
IN: 
0x06ff1ebb:  8b 44 24 04              movl     4(%esp), %eax
0x06ff1ebf:  89 18                    movl     %ebx, (%eax)
0x06ff1ec1:  31 c9                    xorl     %ecx, %ecx
0x06ff1ec3:  89 48 04                 movl     %ecx, 4(%eax)
0x06ff1ec6:  85 f6                    testl    %esi, %esi
0x06ff1ec8:  0f 84 d3 00 00 00        je       0x6ff1fa1

----------------
IN: 
0x06ff1ece:  8d 6b 18                 leal     0x18(%ebx), %ebp
0x06ff1ed1:  c7 03 00 18 00 00        movl     $0x1800, (%ebx)
0x06ff1ed7:  b8 2d 1a 0f 00           movl     $0xf1a2d, %eax
0x06ff1edc:  e8 1f 85 0f f9           calll    0xea400

----------------
IN: 
0x06ff1ee1:  8d 48 01                 leal     1(%eax), %ecx
0x06ff1ee4:  83 f9 01                 cmpl     $1, %ecx
0x06ff1ee7:  7e 17                    jle      0x6ff1f00

----------------
IN: 
0x06ff1ee9:  be 2d 1a 0f 00           movl     $0xf1a2d, %esi
0x06ff1eee:  89 ef                    movl     %ebp, %edi
0x06ff1ef0:  f3 a4                    rep movsb (%esi), %es:(%edi)

----------------
IN: 
0x06ff1ef2:  89 fd                    movl     %edi, %ebp
0x06ff1ef4:  b0 01                    movb     $1, %al
0x06ff1ef6:  c7 44 24 04 01 00 00 00  movl     $1, 4(%esp)
0x06ff1efe:  eb 08                    jmp      0x6ff1f08

----------------
IN: 
0x06ff1f08:  88 43 04                 movb     %al, 4(%ebx)
0x06ff1f0b:  be c0 4a 0f 00           movl     $0xf4ac0, %esi
0x06ff1f10:  31 ff                    xorl     %edi, %edi
0x06ff1f12:  85 f6                    testl    %esi, %esi
0x06ff1f14:  74 1d                    je       0x6ff1f33

----------------
IN: 
0x06ff1f16:  89 f0                    movl     %esi, %eax
0x06ff1f18:  e8 e3 84 0f f9           calll    0xea400

----------------
IN: 
0x06ff1f1d:  8d 48 01                 leal     1(%eax), %ecx
0x06ff1f20:  83 f9 01                 cmpl     $1, %ecx
0x06ff1f23:  7e 0e                    jle      0x6ff1f33

----------------
IN: 
0x06ff1f25:  89 ef                    movl     %ebp, %edi
0x06ff1f27:  f3 a4                    rep movsb (%esi), %es:(%edi)

----------------
IN: 
0x06ff1f29:  89 fd                    movl     %edi, %ebp
0x06ff1f2b:  ff 44 24 04              incl     4(%esp)
0x06ff1f2f:  8b 7c 24 04              movl     4(%esp), %edi
0x06ff1f33:  89 f8                    movl     %edi, %eax
0x06ff1f35:  88 43 05                 movb     %al, 5(%ebx)
0x06ff1f38:  66 c7 43 06 00 e8        movw     $0xe800, 6(%ebx)
0x06ff1f3e:  b8 35 1a 0f 00           movl     $0xf1a35, %eax
0x06ff1f43:  e8 b8 84 0f f9           calll    0xea400

----------------
IN: 
0x06ff1f48:  8d 48 01                 leal     1(%eax), %ecx
0x06ff1f4b:  31 c0                    xorl     %eax, %eax
0x06ff1f4d:  83 f9 01                 cmpl     $1, %ecx
0x06ff1f50:  7e 13                    jle      0x6ff1f65

----------------
IN: 
0x06ff1f52:  be 35 1a 0f 00           movl     $0xf1a35, %esi
0x06ff1f57:  89 ef                    movl     %ebp, %edi
0x06ff1f59:  f3 a4                    rep movsb (%esi), %es:(%edi)

----------------
IN: 
0x06ff1f5b:  89 fd                    movl     %edi, %ebp
0x06ff1f5d:  ff 44 24 04              incl     4(%esp)
0x06ff1f61:  8a 44 24 04              movb     4(%esp), %al
0x06ff1f65:  88 43 08                 movb     %al, 8(%ebx)
0x06ff1f68:  c6 43 09 00              movb     $0, 9(%ebx)
0x06ff1f6c:  8d 43 0a                 leal     0xa(%ebx), %eax
0x06ff1f6f:  b9 08 00 00 00           movl     $8, %ecx
0x06ff1f74:  31 d2                    xorl     %edx, %edx
0x06ff1f76:  e8 ab 97 0f f9           calll    0xeb726

----------------
IN: 
0x06ff1f7b:  c6 43 0a 08              movb     $8, 0xa(%ebx)
0x06ff1f7f:  c7 43 12 00 04 00 00     movl     $0x400, 0x12(%ebx)
0x06ff1f86:  66 c7 43 16 ff ff        movw     $0xffff, 0x16(%ebx)
0x06ff1f8c:  c6 45 00 00              movb     $0, (%ebp)
0x06ff1f90:  8d 5d 01                 leal     1(%ebp), %ebx
0x06ff1f93:  83 7c 24 04 00           cmpl     $0, 4(%esp)
0x06ff1f98:  75 07                    jne      0x6ff1fa1

----------------
IN: 
0x06ff1fa1:  89 df                    movl     %ebx, %edi
0x06ff1fa3:  8b 34 24                 movl     (%esp), %esi
0x06ff1fa6:  8b 4c 24 08              movl     8(%esp), %ecx
0x06ff1faa:  f3 a4                    rep movsb (%esi), %es:(%edi)

----------------
IN: 
0x06ff1fac:  8b 04 24                 movl     (%esp), %eax
0x06ff1faf:  e8 2f c5 ff ff           calll    0x6fee4e3

----------------
IN: 
0x06ff1fb4:  b8 01 00 00 00           movl     $1, %eax
0x06ff1fb9:  eb 11                    jmp      0x6ff1fcc

----------------
IN: 
0x06ff1fcc:  83 c4 0c                 addl     $0xc, %esp
0x06ff1fcf:  5b                       popl     %ebx
0x06ff1fd0:  5e                       popl     %esi
0x06ff1fd1:  5f                       popl     %edi
0x06ff1fd2:  5d                       popl     %ebp
0x06ff1fd3:  c3                       retl     

----------------
IN: 
0x06ff8356:  5e                       popl     %esi
0x06ff8357:  5f                       popl     %edi
0x06ff8358:  85 c0                    testl    %eax, %eax
0x06ff835a:  0f 84 cb 00 00 00        je       0x6ff842b

----------------
IN: 
0x06ff8360:  8b 54 24 5c              movl     0x5c(%esp), %edx
0x06ff8364:  83 7c 24 60 00           cmpl     $0, 0x60(%esp)
0x06ff8369:  75 0b                    jne      0x6ff8376

----------------
IN: 
0x06ff836b:  8b 44 24 54              movl     0x54(%esp), %eax
0x06ff836f:  3d ff ff 00 00           cmpl     $0xffff, %eax
0x06ff8374:  76 14                    jbe      0x6ff838a

----------------
IN: 
0x06ff838a:  89 94 24 80 00 00 00     movl     %edx, 0x80(%esp)
0x06ff8391:  66 89 44 24 7e           movw     %ax, 0x7e(%esp)
0x06ff8396:  ba 10 00 00 00           movl     $0x10, %edx
0x06ff839b:  8d 44 24 68              leal     0x68(%esp), %eax
0x06ff839f:  e8 af 32 0f f9           calll    0xeb653

----------------
IN: 
0x06ff83a4:  28 44 24 6c              subb     %al, 0x6c(%esp)
0x06ff83a8:  0f b6 54 24 6d           movzbl   0x6d(%esp), %edx
0x06ff83ad:  83 ea 10                 subl     $0x10, %edx
0x06ff83b0:  8d 44 24 78              leal     0x78(%esp), %eax
0x06ff83b4:  e8 9a 32 0f f9           calll    0xeb653

----------------
IN: 
0x06ff83b9:  28 44 24 7d              subb     %al, 0x7d(%esp)
0x06ff83bd:  8d 44 24 68              leal     0x68(%esp), %eax
0x06ff83c1:  e8 7c 98 ff ff           calll    0x6ff1c42

----------------
IN: 
0x06ff1c42:  83 3d 30 ff ff 06 00     cmpl     $0, 0x6ffff30
0x06ff1c49:  75 5b                    jne      0x6ff1ca6

----------------
IN: 
0x06ff1c4b:  81 38 5f 53 4d 5f        cmpl     $0x5f4d535f, (%eax)
0x06ff1c51:  75 53                    jne      0x6ff1ca6

----------------
IN: 
0x06ff1c53:  57                       pushl    %edi
0x06ff1c54:  56                       pushl    %esi
0x06ff1c55:  53                       pushl    %ebx
0x06ff1c56:  89 c3                    movl     %eax, %ebx
0x06ff1c58:  ba 10 00 00 00           movl     $0x10, %edx
0x06ff1c5d:  e8 f1 99 0f f9           calll    0xeb653

----------------
IN: 
0x06ff1c62:  84 c0                    testb    %al, %al
0x06ff1c64:  75 3c                    jne      0x6ff1ca2

----------------
IN: 
0x06ff1c66:  b9 05 00 00 00           movl     $5, %ecx
0x06ff1c6b:  ba 74 19 0f 00           movl     $0xf1974, %edx
0x06ff1c70:  8d 43 10                 leal     0x10(%ebx), %eax
0x06ff1c73:  e8 95 87 0f f9           calll    0xea40d

----------------
IN: 
0x06ff1c78:  85 c0                    testl    %eax, %eax
0x06ff1c7a:  75 26                    jne      0x6ff1ca2

----------------
IN: 
0x06ff1c7c:  0f b6 73 05              movzbl   5(%ebx), %esi
0x06ff1c80:  8d 56 f0                 leal     -0x10(%esi), %edx
0x06ff1c83:  8d 43 10                 leal     0x10(%ebx), %eax
0x06ff1c86:  e8 c8 99 0f f9           calll    0xeb653

----------------
IN: 
0x06ff1c8b:  84 c0                    testb    %al, %al
0x06ff1c8d:  75 13                    jne      0x6ff1ca2

----------------
IN: 
0x06ff1c8f:  89 f1                    movl     %esi, %ecx
0x06ff1c91:  89 da                    movl     %ebx, %edx
0x06ff1c93:  b8 7a 19 0f 00           movl     $0xf197a, %eax
0x06ff1c98:  e8 2f ff ff ff           calll    0x6ff1bcc

----------------
IN: 
0x06ff1c9d:  a3 30 ff ff 06           movl     %eax, 0x6ffff30
0x06ff1ca2:  5b                       popl     %ebx
0x06ff1ca3:  5e                       popl     %esi
0x06ff1ca4:  5f                       popl     %edi
0x06ff1ca5:  c3                       retl     

----------------
IN: 
0x06ff83c6:  e9 5c 0b 00 00           jmp      0x6ff8f27

----------------
IN: 
0x06ff8f27:  8d 54 24 5c              leal     0x5c(%esp), %edx
0x06ff8f2b:  b8 06 20 0f 00           movl     $0xf2006, %eax
0x06ff8f30:  e8 4b 5c ff ff           calll    0x6feeb80

----------------
IN: 
0x06feebd9:  89 2f                    movl     %ebp, (%edi)
0x06feebdb:  c6 04 2b 00              movb     $0, (%ebx, %ebp)
0x06feebdf:  89 d8                    movl     %ebx, %eax
0x06feebe1:  5b                       popl     %ebx
0x06feebe2:  5e                       popl     %esi
0x06feebe3:  5f                       popl     %edi
0x06feebe4:  5d                       popl     %ebp
0x06feebe5:  c3                       retl     

----------------
IN: 
0x06ff8f35:  89 44 24 08              movl     %eax, 8(%esp)
0x06ff8f39:  85 c0                    testl    %eax, %eax
0x06ff8f3b:  0f 84 3e 04 00 00        je       0x6ff937f

----------------
IN: 
0x06ff8f41:  8b 44 24 5c              movl     0x5c(%esp), %eax
0x06ff8f45:  89 44 24 0c              movl     %eax, 0xc(%esp)
0x06ff8f49:  83 e0 7f                 andl     $0x7f, %eax
0x06ff8f4c:  89 44 24 14              movl     %eax, 0x14(%esp)
0x06ff8f50:  74 14                    je       0x6ff8f66

----------------
IN: 
0x06ff8f66:  8b 44 24 0c              movl     0xc(%esp), %eax
0x06ff8f6a:  c1 e8 07                 shrl     $7, %eax
0x06ff8f6d:  8d 04 c5 04 00 00 00     leal     4(, %eax, 8), %eax
0x06ff8f74:  e8 c9 5a ff ff           calll    0x6feea42

----------------
IN: 
0x06ff8f79:  89 04 24                 movl     %eax, (%esp)
0x06ff8f7c:  85 c0                    testl    %eax, %eax
0x06ff8f7e:  75 14                    jne      0x6ff8f94

----------------
IN: 
0x06ff8f94:  8b 04 24                 movl     (%esp), %eax
0x06ff8f97:  31 d2                    xorl     %edx, %edx
0x06ff8f99:  89 10                    movl     %edx, (%eax)
0x06ff8f9b:  8b 44 24 08              movl     8(%esp), %eax
0x06ff8f9f:  8d 68 04                 leal     4(%eax), %ebp
0x06ff8fa2:  b8 fc ff ff ff           movl     $0xfffffffc, %eax
0x06ff8fa7:  2b 44 24 08              subl     8(%esp), %eax
0x06ff8fab:  89 44 24 28              movl     %eax, 0x28(%esp)
0x06ff8faf:  8b 44 24 28              movl     0x28(%esp), %eax
0x06ff8fb3:  01 e8                    addl     %ebp, %eax
0x06ff8fb5:  39 44 24 0c              cmpl     %eax, 0xc(%esp)
0x06ff8fb9:  0f 8e a4 03 00 00        jle      0x6ff9363

----------------
IN: 
0x06ff8fbf:  8b 45 fc                 movl     -4(%ebp), %eax
0x06ff8fc2:  83 f8 03                 cmpl     $3, %eax
0x06ff8fc5:  0f 84 83 01 00 00        je       0x6ff914e

----------------
IN: 
0x06ff8fcb:  77 13                    ja       0x6ff8fe0

----------------
IN: 
0x06ff8fcd:  83 f8 01                 cmpl     $1, %eax
0x06ff8fd0:  74 1c                    je       0x6ff8fee

----------------
IN: 
0x06ff8fee:  8b 7d 38                 movl     0x38(%ebp), %edi
0x06ff8ff1:  8d 47 ff                 leal     -1(%edi), %eax
0x06ff8ff4:  85 f8                    testl    %edi, %eax
0x06ff8ff6:  0f 85 a9 00 00 00        jne      0x6ff90a5

----------------
IN: 
0x06ff8ffc:  8a 45 3c                 movb     0x3c(%ebp), %al

----------------
IN: 
0x06ff8fff:  3c 01                    cmpb     $1, %al

----------------
IN: 
0x06ff9001:  74 0e                    je       0x6ff9011

----------------
IN: 
0x06ff9003:  be 80 fe ff 06           movl     $0x6fffe80, %esi
0x06ff9008:  3c 02                    cmpb     $2, %al
0x06ff900a:  74 0a                    je       0x6ff9016

----------------
IN: 
0x06ff9016:  80 7d 37 00              cmpb     $0, 0x37(%ebp)
0x06ff901a:  0f 85 85 00 00 00        jne      0x6ff90a5

----------------
IN: 
0x06ff9020:  8b 04 24                 movl     (%esp), %eax
0x06ff9023:  8b 18                    movl     (%eax), %ebx
0x06ff9025:  89 e8                    movl     %ebp, %eax
0x06ff9027:  e8 5e 51 ff ff           calll    0x6fee18a

----------------
IN: 
0x06ff902c:  8b 0c 24                 movl     (%esp), %ecx
0x06ff902f:  8d 1c d9                 leal     (%ecx, %ebx, 8), %ebx
0x06ff9032:  89 43 04                 movl     %eax, 4(%ebx)
0x06ff9035:  85 c0                    testl    %eax, %eax
0x06ff9037:  0f 84 1e 03 00 00        je       0x6ff935b

----------------
IN: 
0x06ff903d:  8b 90 84 00 00 00        movl     0x84(%eax), %edx
0x06ff9043:  85 d2                    testl    %edx, %edx
0x06ff9045:  0f 84 10 03 00 00        je       0x6ff935b

----------------
IN: 
0x06ff904b:  89 f9                    movl     %edi, %ecx
0x06ff904d:  83 ff 10                 cmpl     $0x10, %edi
0x06ff9050:  73 05                    jae      0x6ff9057

----------------
IN: 
0x06ff9057:  89 f0                    movl     %esi, %eax
0x06ff9059:  e8 f9 58 ff ff           calll    0x6fee957

----------------
IN: 
0x06ff905e:  89 c6                    movl     %eax, %esi
0x06ff9060:  85 c0                    testl    %eax, %eax
0x06ff9062:  75 0f                    jne      0x6ff9073

----------------
IN: 
0x06ff9073:  8b 43 04                 movl     4(%ebx), %eax
0x06ff9076:  8b 88 84 00 00 00        movl     0x84(%eax), %ecx
0x06ff907c:  89 f2                    movl     %esi, %edx
0x06ff907e:  ff 90 88 00 00 00        calll    *0x88(%eax)

----------------
IN: 
0x06ff9084:  8b 53 04                 movl     4(%ebx), %edx
0x06ff9087:  39 82 84 00 00 00        cmpl     %eax, 0x84(%edx)
0x06ff908d:  74 09                    je       0x6ff9098

----------------
IN: 
0x06ff9098:  89 73 08                 movl     %esi, 8(%ebx)
0x06ff909b:  8b 04 24                 movl     (%esp), %eax
0x06ff909e:  ff 00                    incl     (%eax)
0x06ff90a0:  e9 b6 02 00 00           jmp      0x6ff935b

----------------
IN: 
0x06ff935b:  83 ed 80                 subl     $-0x80, %ebp
0x06ff935e:  e9 4c fc ff ff           jmp      0x6ff8faf

----------------
IN: 
0x06ff8faf:  8b 44 24 28              movl     0x28(%esp), %eax
0x06ff8fb3:  01 e8                    addl     %ebp, %eax
0x06ff8fb5:  39 44 24 0c              cmpl     %eax, 0xc(%esp)
0x06ff8fb9:  0f 8e a4 03 00 00        jle      0x6ff9363

----------------
IN: 
0x06ff9011:  be 84 fe ff 06           movl     $0x6fffe84, %esi
0x06ff9016:  80 7d 37 00              cmpb     $0, 0x37(%ebp)
0x06ff901a:  0f 85 85 00 00 00        jne      0x6ff90a5

----------------
IN: 
0x06ff914e:  8b 14 24                 movl     (%esp), %edx
0x06ff9151:  89 e8                    movl     %ebp, %eax
0x06ff9153:  e8 89 38 ff ff           calll    0x6fec9e1

----------------
IN: 
0x06fec9e1:  80 78 37 00              cmpb     $0, 0x37(%eax)
0x06fec9e5:  75 2f                    jne      0x6feca16

----------------
IN: 
0x06fec9e7:  55                       pushl    %ebp
0x06fec9e8:  57                       pushl    %edi
0x06fec9e9:  56                       pushl    %esi
0x06fec9ea:  53                       pushl    %ebx
0x06fec9eb:  89 d6                    movl     %edx, %esi
0x06fec9ed:  89 c7                    movl     %eax, %edi
0x06fec9ef:  8b 2a                    movl     (%edx), %ebp
0x06fec9f1:  31 db                    xorl     %ebx, %ebx
0x06fec9f3:  39 dd                    cmpl     %ebx, %ebp
0x06fec9f5:  7e 1b                    jle      0x6feca12

----------------
IN: 
0x06fec9f7:  8b 44 de 04              movl     4(%esi, %ebx, 8), %eax
0x06fec9fb:  83 c0 04                 addl     $4, %eax
0x06fec9fe:  89 fa                    movl     %edi, %edx
0x06feca00:  e8 29 da 0f f9           calll    0xea42e

----------------
IN: 
0x06feca05:  85 c0                    testl    %eax, %eax
0x06feca07:  75 06                    jne      0x6feca0f

----------------
IN: 
0x06feca0f:  43                       incl     %ebx
0x06feca10:  eb e1                    jmp      0x6fec9f3

----------------
IN: 
0x06fec9f3:  39 dd                    cmpl     %ebx, %ebp
0x06fec9f5:  7e 1b                    jle      0x6feca12

----------------
IN: 
0x06feca09:  8d 44 de 04              leal     4(%esi, %ebx, 8), %eax
0x06feca0d:  eb 0a                    jmp      0x6feca19

----------------
IN: 
0x06feca19:  5b                       popl     %ebx
0x06feca1a:  5e                       popl     %esi
0x06feca1b:  5f                       popl     %edi
0x06feca1c:  5d                       popl     %ebp
0x06feca1d:  c3                       retl     

----------------
IN: 
0x06ff9158:  89 c1                    movl     %eax, %ecx
0x06ff915a:  85 c0                    testl    %eax, %eax
0x06ff915c:  74 31                    je       0x6ff918f

----------------
IN: 
0x06ff915e:  8b 40 04                 movl     4(%eax), %eax
0x06ff9161:  85 c0                    testl    %eax, %eax
0x06ff9163:  74 2a                    je       0x6ff918f

----------------
IN: 
0x06ff9165:  8b 7d 38                 movl     0x38(%ebp), %edi
0x06ff9168:  89 7c 24 18              movl     %edi, 0x18(%esp)
0x06ff916c:  8b 09                    movl     (%ecx), %ecx
0x06ff916e:  8b b1 84 00 00 00        movl     0x84(%ecx), %esi
0x06ff9174:  39 f7                    cmpl     %esi, %edi
0x06ff9176:  73 17                    jae      0x6ff918f

----------------
IN: 
0x06ff9178:  8b 4d 3c                 movl     0x3c(%ebp), %ecx
0x06ff917b:  8b 5d 40                 movl     0x40(%ebp), %ebx
0x06ff917e:  89 cf                    movl     %ecx, %edi
0x06ff9180:  31 d2                    xorl     %edx, %edx
0x06ff9182:  01 df                    addl     %ebx, %edi
0x06ff9184:  0f 92 c2                 setb     %dl
0x06ff9187:  39 fe                    cmpl     %edi, %esi
0x06ff9189:  72 04                    jb       0x6ff918f

----------------
IN: 
0x06ff918b:  85 d2                    testl    %edx, %edx
0x06ff918d:  74 0f                    je       0x6ff919e

----------------
IN: 
0x06ff919e:  8b 74 24 18              movl     0x18(%esp), %esi
0x06ff91a2:  01 c6                    addl     %eax, %esi
0x06ff91a4:  01 c8                    addl     %ecx, %eax
0x06ff91a6:  89 da                    movl     %ebx, %edx
0x06ff91a8:  e8 a6 24 0f f9           calll    0xeb653

----------------
IN: 
0x06ff91ad:  28 06                    subb     %al, (%esi)
0x06ff91af:  e9 a7 01 00 00           jmp      0x6ff935b

----------------
IN: 
0x06ff8fd2:  83 f8 02                 cmpl     $2, %eax
0x06ff8fd5:  0f 84 d9 00 00 00        je       0x6ff90b4

----------------
IN: 
0x06ff90b4:  8b 7d 70                 movl     0x70(%ebp), %edi
0x06ff90b7:  31 c0                    xorl     %eax, %eax
0x06ff90b9:  89 44 24 68              movl     %eax, 0x68(%esp)
0x06ff90bd:  89 44 24 6c              movl     %eax, 0x6c(%esp)
0x06ff90c1:  8b 14 24                 movl     (%esp), %edx
0x06ff90c4:  89 e8                    movl     %ebp, %eax
0x06ff90c6:  e8 16 39 ff ff           calll    0x6fec9e1

----------------
IN: 
0x06ff90cb:  89 c6                    movl     %eax, %esi
0x06ff90cd:  8d 45 38                 leal     0x38(%ebp), %eax
0x06ff90d0:  8b 14 24                 movl     (%esp), %edx
0x06ff90d3:  e8 09 39 ff ff           calll    0x6fec9e1

----------------
IN: 
0x06ff90d8:  89 c2                    movl     %eax, %edx
0x06ff90da:  85 c0                    testl    %eax, %eax
0x06ff90dc:  74 39                    je       0x6ff9117

----------------
IN: 
0x06ff90de:  85 f6                    testl    %esi, %esi
0x06ff90e0:  74 35                    je       0x6ff9117

----------------
IN: 
0x06ff90e2:  8b 46 04                 movl     4(%esi), %eax
0x06ff90e5:  85 c0                    testl    %eax, %eax
0x06ff90e7:  74 2e                    je       0x6ff9117

----------------
IN: 
0x06ff90e9:  8b 5a 04                 movl     4(%edx), %ebx
0x06ff90ec:  89 5c 24 18              movl     %ebx, 0x18(%esp)
0x06ff90f0:  85 db                    testl    %ebx, %ebx
0x06ff90f2:  74 23                    je       0x6ff9117

----------------
IN: 
0x06ff90f4:  0f b6 5d 74              movzbl   0x74(%ebp), %ebx
0x06ff90f8:  89 f9                    movl     %edi, %ecx
0x06ff90fa:  01 d9                    addl     %ebx, %ecx
0x06ff90fc:  72 19                    jb       0x6ff9117

----------------
IN: 
0x06ff90fe:  8b 36                    movl     (%esi), %esi
0x06ff9100:  39 8e 84 00 00 00        cmpl     %ecx, 0x84(%esi)
0x06ff9106:  72 0f                    jb       0x6ff9117

----------------
IN: 
0x06ff9108:  8d 4b ff                 leal     -1(%ebx), %ecx
0x06ff910b:  80 f9 07                 cmpb     $7, %cl
0x06ff910e:  77 07                    ja       0x6ff9117

----------------
IN: 
0x06ff9110:  8d 4b ff                 leal     -1(%ebx), %ecx
0x06ff9113:  85 d9                    testl    %ebx, %ecx
0x06ff9115:  74 0f                    je       0x6ff9126

----------------
IN: 
0x06ff9126:  01 f8                    addl     %edi, %eax
0x06ff9128:  8d 7c 24 68              leal     0x68(%esp), %edi
0x06ff912c:  89 c6                    movl     %eax, %esi
0x06ff912e:  89 d9                    movl     %ebx, %ecx
0x06ff9130:  f3 a4                    rep movsb (%esi), %es:(%edi)

----------------
IN: 
0x06ff9132:  8b 7c 24 18              movl     0x18(%esp), %edi
0x06ff9136:  01 7c 24 68              addl     %edi, 0x68(%esp)
0x06ff913a:  83 54 24 6c 00           adcl     $0, 0x6c(%esp)
0x06ff913f:  89 c7                    movl     %eax, %edi
0x06ff9141:  8d 74 24 68              leal     0x68(%esp), %esi
0x06ff9145:  89 d9                    movl     %ebx, %ecx
0x06ff9147:  f3 a4                    rep movsb (%esi), %es:(%edi)

----------------
IN: 
0x06ff9149:  e9 0d 02 00 00           jmp      0x6ff935b

----------------
IN: 
0x06ff8fdb:  e9 7b 03 00 00           jmp      0x6ff935b

----------------
IN: 
0x06ff9363:  8b 04 24                 movl     (%esp), %eax
0x06ff9366:  e8 78 51 ff ff           calll    0x6fee4e3

----------------
IN: 
0x06ff936b:  8b 44 24 08              movl     8(%esp), %eax
0x06ff936f:  e8 6f 51 ff ff           calll    0x6fee4e3

----------------
IN: 
0x06ff9374:  eb 11                    jmp      0x6ff9387

----------------
IN: 
0x06ff9387:  bd 20 56 0f 00           movl     $0xf5620, %ebp
0x06ff938c:  bb 2f 4e 0f 00           movl     $0xf4e2f, %ebx
0x06ff9391:  83 e3 f0                 andl     $0xfffffff0, %ebx
0x06ff9394:  89 ef                    movl     %ebp, %edi
0x06ff9396:  83 e7 f0                 andl     $0xfffffff0, %edi
0x06ff9399:  39 df                    cmpl     %ebx, %edi
0x06ff939b:  72 16                    jb       0x6ff93b3

----------------
IN: 
0x06ff939d:  89 de                    movl     %ebx, %esi
0x06ff939f:  89 ea                    movl     %ebp, %edx
0x06ff93a1:  29 da                    subl     %ebx, %edx
0x06ff93a3:  89 d8                    movl     %ebx, %eax
0x06ff93a5:  e8 b0 40 ff ff           calll    0x6fed45a

----------------
IN: 
0x06fed45a:  57                       pushl    %edi
0x06fed45b:  56                       pushl    %esi
0x06fed45c:  53                       pushl    %ebx
0x06fed45d:  89 d6                    movl     %edx, %esi
0x06fed45f:  8b 10                    movl     (%eax), %edx
0x06fed461:  81 f2 52 53 44 20        xorl     $0x20445352, %edx
0x06fed467:  8b 48 04                 movl     4(%eax), %ecx
0x06fed46a:  81 f1 50 54 52 20        xorl     $0x20525450, %ecx
0x06fed470:  09 ca                    orl      %ecx, %edx
0x06fed472:  75 44                    jne      0x6fed4b8

----------------
IN: 
0x06fed4b8:  83 c8 ff                 orl      $0xffffffff, %eax
0x06fed4bb:  5b                       popl     %ebx
0x06fed4bc:  5e                       popl     %esi
0x06fed4bd:  5f                       popl     %edi
0x06fed4be:  c3                       retl     

----------------
IN: 
0x06ff93aa:  85 c0                    testl    %eax, %eax
0x06ff93ac:  79 07                    jns      0x6ff93b5

----------------
IN: 
0x06ff93ae:  83 c3 10                 addl     $0x10, %ebx
0x06ff93b1:  eb e6                    jmp      0x6ff9399

----------------
IN: 
0x06ff9399:  39 df                    cmpl     %ebx, %edi
0x06ff939b:  72 16                    jb       0x6ff93b3

----------------
IN: 
0x06fed474:  83 fe 13                 cmpl     $0x13, %esi
0x06fed477:  76 3f                    jbe      0x6fed4b8

----------------
IN: 
0x06fed479:  89 c3                    movl     %eax, %ebx
0x06fed47b:  ba 14 00 00 00           movl     $0x14, %edx
0x06fed480:  e8 ce e1 0f f9           calll    0xeb653

----------------
IN: 
0x06fed485:  84 c0                    testb    %al, %al
0x06fed487:  b8 ff ff ff ff           movl     $0xffffffff, %eax
0x06fed48c:  75 2d                    jne      0x6fed4bb

----------------
IN: 
0x06fed48e:  80 7b 0f 01              cmpb     $1, 0xf(%ebx)
0x06fed492:  76 1b                    jbe      0x6fed4af

----------------
IN: 
0x06fed4af:  bf 14 00 00 00           movl     $0x14, %edi
0x06fed4b4:  89 f8                    movl     %edi, %eax
0x06fed4b6:  eb 03                    jmp      0x6fed4bb

----------------
IN: 
0x06fed4bb:  5b                       popl     %ebx
0x06fed4bc:  5e                       popl     %esi
0x06fed4bd:  5f                       popl     %edi
0x06fed4be:  c3                       retl     

----------------
IN: 
0x06ff93b5:  89 35 18 4d 0f 00        movl     %esi, 0xf4d18
0x06ff93bb:  85 f6                    testl    %esi, %esi
0x06ff93bd:  0f 84 49 01 00 00        je       0x6ff950c

----------------
IN: 
0x06ff93c3:  e8 61 9c ff ff           calll    0x6ff3029

----------------
IN: 
0x06ff3029:  56                       pushl    %esi
0x06ff302a:  53                       pushl    %ebx
0x06ff302b:  83 ec 2c                 subl     $0x2c, %esp
0x06ff302e:  b8 46 41 43 50           movl     $0x50434146, %eax
0x06ff3033:  e8 b3 b4 0f f9           calll    0xee4eb

----------------
IN: 
0x000ee4eb:  56                       pushl    %esi
0x000ee4ec:  53                       pushl    %ebx
0x000ee4ed:  8b 1d 18 4d 0f 00        movl     0xf4d18, %ebx
0x000ee4f3:  85 db                    testl    %ebx, %ebx
0x000ee4f5:  0f 84 a7 00 00 00        je       0xee5a2

----------------
IN: 
0x000ee4fb:  81 7b 04 50 54 52 20     cmpl     $0x20525450, 4(%ebx)
0x000ee502:  0f 85 98 00 00 00        jne      0xee5a0

----------------
IN: 
0x000ee508:  81 3b 52 53 44 20        cmpl     $0x20445352, (%ebx)
0x000ee50e:  0f 85 8c 00 00 00        jne      0xee5a0

----------------
IN: 
0x000ee514:  89 c2                    movl     %eax, %edx
0x000ee516:  8b 43 18                 movl     0x18(%ebx), %eax
0x000ee519:  83 7b 1c 00              cmpl     $0, 0x1c(%ebx)
0x000ee51d:  74 0b                    je       0xee52a

----------------
IN: 
0x000ee52a:  85 c0                    testl    %eax, %eax
0x000ee52c:  74 f1                    je       0xee51f

----------------
IN: 
0x000ee51f:  8b 43 10                 movl     0x10(%ebx), %eax
0x000ee522:  31 db                    xorl     %ebx, %ebx
0x000ee524:  85 c0                    testl    %eax, %eax
0x000ee526:  75 42                    jne      0xee56a

----------------
IN: 
0x000ee56a:  81 38 52 53 44 54        cmpl     $0x54445352, (%eax)
0x000ee570:  75 30                    jne      0xee5a2

----------------
IN: 
0x000ee572:  8b 70 04                 movl     4(%eax), %esi
0x000ee575:  01 c6                    addl     %eax, %esi
0x000ee577:  83 c0 24                 addl     $0x24, %eax
0x000ee57a:  39 f0                    cmpl     %esi, %eax
0x000ee57c:  73 22                    jae      0xee5a0

----------------
IN: 
0x000ee57e:  8b 08                    movl     (%eax), %ecx
0x000ee580:  85 c9                    testl    %ecx, %ecx
0x000ee582:  74 06                    je       0xee58a

----------------
IN: 
0x000ee584:  89 cb                    movl     %ecx, %ebx
0x000ee586:  39 11                    cmpl     %edx, (%ecx)
0x000ee588:  74 05                    je       0xee58f

----------------
IN: 
0x000ee58f:  51                       pushl    %ecx
0x000ee590:  52                       pushl    %edx
0x000ee591:  68 7d 12 0f 00           pushl    $0xf127d
0x000ee596:  e8 87 e9 ff ff           calll    0xecf22

----------------
IN: 
0x000ee59b:  83 c4 0c                 addl     $0xc, %esp
0x000ee59e:  eb 02                    jmp      0xee5a2

----------------
IN: 
0x000ee5a2:  89 d8                    movl     %ebx, %eax
0x000ee5a4:  5b                       popl     %ebx
0x000ee5a5:  5e                       popl     %esi
0x000ee5a6:  c3                       retl     

----------------
IN: 
0x06ff3038:  85 c0                    testl    %eax, %eax
0x06ff303a:  74 36                    je       0x6ff3072

----------------
IN: 
0x06ff303c:  8b 58 28                 movl     0x28(%eax), %ebx
0x06ff303f:  85 db                    testl    %ebx, %ebx
0x06ff3041:  74 2f                    je       0x6ff3072

----------------
IN: 
0x06ff3043:  8b 73 04                 movl     4(%ebx), %esi
0x06ff3046:  56                       pushl    %esi
0x06ff3047:  53                       pushl    %ebx
0x06ff3048:  68 34 1f 0f 00           pushl    $0xf1f34
0x06ff304d:  e8 d0 9e 0f f9           calll    0xecf22

----------------
IN: 
0x06ff3052:  b9 2c 00 00 00           movl     $0x2c, %ecx
0x06ff3057:  31 d2                    xorl     %edx, %edx
0x06ff3059:  8d 44 24 0c              leal     0xc(%esp), %eax
0x06ff305d:  e8 c4 86 0f f9           calll    0xeb726

----------------
IN: 
0x06ff3062:  56                       pushl    %esi
0x06ff3063:  b9 24 00 00 00           movl     $0x24, %ecx
0x06ff3068:  89 da                    movl     %ebx, %edx
0x06ff306a:  e8 5b ff ff ff           calll    0x6ff2fca

----------------
IN: 
0x06ff2fca:  55                       pushl    %ebp
0x06ff2fcb:  57                       pushl    %edi
0x06ff2fcc:  56                       pushl    %esi
0x06ff2fcd:  53                       pushl    %ebx
0x06ff2fce:  89 c6                    movl     %eax, %esi
0x06ff2fd0:  89 d5                    movl     %edx, %ebp
0x06ff2fd2:  89 cb                    movl     %ecx, %ebx
0x06ff2fd4:  8b 7c 24 14              movl     0x14(%esp), %edi
0x06ff2fd8:  8d 54 1d 00              leal     (%ebp, %ebx), %edx
0x06ff2fdc:  89 f0                    movl     %esi, %eax
0x06ff2fde:  e8 fb fc ff ff           calll    0x6ff2cde

----------------
IN: 
0x06ff2cde:  55                       pushl    %ebp
0x06ff2cdf:  57                       pushl    %edi
0x06ff2ce0:  56                       pushl    %esi
0x06ff2ce1:  53                       pushl    %ebx
0x06ff2ce2:  83 ec 10                 subl     $0x10, %esp
0x06ff2ce5:  89 c7                    movl     %eax, %edi
0x06ff2ce7:  8b 40 28                 movl     0x28(%eax), %eax
0x06ff2cea:  83 f8 10                 cmpl     $0x10, %eax
0x06ff2ced:  75 22                    jne      0x6ff2d11

----------------
IN: 
0x06ff2d11:  89 d3                    movl     %edx, %ebx
0x06ff2d13:  40                       incl     %eax
0x06ff2d14:  89 47 28                 movl     %eax, 0x28(%edi)
0x06ff2d17:  0f b6 0a                 movzbl   (%edx), %ecx
0x06ff2d1a:  80 f9 14                 cmpb     $0x14, %cl
0x06ff2d1d:  77 11                    ja       0x6ff2d30

----------------
IN: 
0x06ff2d1f:  ff 24 8d 9c f0 ff 06     jmpl     *0x6fff09c(, %ecx, 4)

----------------
IN: 
0x06ff2db2:  8d 54 24 08              leal     8(%esp), %edx
0x06ff2db6:  8d 43 01                 leal     1(%ebx), %eax
0x06ff2db9:  e8 a6 9c ff ff           calll    0x6feca64

----------------
IN: 
0x06feca64:  56                       pushl    %esi
0x06feca65:  53                       pushl    %ebx
0x06feca66:  89 c1                    movl     %eax, %ecx
0x06feca68:  31 db                    xorl     %ebx, %ebx
0x06feca6a:  89 1a                    movl     %ebx, (%edx)
0x06feca6c:  0f b6 00                 movzbl   (%eax), %eax
0x06feca6f:  88 c3                    movb     %al, %bl
0x06feca71:  c0 eb 06                 shrb     $6, %bl
0x06feca74:  80 fb 02                 cmpb     $2, %bl
0x06feca77:  74 22                    je       0x6feca9b

----------------
IN: 
0x06feca79:  80 fb 03                 cmpb     $3, %bl
0x06feca7c:  74 0d                    je       0x6feca8b

----------------
IN: 
0x06feca7e:  fe cb                    decb     %bl
0x06feca80:  75 40                    jne      0x6fecac2

----------------
IN: 
0x06feca82:  31 c0                    xorl     %eax, %eax
0x06feca84:  bb 02 00 00 00           movl     $2, %ebx
0x06feca89:  eb 23                    jmp      0x6fecaae

----------------
IN: 
0x06fecaae:  0f b6 71 01              movzbl   1(%ecx), %esi
0x06fecab2:  c1 e6 04                 shll     $4, %esi
0x06fecab5:  09 c6                    orl      %eax, %esi
0x06fecab7:  89 32                    movl     %esi, (%edx)
0x06fecab9:  8a 01                    movb     (%ecx), %al
0x06fecabb:  83 e0 0f                 andl     $0xf, %eax
0x06fecabe:  09 f0                    orl      %esi, %eax
0x06fecac0:  eb 05                    jmp      0x6fecac7

----------------
IN: 
0x06fecac7:  89 02                    movl     %eax, (%edx)
0x06fecac9:  89 d8                    movl     %ebx, %eax
0x06fecacb:  5b                       popl     %ebx
0x06fecacc:  5e                       popl     %esi
0x06fecacd:  c3                       retl     

----------------
IN: 
0x06ff2dbe:  89 c5                    movl     %eax, %ebp
0x06ff2dc0:  8d 54 03 01              leal     1(%ebx, %eax), %edx
0x06ff2dc4:  89 f8                    movl     %edi, %eax
0x06ff2dc6:  e8 a0 a8 ff ff           calll    0x6fed66b

----------------
IN: 
0x06fed66b:  55                       pushl    %ebp
0x06fed66c:  57                       pushl    %edi
0x06fed66d:  56                       pushl    %esi
0x06fed66e:  53                       pushl    %ebx
0x06fed66f:  83 ec 08                 subl     $8, %esp
0x06fed672:  89 c1                    movl     %eax, %ecx
0x06fed674:  89 d5                    movl     %edx, %ebp
0x06fed676:  89 44 24 04              movl     %eax, 4(%esp)
0x06fed67a:  bb 01 00 00 00           movl     $1, %ebx
0x06fed67f:  8d 43 ff                 leal     -1(%ebx), %eax
0x06fed682:  8a 54 1d ff              movb     -1(%ebp, %ebx), %dl
0x06fed686:  80 fa 5a                 cmpb     $0x5a, %dl
0x06fed689:  77 29                    ja       0x6fed6b4

----------------
IN: 
0x06fed6b4:  80 fa 5e                 cmpb     $0x5e, %dl
0x06fed6b7:  0f 84 93 00 00 00        je       0x6fed750

----------------
IN: 
0x06fed6bd:  80 fa 5f                 cmpb     $0x5f, %dl
0x06fed6c0:  0f 84 9d 00 00 00        je       0x6fed763

----------------
IN: 
0x06fed6c6:  80 fa 5c                 cmpb     $0x5c, %dl
0x06fed6c9:  0f 85 a4 00 00 00        jne      0x6fed773

----------------
IN: 
0x06fed6cf:  8b 44 24 04              movl     4(%esp), %eax
0x06fed6d3:  8d 50 01                 leal     1(%eax), %edx
0x06fed6d6:  89 54 24 04              movl     %edx, 4(%esp)
0x06fed6da:  c6 00 5c                 movb     $0x5c, (%eax)
0x06fed6dd:  43                       incl     %ebx
0x06fed6de:  eb 9f                    jmp      0x6fed67f

----------------
IN: 
0x06fed67f:  8d 43 ff                 leal     -1(%ebx), %eax
0x06fed682:  8a 54 1d ff              movb     -1(%ebp, %ebx), %dl
0x06fed686:  80 fa 5a                 cmpb     $0x5a, %dl
0x06fed689:  77 29                    ja       0x6fed6b4

----------------
IN: 
0x06fed68b:  80 fa 40                 cmpb     $0x40, %dl
0x06fed68e:  0f 87 cf 00 00 00        ja       0x6fed763

----------------
IN: 
0x06fed694:  80 fa 2e                 cmpb     $0x2e, %dl
0x06fed697:  74 47                    je       0x6fed6e0

----------------
IN: 
0x06fed699:  80 fa 2f                 cmpb     $0x2f, %dl
0x06fed69c:  74 6f                    je       0x6fed70d

----------------
IN: 
0x06fed69e:  84 d2                    testb    %dl, %dl
0x06fed6a0:  0f 85 cd 00 00 00        jne      0x6fed773

----------------
IN: 
0x06fed6a6:  89 d8                    movl     %ebx, %eax
0x06fed6a8:  8b 54 24 04              movl     4(%esp), %edx
0x06fed6ac:  c6 02 00                 movb     $0, (%edx)
0x06fed6af:  e9 c6 00 00 00           jmp      0x6fed77a

----------------
IN: 
0x06fed77a:  83 c4 08                 addl     $8, %esp
0x06fed77d:  5b                       popl     %ebx
0x06fed77e:  5e                       popl     %esi
0x06fed77f:  5f                       popl     %edi
0x06fed780:  5d                       popl     %ebp
0x06fed781:  c3                       retl     

----------------
IN: 
0x06ff2dcb:  8b 74 24 08              movl     8(%esp), %esi
0x06ff2dcf:  8d 4c 05 00              leal     (%ebp, %eax), %ecx
0x06ff2dd3:  56                       pushl    %esi
0x06ff2dd4:  8d 53 01                 leal     1(%ebx), %edx
0x06ff2dd7:  89 f8                    movl     %edi, %eax
0x06ff2dd9:  e8 ec 01 00 00           calll    0x6ff2fca

----------------
IN: 
0x06ff2d30:  80 f9 5b                 cmpb     $0x5b, %cl
0x06ff2d33:  0f 84 50 01 00 00        je       0x6ff2e89

----------------
IN: 
0x06ff2e89:  0f b6 4a 01              movzbl   1(%edx), %ecx
0x06ff2e8d:  80 f9 81                 cmpb     $0x81, %cl
0x06ff2e90:  74 66                    je       0x6ff2ef8

----------------
IN: 
0x06ff2e92:  77 41                    ja       0x6ff2ed5

----------------
IN: 
0x06ff2e94:  80 f9 01                 cmpb     $1, %cl
0x06ff2e97:  74 4d                    je       0x6ff2ee6

----------------
IN: 
0x06ff2e99:  80 f9 80                 cmpb     $0x80, %cl
0x06ff2e9c:  0f 85 fa 00 00 00        jne      0x6ff2f9c

----------------
IN: 
0x06ff2ea2:  8d 52 02                 leal     2(%edx), %edx
0x06ff2ea5:  89 f8                    movl     %edi, %eax
0x06ff2ea7:  e8 bf a7 ff ff           calll    0x6fed66b

----------------
IN: 
0x06fed763:  8d 54 24 04              leal     4(%esp), %edx
0x06fed767:  89 e8                    movl     %ebp, %eax
0x06fed769:  e8 b0 fe ff ff           calll    0x6fed61e

----------------
IN: 
0x06fed61e:  8b 0a                    movl     (%edx), %ecx
0x06fed620:  85 c9                    testl    %ecx, %ecx
0x06fed622:  74 46                    je       0x6fed66a

----------------
IN: 
0x06fed624:  56                       pushl    %esi
0x06fed625:  53                       pushl    %ebx
0x06fed626:  8a 18                    movb     (%eax), %bl
0x06fed628:  8d 71 01                 leal     1(%ecx), %esi
0x06fed62b:  89 32                    movl     %esi, (%edx)
0x06fed62d:  88 19                    movb     %bl, (%ecx)
0x06fed62f:  8a 58 01                 movb     1(%eax), %bl
0x06fed632:  80 fb 5f                 cmpb     $0x5f, %bl
0x06fed635:  74 09                    je       0x6fed640

----------------
IN: 
0x06fed637:  8b 0a                    movl     (%edx), %ecx
0x06fed639:  8d 71 01                 leal     1(%ecx), %esi
0x06fed63c:  89 32                    movl     %esi, (%edx)
0x06fed63e:  88 19                    movb     %bl, (%ecx)
0x06fed640:  8a 58 02                 movb     2(%eax), %bl
0x06fed643:  80 fb 5f                 cmpb     $0x5f, %bl
0x06fed646:  74 09                    je       0x6fed651

----------------
IN: 
0x06fed648:  8b 0a                    movl     (%edx), %ecx
0x06fed64a:  8d 71 01                 leal     1(%ecx), %esi
0x06fed64d:  89 32                    movl     %esi, (%edx)
0x06fed64f:  88 19                    movb     %bl, (%ecx)
0x06fed651:  8a 48 03                 movb     3(%eax), %cl
0x06fed654:  80 f9 5f                 cmpb     $0x5f, %cl
0x06fed657:  74 09                    je       0x6fed662

----------------
IN: 
0x06fed662:  8b 02                    movl     (%edx), %eax
0x06fed664:  c6 00 00                 movb     $0, (%eax)
0x06fed667:  5b                       popl     %ebx
0x06fed668:  5e                       popl     %esi
0x06fed669:  c3                       retl     

----------------
IN: 
0x06fed76e:  8d 43 03                 leal     3(%ebx), %eax
0x06fed771:  eb 07                    jmp      0x6fed77a

----------------
IN: 
0x06ff2eac:  89 c6                    movl     %eax, %esi
0x06ff2eae:  8d 6f 24                 leal     0x24(%edi), %ebp
0x06ff2eb1:  8d 44 03 03              leal     3(%ebx, %eax), %eax
0x06ff2eb5:  31 c9                    xorl     %ecx, %ecx
0x06ff2eb7:  89 ea                    movl     %ebp, %edx
0x06ff2eb9:  e8 d3 a4 ff ff           calll    0x6fed391

----------------
IN: 
0x06fed391:  53                       pushl    %ebx
0x06fed392:  89 cb                    movl     %ecx, %ebx
0x06fed394:  80 38 0c                 cmpb     $0xc, (%eax)
0x06fed397:  77 30                    ja       0x6fed3c9

----------------
IN: 
0x06fed399:  0f b6 08                 movzbl   (%eax), %ecx
0x06fed39c:  ff 24 8d 40 f0 ff 06     jmpl     *0x6fff040(, %ecx, 4)

----------------
IN: 
0x06fed3b0:  0f b7 40 01              movzwl   1(%eax), %eax
0x06fed3b4:  31 d2                    xorl     %edx, %edx
0x06fed3b6:  b9 03 00 00 00           movl     $3, %ecx
0x06fed3bb:  eb 2b                    jmp      0x6fed3e8

----------------
IN: 
0x06fed3e8:  85 db                    testl    %ebx, %ebx
0x06fed3ea:  74 05                    je       0x6fed3f1

----------------
IN: 
0x06fed3f1:  89 c8                    movl     %ecx, %eax
0x06fed3f3:  5b                       popl     %ebx
0x06fed3f4:  c3                       retl     

----------------
IN: 
0x06ff2ebe:  8d 74 06 03              leal     3(%esi, %eax), %esi
0x06ff2ec2:  8d 04 33                 leal     (%ebx, %esi), %eax
0x06ff2ec5:  31 c9                    xorl     %ecx, %ecx
0x06ff2ec7:  89 ea                    movl     %ebp, %edx
0x06ff2ec9:  e8 c3 a4 ff ff           calll    0x6fed391

----------------
IN: 
0x06fed3dc:  b9 01 00 00 00           movl     $1, %ecx
0x06fed3e1:  b8 01 00 00 00           movl     $1, %eax
0x06fed3e6:  31 d2                    xorl     %edx, %edx
0x06fed3e8:  85 db                    testl    %ebx, %ebx
0x06fed3ea:  74 05                    je       0x6fed3f1

----------------
IN: 
0x06ff2ece:  01 c6                    addl     %eax, %esi
0x06ff2ed0:  e9 e8 00 00 00           jmp      0x6ff2fbd

----------------
IN: 
0x06ff2fbd:  ff 4f 28                 decl     0x28(%edi)
0x06ff2fc0:  89 f0                    movl     %esi, %eax
0x06ff2fc2:  83 c4 10                 addl     $0x10, %esp
0x06ff2fc5:  5b                       popl     %ebx
0x06ff2fc6:  5e                       popl     %esi
0x06ff2fc7:  5f                       popl     %edi
0x06ff2fc8:  5d                       popl     %ebp
0x06ff2fc9:  c3                       retl     

----------------
IN: 
0x06ff2fe3:  01 c3                    addl     %eax, %ebx
0x06ff2fe5:  39 fb                    cmpl     %edi, %ebx
0x06ff2fe7:  74 3b                    je       0x6ff3024

----------------
IN: 
0x06ff2fe9:  7e 1a                    jle      0x6ff3005

----------------
IN: 
0x06ff3005:  83 7e 24 00              cmpl     $0, 0x24(%esi)
0x06ff3009:  74 cd                    je       0x6ff2fd8

----------------
IN: 
0x06ff2fd8:  8d 54 1d 00              leal     (%ebp, %ebx), %edx
0x06ff2fdc:  89 f0                    movl     %esi, %eax
0x06ff2fde:  e8 fb fc ff ff           calll    0x6ff2cde

----------------
IN: 
0x06ff2ef8:  80 cd 5b                 orb      $0x5b, %ch
0x06ff2efb:  8d 53 02                 leal     2(%ebx), %edx
0x06ff2efe:  6a 01                    pushl    $1
0x06ff2f00:  89 f8                    movl     %edi, %eax
0x06ff2f02:  e8 95 fd ff ff           calll    0x6ff2c9c

----------------
IN: 
0x06ff2c9c:  56                       pushl    %esi
0x06ff2c9d:  53                       pushl    %ebx
0x06ff2c9e:  83 ec 0c                 subl     $0xc, %esp
0x06ff2ca1:  89 c6                    movl     %eax, %esi
0x06ff2ca3:  89 d3                    movl     %edx, %ebx
0x06ff2ca5:  51                       pushl    %ecx
0x06ff2ca6:  68 d5 1e 0f 00           pushl    $0xf1ed5
0x06ff2cab:  6a 08                    pushl    $8
0x06ff2cad:  8d 44 24 10              leal     0x10(%esp), %eax
0x06ff2cb1:  50                       pushl    %eax
0x06ff2cb2:  e8 ac fc ff ff           calll    0x6ff2963

----------------
IN: 
0x06ff2963:  53                       pushl    %ebx
0x06ff2964:  83 ec 0c                 subl     $0xc, %esp
0x06ff2967:  8b 5c 24 14              movl     0x14(%esp), %ebx
0x06ff296b:  8b 54 24 18              movl     0x18(%esp), %edx
0x06ff296f:  31 c0                    xorl     %eax, %eax
0x06ff2971:  85 d2                    testl    %edx, %edx
0x06ff2973:  74 34                    je       0x6ff29a9

----------------
IN: 
0x06ff2975:  c7 04 24 a2 c0 fe 06     movl     $0x6fec0a2, (%esp)
0x06ff297c:  89 5c 24 04              movl     %ebx, 4(%esp)
0x06ff2980:  01 da                    addl     %ebx, %edx
0x06ff2982:  89 54 24 08              movl     %edx, 8(%esp)
0x06ff2986:  8d 4c 24 20              leal     0x20(%esp), %ecx
0x06ff298a:  89 e0                    movl     %esp, %eax
0x06ff298c:  8b 54 24 1c              movl     0x1c(%esp), %edx
0x06ff2990:  e8 45 9d 0f f9           calll    0xec6da

----------------
IN: 
0x06fec0a2:  89 d1                    movl     %edx, %ecx
0x06fec0a4:  8b 50 04                 movl     4(%eax), %edx
0x06fec0a7:  3b 50 08                 cmpl     8(%eax), %edx
0x06fec0aa:  73 05                    jae      0x6fec0b1

----------------
IN: 
0x06fec0ac:  88 0a                    movb     %cl, (%edx)
0x06fec0ae:  ff 40 04                 incl     4(%eax)
0x06fec0b1:  c3                       retl     

----------------
IN: 
0x06ff2995:  8b 44 24 04              movl     4(%esp), %eax
0x06ff2999:  8b 54 24 08              movl     8(%esp), %edx
0x06ff299d:  39 d0                    cmpl     %edx, %eax
0x06ff299f:  72 03                    jb       0x6ff29a4

----------------
IN: 
0x06ff29a4:  c6 00 00                 movb     $0, (%eax)
0x06ff29a7:  29 d8                    subl     %ebx, %eax
0x06ff29a9:  83 c4 0c                 addl     $0xc, %esp
0x06ff29ac:  5b                       popl     %ebx
0x06ff29ad:  c3                       retl     

----------------
IN: 
0x06ff2cb7:  8d 54 24 10              leal     0x10(%esp), %edx
0x06ff2cbb:  89 d8                    movl     %ebx, %eax
0x06ff2cbd:  e8 a2 9d ff ff           calll    0x6feca64

----------------
IN: 
0x06fecac2:  bb 01 00 00 00           movl     $1, %ebx
0x06fecac7:  89 02                    movl     %eax, (%edx)
0x06fecac9:  89 d8                    movl     %ebx, %eax
0x06fecacb:  5b                       popl     %ebx
0x06fecacc:  5e                       popl     %esi
0x06fecacd:  c3                       retl     

----------------
IN: 
0x06ff2cc2:  89 d4                    movl     %edx, %esp
0x06ff2cc4:  83 7c 24 18 00           cmpl     $0, 0x18(%esp)
0x06ff2cc9:  74 0a                    je       0x6ff2cd5

----------------
IN: 
0x06ff2ccb:  8d 14 03                 leal     (%ebx, %eax), %edx
0x06ff2cce:  89 f0                    movl     %esi, %eax
0x06ff2cd0:  e8 96 a9 ff ff           calll    0x6fed66b

----------------
IN: 
0x06ff2cd5:  8b 04 24                 movl     (%esp), %eax
0x06ff2cd8:  83 c4 0c                 addl     $0xc, %esp
0x06ff2cdb:  5b                       popl     %ebx
0x06ff2cdc:  5e                       popl     %esi
0x06ff2cdd:  c3                       retl     

----------------
IN: 
0x06ff2f07:  8d 70 02                 leal     2(%eax), %esi
0x06ff2f0a:  59                       popl     %ecx
0x06ff2f0b:  e9 ad 00 00 00           jmp      0x6ff2fbd

----------------
IN: 
0x06ff2e4d:  8d 52 01                 leal     1(%edx), %edx
0x06ff2e50:  6a 01                    pushl    $1
0x06ff2e52:  b9 14 00 00 00           movl     $0x14, %ecx
0x06ff2e57:  89 f8                    movl     %edi, %eax
0x06ff2e59:  e8 3e fe ff ff           calll    0x6ff2c9c

----------------
IN: 
0x06fed659:  8b 02                    movl     (%edx), %eax
0x06fed65b:  8d 58 01                 leal     1(%eax), %ebx
0x06fed65e:  89 1a                    movl     %ebx, (%edx)
0x06fed660:  88 08                    movb     %cl, (%eax)
0x06fed662:  8b 02                    movl     (%edx), %eax
0x06fed664:  c6 00 00                 movb     $0, (%eax)
0x06fed667:  5b                       popl     %ebx
0x06fed668:  5e                       popl     %esi
0x06fed669:  c3                       retl     

----------------
IN: 
0x06ff2e5e:  8d 70 01                 leal     1(%eax), %esi
0x06ff2e61:  8b 6f 20                 movl     0x20(%edi), %ebp
0x06ff2e64:  58                       popl     %eax
0x06ff2e65:  85 ed                    testl    %ebp, %ebp
0x06ff2e67:  0f 84 50 01 00 00        je       0x6ff2fbd

----------------
IN: 
0x06ff3024:  5b                       popl     %ebx
0x06ff3025:  5e                       popl     %esi
0x06ff3026:  5f                       popl     %edi
0x06ff3027:  5d                       popl     %ebp
0x06ff3028:  c3                       retl     

----------------
IN: 
0x06ff2dde:  46                       incl     %esi
0x06ff2ddf:  e9 26 01 00 00           jmp      0x6ff2f0a

----------------
IN: 
0x06ff2f0a:  59                       popl     %ecx
0x06ff2f0b:  e9 ad 00 00 00           jmp      0x6ff2fbd

----------------
IN: 
0x06ff2ed5:  80 f9 82                 cmpb     $0x82, %cl
0x06ff2ed8:  74 36                    je       0x6ff2f10

----------------
IN: 
0x06ff2f10:  8d 54 24 08              leal     8(%esp), %edx
0x06ff2f14:  8d 43 02                 leal     2(%ebx), %eax
0x06ff2f17:  e8 48 9b ff ff           calll    0x6feca64

----------------
IN: 
0x06ff2f1c:  89 c5                    movl     %eax, %ebp
0x06ff2f1e:  8d 54 03 02              leal     2(%ebx, %eax), %edx
0x06ff2f22:  89 f8                    movl     %edi, %eax
0x06ff2f24:  e8 42 a7 ff ff           calll    0x6fed66b

----------------
IN: 
0x06ff2f29:  89 04 24                 movl     %eax, (%esp)
0x06ff2f2c:  b8 28 00 00 00           movl     $0x28, %eax
0x06ff2f31:  e8 0c bb ff ff           calll    0x6feea42

----------------
IN: 
0x06ff2f36:  89 47 20                 movl     %eax, 0x20(%edi)
0x06ff2f39:  8b 74 24 08              movl     8(%esp), %esi
0x06ff2f3d:  85 c0                    testl    %eax, %eax
0x06ff2f3f:  75 18                    jne      0x6ff2f59

----------------
IN: 
0x06ff2f59:  03 2c 24                 addl     (%esp), %ebp
0x06ff2f5c:  b9 28 00 00 00           movl     $0x28, %ecx
0x06ff2f61:  31 d2                    xorl     %edx, %edx
0x06ff2f63:  e8 be 87 0f f9           calll    0xeb726

----------------
IN: 
0x06ff2f68:  8b 47 20                 movl     0x20(%edi), %eax
0x06ff2f6b:  ba 30 fd ff 06           movl     $0x6fffd30, %edx
0x06ff2f70:  e8 1c 91 ff ff           calll    0x6fec091

----------------
IN: 
0x06ff2f75:  83 c0 08                 addl     $8, %eax
0x06ff2f78:  b9 20 00 00 00           movl     $0x20, %ecx
0x06ff2f7d:  89 fa                    movl     %edi, %edx
0x06ff2f7f:  e8 2e 91 ff ff           calll    0x6fec0b2

----------------
IN: 
0x06ff2f84:  56                       pushl    %esi
0x06ff2f85:  89 e9                    movl     %ebp, %ecx
0x06ff2f87:  8d 53 02                 leal     2(%ebx), %edx
0x06ff2f8a:  89 f8                    movl     %edi, %eax
0x06ff2f8c:  e8 39 00 00 00           calll    0x6ff2fca

----------------
IN: 
0x06ff2d5e:  8d 52 01                 leal     1(%edx), %edx
0x06ff2d61:  89 f8                    movl     %edi, %eax
0x06ff2d63:  e8 03 a9 ff ff           calll    0x6fed66b

----------------
IN: 
0x06ff2d68:  89 c6                    movl     %eax, %esi
0x06ff2d6a:  8d 54 03 01              leal     1(%ebx, %eax), %edx
0x06ff2d6e:  89 f8                    movl     %edi, %eax
0x06ff2d70:  e8 69 ff ff ff           calll    0x6ff2cde

----------------
IN: 
0x06ff2fb8:  be 05 00 00 00           movl     $5, %esi
0x06ff2fbd:  ff 4f 28                 decl     0x28(%edi)
0x06ff2fc0:  89 f0                    movl     %esi, %eax
0x06ff2fc2:  83 c4 10                 addl     $0x10, %esp
0x06ff2fc5:  5b                       popl     %ebx
0x06ff2fc6:  5e                       popl     %esi
0x06ff2fc7:  5f                       popl     %edi
0x06ff2fc8:  5d                       popl     %ebp
0x06ff2fc9:  c3                       retl     

----------------
IN: 
0x06ff2d75:  8d 74 06 01              leal     1(%esi, %eax), %esi
0x06ff2d79:  8b 6f 20                 movl     0x20(%edi), %ebp
0x06ff2d7c:  85 ed                    testl    %ebp, %ebp
0x06ff2d7e:  0f 84 39 02 00 00        je       0x6ff2fbd

----------------
IN: 
0x06ff2d84:  ba ef 1e 0f 00           movl     $0xf1eef, %edx
0x06ff2d89:  89 f8                    movl     %edi, %eax
0x06ff2d8b:  e8 9e 76 0f f9           calll    0xea42e

----------------
IN: 
0x06ff2d90:  85 c0                    testl    %eax, %eax
0x06ff2d92:  0f 85 d5 00 00 00        jne      0x6ff2e6d

----------------
IN: 
0x06ff2d98:  89 5d 18                 movl     %ebx, 0x18(%ebp)
0x06ff2d9b:  e9 cd 00 00 00           jmp      0x6ff2e6d

----------------
IN: 
0x06ff2e6d:  ba f4 1e 0f 00           movl     $0xf1ef4, %edx
0x06ff2e72:  89 f8                    movl     %edi, %eax
0x06ff2e74:  e8 b5 75 0f f9           calll    0xea42e

----------------
IN: 
0x06ff2e79:  85 c0                    testl    %eax, %eax
0x06ff2e7b:  0f 85 3c 01 00 00        jne      0x6ff2fbd

----------------
IN: 
0x06ff2fb1:  be 01 00 00 00           movl     $1, %esi
0x06ff2fb6:  eb 05                    jmp      0x6ff2fbd

----------------
IN: 
0x06ff2f91:  31 c0                    xorl     %eax, %eax
0x06ff2f93:  89 47 20                 movl     %eax, 0x20(%edi)
0x06ff2f96:  5a                       popl     %edx
0x06ff2f97:  83 c6 02                 addl     $2, %esi
0x06ff2f9a:  eb 21                    jmp      0x6ff2fbd

----------------
IN: 
0x06fed6e0:  8d 44 1d 00              leal     (%ebp, %ebx), %eax
0x06fed6e4:  8d 54 24 04              leal     4(%esp), %edx
0x06fed6e8:  e8 31 ff ff ff           calll    0x6fed61e

----------------
IN: 
0x06fed6ed:  8b 44 24 04              movl     4(%esp), %eax
0x06fed6f1:  8d 50 01                 leal     1(%eax), %edx
0x06fed6f4:  89 54 24 04              movl     %edx, 4(%esp)
0x06fed6f8:  c6 00 2e                 movb     $0x2e, (%eax)
0x06fed6fb:  8d 44 1d 04              leal     4(%ebp, %ebx), %eax
0x06fed6ff:  8d 54 24 04              leal     4(%esp), %edx
0x06fed703:  e8 16 ff ff ff           calll    0x6fed61e

----------------
IN: 
0x06fed708:  8d 43 08                 leal     8(%ebx), %eax
0x06fed70b:  eb 6d                    jmp      0x6fed77a

----------------
IN: 
0x06fed3a3:  0f b6 40 01              movzbl   1(%eax), %eax
0x06fed3a7:  31 d2                    xorl     %edx, %edx
0x06fed3a9:  b9 02 00 00 00           movl     $2, %ecx
0x06fed3ae:  eb 38                    jmp      0x6fed3e8

----------------
IN: 
0x06ff2ee6:  8d 52 02                 leal     2(%edx), %edx
0x06ff2ee9:  89 f8                    movl     %edi, %eax
0x06ff2eeb:  e8 7b a7 ff ff           calll    0x6fed66b

----------------
IN: 
0x06ff2ef0:  8d 70 03                 leal     3(%eax), %esi
0x06ff2ef3:  e9 c5 00 00 00           jmp      0x6ff2fbd

----------------
IN: 
0x06ff2de4:  8d 54 24 04              leal     4(%esp), %edx
0x06ff2de8:  8d 43 01                 leal     1(%ebx), %eax
0x06ff2deb:  e8 74 9c ff ff           calll    0x6feca64

----------------
IN: 
0x06ff2df0:  89 c6                    movl     %eax, %esi
0x06ff2df2:  8d 4c 24 08              leal     8(%esp), %ecx
0x06ff2df6:  8d 57 24                 leal     0x24(%edi), %edx
0x06ff2df9:  8d 44 03 01              leal     1(%ebx, %eax), %eax
0x06ff2dfd:  e8 8f a5 ff ff           calll    0x6fed391

----------------
IN: 
0x06fed3ec:  89 03                    movl     %eax, (%ebx)
0x06fed3ee:  89 53 04                 movl     %edx, 4(%ebx)
0x06fed3f1:  89 c8                    movl     %ecx, %eax
0x06fed3f3:  5b                       popl     %ebx
0x06fed3f4:  c3                       retl     

----------------
IN: 
0x06ff2e02:  89 04 24                 movl     %eax, (%esp)
0x06ff2e05:  8b 6f 20                 movl     0x20(%edi), %ebp
0x06ff2e08:  85 ed                    testl    %ebp, %ebp
0x06ff2e0a:  74 21                    je       0x6ff2e2d

----------------
IN: 
0x06ff2e0c:  ba f9 1e 0f 00           movl     $0xf1ef9, %edx
0x06ff2e11:  89 f8                    movl     %edi, %eax
0x06ff2e13:  e8 16 76 0f f9           calll    0xea42e

----------------
IN: 
0x06ff2e18:  85 c0                    testl    %eax, %eax
0x06ff2e1a:  75 11                    jne      0x6ff2e2d

----------------
IN: 
0x06ff2e2d:  8b 44 24 04              movl     4(%esp), %eax
0x06ff2e31:  8d 70 01                 leal     1(%eax), %esi
0x06ff2e34:  e9 84 01 00 00           jmp      0x6ff2fbd

----------------
IN: 
0x06ff2e81:  89 5d 1c                 movl     %ebx, 0x1c(%ebp)
0x06ff2e84:  e9 34 01 00 00           jmp      0x6ff2fbd

----------------
IN: 
0x06ff2fa3:  be 02 00 00 00           movl     $2, %esi
0x06ff2fa8:  eb 13                    jmp      0x6ff2fbd

----------------
IN: 
0x06fed3bd:  8b 40 01                 movl     1(%eax), %eax
0x06fed3c0:  31 d2                    xorl     %edx, %edx
0x06fed3c2:  b9 05 00 00 00           movl     $5, %ecx
0x06fed3c7:  eb 1f                    jmp      0x6fed3e8

----------------
IN: 
0x06ff2e1c:  03 34 24                 addl     (%esp), %esi
0x06ff2e1f:  8d 5c 33 01              leal     1(%ebx, %esi), %ebx
0x06ff2e23:  89 5d 20                 movl     %ebx, 0x20(%ebp)
0x06ff2e26:  8b 44 24 08              movl     8(%esp), %eax
0x06ff2e2a:  89 45 24                 movl     %eax, 0x24(%ebp)
0x06ff2e2d:  8b 44 24 04              movl     4(%esp), %eax
0x06ff2e31:  8d 70 01                 leal     1(%eax), %esi
0x06ff2e34:  e9 84 01 00 00           jmp      0x6ff2fbd

----------------
IN: 
0x06ff2da0:  be 01 00 00 00           movl     $1, %esi
0x06ff2da5:  8a 04 33                 movb     (%ebx, %esi), %al
0x06ff2da8:  46                       incl     %esi
0x06ff2da9:  84 c0                    testb    %al, %al
0x06ff2dab:  75 f8                    jne      0x6ff2da5

----------------
IN: 
0x06ff2da5:  8a 04 33                 movb     (%ebx, %esi), %al
0x06ff2da8:  46                       incl     %esi
0x06ff2da9:  84 c0                    testb    %al, %al
0x06ff2dab:  75 f8                    jne      0x6ff2da5

----------------
IN: 
0x06ff2dad:  e9 0b 02 00 00           jmp      0x6ff2fbd

----------------
IN: 
0x06fed70d:  0f b6 7c 1d 00           movzbl   (%ebp, %ebx), %edi
0x06fed712:  89 f9                    movl     %edi, %ecx
0x06fed714:  88 4c 24 03              movb     %cl, 3(%esp)
0x06fed718:  43                       incl     %ebx
0x06fed719:  8d 74 05 02              leal     2(%ebp, %eax), %esi
0x06fed71d:  31 ed                    xorl     %ebp, %ebp
0x06fed71f:  39 ef                    cmpl     %ebp, %edi
0x06fed721:  7e 23                    jle      0x6fed746

----------------
IN: 
0x06fed723:  85 ed                    testl    %ebp, %ebp
0x06fed725:  74 0e                    je       0x6fed735

----------------
IN: 
0x06fed735:  8d 54 24 04              leal     4(%esp), %edx
0x06fed739:  89 f0                    movl     %esi, %eax
0x06fed73b:  e8 de fe ff ff           calll    0x6fed61e

----------------
IN: 
0x06fed740:  45                       incl     %ebp
0x06fed741:  83 c6 04                 addl     $4, %esi
0x06fed744:  eb d9                    jmp      0x6fed71f

----------------
IN: 
0x06fed71f:  39 ef                    cmpl     %ebp, %edi
0x06fed721:  7e 23                    jle      0x6fed746

----------------
IN: 
0x06fed727:  8b 54 24 04              movl     4(%esp), %edx
0x06fed72b:  8d 4a 01                 leal     1(%edx), %ecx
0x06fed72e:  89 4c 24 04              movl     %ecx, 4(%esp)
0x06fed732:  c6 02 2e                 movb     $0x2e, (%edx)
0x06fed735:  8d 54 24 04              leal     4(%esp), %edx
0x06fed739:  89 f0                    movl     %esi, %eax
0x06fed73b:  e8 de fe ff ff           calll    0x6fed61e

----------------
IN: 
0x06fed746:  0f b6 74 24 03           movzbl   3(%esp), %esi
0x06fed74b:  8d 04 b3                 leal     (%ebx, %esi, 4), %eax
0x06fed74e:  eb 2a                    jmp      0x6fed77a

----------------
IN: 
0x06ff2eda:  8d 41 7d                 leal     0x7d(%ecx), %eax
0x06ff2edd:  3c 02                    cmpb     $2, %al
0x06ff2edf:  76 17                    jbe      0x6ff2ef8

----------------
IN: 
0x06ff2e39:  8d 52 01                 leal     1(%edx), %edx
0x06ff2e3c:  6a 00                    pushl    $0
0x06ff2e3e:  89 f8                    movl     %edi, %eax
0x06ff2e40:  e8 57 fe ff ff           calll    0x6ff2c9c

----------------
IN: 
0x06ff2e45:  8d 70 01                 leal     1(%eax), %esi
0x06ff2e48:  e9 bd 00 00 00           jmp      0x6ff2f0a

----------------
IN: 
0x06fed640:  8a 58 02                 movb     2(%eax), %bl
0x06fed643:  80 fb 5f                 cmpb     $0x5f, %bl
0x06fed646:  74 09                    je       0x6fed651

----------------
IN: 
0x06ff306f:  83 c4 10                 addl     $0x10, %esp
0x06ff3072:  83 c4 2c                 addl     $0x2c, %esp
0x06ff3075:  5b                       popl     %ebx
0x06ff3076:  5e                       popl     %esi
0x06ff3077:  c3                       retl     

----------------
IN: 
0x06ff93c8:  ba 04 2e 0f 00           movl     $0xf2e04, %edx
0x06ff93cd:  31 c0                    xorl     %eax, %eax
0x06ff93cf:  e8 f7 97 ff ff           calll    0x6ff2bcb

----------------
IN: 
0x06ff2bcb:  57                       pushl    %edi
0x06ff2bcc:  56                       pushl    %esi
0x06ff2bcd:  53                       pushl    %ebx
0x06ff2bce:  83 ec 0c                 subl     $0xc, %esp
0x06ff2bd1:  89 c3                    movl     %eax, %ebx
0x06ff2bd3:  52                       pushl    %edx
0x06ff2bd4:  68 c8 1e 0f 00           pushl    $0xf1ec8
0x06ff2bd9:  6a 0a                    pushl    $0xa
0x06ff2bdb:  8d 74 24 0e              leal     0xe(%esp), %esi
0x06ff2bdf:  56                       pushl    %esi
0x06ff2be0:  e8 7e fd ff ff           calll    0x6ff2963

----------------
IN: 
0x06ff2be5:  89 c7                    movl     %eax, %edi
0x06ff2be7:  83 c4 10                 addl     $0x10, %esp
0x06ff2bea:  85 db                    testl    %ebx, %ebx
0x06ff2bec:  75 11                    jne      0x6ff2bff

----------------
IN: 
0x06ff2bee:  8b 1d 30 fd ff 06        movl     0x6fffd30, %ebx
0x06ff2bf4:  85 db                    testl    %ebx, %ebx
0x06ff2bf6:  74 1b                    je       0x6ff2c13

----------------
IN: 
0x06ff2bf8:  8b 43 18                 movl     0x18(%ebx), %eax
0x06ff2bfb:  85 c0                    testl    %eax, %eax
0x06ff2bfd:  75 04                    jne      0x6ff2c03

----------------
IN: 
0x06ff2bff:  8b 1b                    movl     (%ebx), %ebx
0x06ff2c01:  eb f1                    jmp      0x6ff2bf4

----------------
IN: 
0x06ff2bf4:  85 db                    testl    %ebx, %ebx
0x06ff2bf6:  74 1b                    je       0x6ff2c13

----------------
IN: 
0x06ff2c03:  83 c0 05                 addl     $5, %eax
0x06ff2c06:  89 f9                    movl     %edi, %ecx
0x06ff2c08:  89 f2                    movl     %esi, %edx
0x06ff2c0a:  e8 fe 77 0f f9           calll    0xea40d

----------------
IN: 
0x06ff2c0f:  85 c0                    testl    %eax, %eax
0x06ff2c11:  75 ec                    jne      0x6ff2bff

----------------
IN: 
0x06ff2c13:  89 d8                    movl     %ebx, %eax
0x06ff2c15:  83 c4 0c                 addl     $0xc, %esp
0x06ff2c18:  5b                       popl     %ebx
0x06ff2c19:  5e                       popl     %esi
0x06ff2c1a:  5f                       popl     %edi
0x06ff2c1b:  c3                       retl     

----------------
IN: 
0x06ff93d4:  89 c3                    movl     %eax, %ebx
0x06ff93d6:  85 c0                    testl    %eax, %eax
0x06ff93d8:  0f 84 4f 01 00 00        je       0x6ff952d

----------------
IN: 
0x06ff952d:  66 83 3d d8 60 0f 00 40  cmpw     $0x40, 0xf60d8
0x06ff9535:  74 4b                    je       0x6ff9582

----------------
IN: 
0x06ff9537:  b0 34                    movb     $0x34, %al
0x06ff9539:  e6 43                    outb     %al, $0x43

----------------
IN: 
0x06ff953b:  31 c0                    xorl     %eax, %eax
0x06ff953d:  e6 40                    outb     %al, $0x40

----------------
IN: 
0x06ff953f:  e6 40                    outb     %al, $0x40

----------------
IN: 
0x06ff9541:  b0 8a                    movb     $0x8a, %al
0x06ff9543:  e6 70                    outb     %al, $0x70

----------------
IN: 
0x06ff9545:  b0 26                    movb     $0x26, %al
0x06ff9547:  e6 71                    outb     %al, $0x71

----------------
IN: 
0x06ff9549:  b0 8b                    movb     $0x8b, %al
0x06ff954b:  e6 70                    outb     %al, $0x70

----------------
IN: 
0x06ff954d:  e4 71                    inb      $0x71, %al

----------------
IN: 
0x06ff954f:  83 e0 01                 andl     $1, %eax
0x06ff9552:  83 c8 02                 orl      $2, %eax
0x06ff9555:  e6 71                    outb     %al, $0x71

----------------
IN: 
0x06ff9557:  b0 8c                    movb     $0x8c, %al
0x06ff9559:  e6 70                    outb     %al, $0x70

----------------
IN: 
0x06ff955b:  e4 71                    inb      $0x71, %al

----------------
IN: 
0x06ff955d:  b0 8d                    movb     $0x8d, %al
0x06ff955f:  e6 70                    outb     %al, $0x70

----------------
IN: 
0x06ff9561:  e4 71                    inb      $0x71, %al

----------------
IN: 
0x06ff9563:  b0 8a                    movb     $0x8a, %al
0x06ff9565:  e6 70                    outb     %al, $0x70

----------------
IN: 
0x06ff9567:  e4 71                    inb      $0x71, %al

----------------
IN: 
0x06ff9569:  84 c0                    testb    %al, %al
0x06ff956b:  0f 89 41 01 00 00        jns      0x6ff96b2

----------------
IN: 
0x06ff96b2:  b0 80                    movb     $0x80, %al
0x06ff96b4:  e6 70                    outb     %al, $0x70

----------------
IN: 
0x06ff96b6:  e4 71                    inb      $0x71, %al

----------------
IN: 
0x06ff96b8:  88 c1                    movb     %al, %cl
0x06ff96ba:  b0 82                    movb     $0x82, %al
0x06ff96bc:  e6 70                    outb     %al, $0x70

----------------
IN: 
0x06ff96be:  e4 71                    inb      $0x71, %al

----------------
IN: 
0x06ff96c0:  88 c3                    movb     %al, %bl
0x06ff96c2:  b0 84                    movb     $0x84, %al
0x06ff96c4:  e6 70                    outb     %al, $0x70

----------------
IN: 
0x06ff96c6:  e4 71                    inb      $0x71, %al

----------------
IN: 
0x06ff96c8:  88 c2                    movb     %al, %dl
0x06ff96ca:  c0 ea 04                 shrb     $4, %dl
0x06ff96cd:  0f b6 d2                 movzbl   %dl, %edx
0x06ff96d0:  6b d2 0a                 imull    $0xa, %edx, %edx
0x06ff96d3:  83 e0 0f                 andl     $0xf, %eax
0x06ff96d6:  01 d0                    addl     %edx, %eax
0x06ff96d8:  6b c0 3c                 imull    $0x3c, %eax, %eax
0x06ff96db:  88 da                    movb     %bl, %dl
0x06ff96dd:  c0 ea 04                 shrb     $4, %dl
0x06ff96e0:  0f b6 d2                 movzbl   %dl, %edx
0x06ff96e3:  6b d2 0a                 imull    $0xa, %edx, %edx
0x06ff96e6:  83 e3 0f                 andl     $0xf, %ebx
0x06ff96e9:  01 da                    addl     %ebx, %edx
0x06ff96eb:  01 d0                    addl     %edx, %eax
0x06ff96ed:  6b c0 3c                 imull    $0x3c, %eax, %eax
0x06ff96f0:  88 ca                    movb     %cl, %dl
0x06ff96f2:  c0 ea 04                 shrb     $4, %dl
0x06ff96f5:  0f b6 d2                 movzbl   %dl, %edx
0x06ff96f8:  6b d2 0a                 imull    $0xa, %edx, %edx
0x06ff96fb:  83 e1 0f                 andl     $0xf, %ecx
0x06ff96fe:  01 ca                    addl     %ecx, %edx
0x06ff9700:  01 d0                    addl     %edx, %eax
0x06ff9702:  69 c0 e8 03 00 00        imull    $0x3e8, %eax, %eax
0x06ff9708:  ba 99 9e 36 00           movl     $0x369e99, %edx
0x06ff970d:  f7 e2                    mull     %edx
0x06ff970f:  05 ff ff 00 00           addl     $0xffff, %eax
0x06ff9714:  83 d2 00                 adcl     $0, %edx
0x06ff9717:  0f ac d0 10              shrdl    $0x10, %edx, %eax
0x06ff971b:  c1 ea 10                 shrl     $0x10, %edx
0x06ff971e:  05 b7 0b 00 00           addl     $0xbb7, %eax
0x06ff9723:  b9 b8 0b 00 00           movl     $0xbb8, %ecx
0x06ff9728:  31 d2                    xorl     %edx, %edx
0x06ff972a:  f7 f1                    divl     %ecx
0x06ff972c:  a3 6c 04 00 00           movl     %eax, 0x46c
0x06ff9731:  b0 b2                    movb     $0xb2, %al
0x06ff9733:  e6 70                    outb     %al, $0x70

----------------
IN: 
0x06ff9735:  e4 71                    inb      $0x71, %al

----------------
IN: 
0x06ff9737:  a2 b8 99 0e 00           movb     %al, 0xe99b8
0x06ff973c:  ba a5 fe 0f 00           movl     $0xffea5, %edx
0x06ff9741:  0f b7 d2                 movzwl   %dx, %edx
0x06ff9744:  81 ca 00 00 00 f0        orl      $0xf0000000, %edx
0x06ff974a:  31 c0                    xorl     %eax, %eax
0x06ff974c:  e8 6e 3d ff ff           calll    0x6fed4bf

----------------
IN: 
0x06fed4ed:  89 1c 85 00 00 00 00     movl     %ebx, (, %eax, 4)
0x06fed4f4:  5b                       popl     %ebx
0x06fed4f5:  5e                       popl     %esi
0x06fed4f6:  c3                       retl     

----------------
IN: 
0x06ff9751:  ba 2a d4 0f 00           movl     $0xfd42a, %edx
0x06ff9756:  0f b7 d2                 movzwl   %dx, %edx
0x06ff9759:  81 ca 00 00 00 f0        orl      $0xf0000000, %edx
0x06ff975f:  b8 08 00 00 00           movl     $8, %eax
0x06ff9764:  e8 56 3d ff ff           calll    0x6fed4bf

----------------
IN: 
0x06ff9769:  b8 54 50 4d 32           movl     $0x324d5054, %eax
0x06ff976e:  e8 78 4d 0f f9           calll    0xee4eb

----------------
IN: 
0x000ee58a:  83 c0 04                 addl     $4, %eax
0x000ee58d:  eb eb                    jmp      0xee57a

----------------
IN: 
0x000ee57a:  39 f0                    cmpl     %esi, %eax
0x000ee57c:  73 22                    jae      0xee5a0

----------------
IN: 
0x000ee5a0:  31 db                    xorl     %ebx, %ebx
0x000ee5a2:  89 d8                    movl     %ebx, %eax
0x000ee5a4:  5b                       popl     %ebx
0x000ee5a5:  5e                       popl     %esi
0x000ee5a6:  c3                       retl     

----------------
IN: 
0x06ff9773:  85 c0                    testl    %eax, %eax
0x06ff9775:  75 13                    jne      0x6ff978a

----------------
IN: 
0x06ff9777:  b8 54 43 50 41           movl     $0x41504354, %eax
0x06ff977c:  e8 6a 4d 0f f9           calll    0xee4eb

----------------
IN: 
0x06ff9781:  85 c0                    testl    %eax, %eax
0x06ff9783:  75 1c                    jne      0x6ff97a1

----------------
IN: 
0x06ff9785:  e9 0f 01 00 00           jmp      0x6ff9899

----------------
IN: 
0x06ff9899:  81 c4 88 00 00 00        addl     $0x88, %esp
0x06ff989f:  5b                       popl     %ebx
0x06ff98a0:  5e                       popl     %esi
0x06ff98a1:  5f                       popl     %edi
0x06ff98a2:  5d                       popl     %ebp
0x06ff98a3:  c3                       retl     

----------------
IN: 
0x06ffbb13:  e8 4d e7 0e f9           calll    0xea265

----------------
IN: 
0x000ea265:  31 c0                    xorl     %eax, %eax
0x000ea267:  80 3d 00 4e 0f 00 02     cmpb     $2, 0xf4e00
0x000ea26e:  75 0c                    jne      0xea27c

----------------
IN: 
0x000ea27c:  c3                       retl     

----------------
IN: 
0x06ffbb18:  85 c0                    testl    %eax, %eax
0x06ffbb1a:  74 05                    je       0x6ffbb21

----------------
IN: 
0x06ffbb21:  68 12 37 0f 00           pushl    $0xf3712
0x06ffbb26:  e8 f7 13 0f f9           calll    0xecf22

----------------
IN: 
0x06ffbb2b:  ba 01 00 00 00           movl     $1, %edx
0x06ffbb30:  31 c9                    xorl     %ecx, %ecx
0x06ffbb32:  b8 2b 37 0f 00           movl     $0xf372b, %eax
0x06ffbb37:  e8 7f 26 ff ff           calll    0x6fee1bb

----------------
IN: 
0x06ffbb3c:  a3 f0 4d 0f 00           movl     %eax, 0xf4df0
0x06ffbb41:  ba 01 00 00 00           movl     $1, %edx
0x06ffbb46:  31 c9                    xorl     %ecx, %ecx
0x06ffbb48:  b8 43 37 0f 00           movl     $0xf3743, %eax
0x06ffbb4d:  e8 69 26 ff ff           calll    0x6fee1bb

----------------
IN: 
0x06ffbb52:  a3 ec 4d 0f 00           movl     %eax, 0xf4dec
0x06ffbb57:  ba 02 00 00 00           movl     $2, %edx
0x06ffbb5c:  31 c9                    xorl     %ecx, %ecx
0x06ffbb5e:  b8 5a 37 0f 00           movl     $0xf375a, %eax
0x06ffbb63:  e8 53 26 ff ff           calll    0x6fee1bb

----------------
IN: 
0x06ffbb68:  a3 4c ff ff 06           movl     %eax, 0x6ffff4c
0x06ffbb6d:  ba 01 00 00 00           movl     $1, %edx
0x06ffbb72:  31 c9                    xorl     %ecx, %ecx
0x06ffbb74:  b8 71 37 0f 00           movl     $0xf3771, %eax
0x06ffbb79:  e8 3d 26 ff ff           calll    0x6fee1bb

----------------
IN: 
0x06ffbb7e:  a3 e8 4d 0f 00           movl     %eax, 0xf4de8
0x06ffbb83:  e8 57 ea 0e f9           calll    0xea5df

----------------
IN: 
0x000ea5df:  a1 f4 4d 0f 00           movl     0xf4df4, %eax
0x000ea5e4:  8b 40 0c                 movl     0xc(%eax), %eax
0x000ea5e7:  83 e8 10                 subl     $0x10, %eax
0x000ea5ea:  25 00 f8 ff ff           andl     $0xfffff800, %eax
0x000ea5ef:  c3                       retl     

----------------
IN: 
0x06ffbb88:  8d 88 00 00 f4 ff        leal     -0xc0000(%eax), %ecx
0x06ffbb8e:  31 d2                    xorl     %edx, %edx
0x06ffbb90:  b8 00 00 0c 00           movl     $0xc0000, %eax
0x06ffbb95:  e8 8c fb 0e f9           calll    0xeb726

----------------
IN: 
0x06ffbb9a:  a1 f8 fd ff 06           movl     0x6fffdf8, %eax
0x06ffbb9f:  8d 58 fc                 leal     -4(%eax), %ebx
0x06ffbba2:  5d                       popl     %ebp
0x06ffbba3:  83 fb fc                 cmpl     $-4, %ebx
0x06ffbba6:  0f 84 e0 01 00 00        je       0x6ffbd8c

----------------
IN: 
0x06ffbbac:  89 d8                    movl     %ebx, %eax
0x06ffbbae:  e8 5b 09 ff ff           calll    0x6fec50e

----------------
IN: 
0x06ffbbb3:  85 c0                    testl    %eax, %eax
0x06ffbbb5:  75 08                    jne      0x6ffbbbf

----------------
IN: 
0x06ffbbb7:  8b 5b 04                 movl     4(%ebx), %ebx
0x06ffbbba:  83 eb 04                 subl     $4, %ebx
0x06ffbbbd:  eb e4                    jmp      0x6ffbba3

----------------
IN: 
0x06ffbba3:  83 fb fc                 cmpl     $-4, %ebx
0x06ffbba6:  0f 84 e0 01 00 00        je       0x6ffbd8c

----------------
IN: 
0x06ffbbbf:  ba 86 37 0f 00           movl     $0xf3786, %edx
0x06ffbbc4:  b8 b3 1b 0f 00           movl     $0xf1bb3, %eax
0x06ffbbc9:  e8 60 e8 0e f9           calll    0xea42e

----------------
IN: 
0x06ffbbce:  85 c0                    testl    %eax, %eax
0x06ffbbd0:  75 29                    jne      0x6ffbbfb

----------------
IN: 
0x06ffbbfb:  ba 97 37 0f 00           movl     $0xf3797, %edx
0x06ffbc00:  b8 b3 1b 0f 00           movl     $0xf1bb3, %eax
0x06ffbc05:  e8 24 e8 0e f9           calll    0xea42e

----------------
IN: 
0x06ffbc0a:  85 c0                    testl    %eax, %eax
0x06ffbc0c:  75 17                    jne      0x6ffbc25

----------------
IN: 
0x06ffbc25:  ba a2 37 0f 00           movl     $0xf37a2, %edx
0x06ffbc2a:  b8 b3 1b 0f 00           movl     $0xf1bb3, %eax
0x06ffbc2f:  e8 fa e7 0e f9           calll    0xea42e

----------------
IN: 
0x06ffbc34:  85 c0                    testl    %eax, %eax
0x06ffbc36:  75 29                    jne      0x6ffbc61

----------------
IN: 
0x06ffbc61:  ba af 37 0f 00           movl     $0xf37af, %edx
0x06ffbc66:  b8 b3 1b 0f 00           movl     $0xf1bb3, %eax
0x06ffbc6b:  e8 be e7 0e f9           calll    0xea42e

----------------
IN: 
0x06ffbc70:  85 c0                    testl    %eax, %eax
0x06ffbc72:  75 29                    jne      0x6ffbc9d

----------------
IN: 
0x06ffbc9d:  8b 43 10                 movl     0x10(%ebx), %eax
0x06ffbca0:  66 3d 06 11              cmpw     $0x1106, %ax
0x06ffbca4:  0f 85 b4 00 00 00        jne      0x6ffbd5e

----------------
IN: 
0x06ffbd5e:  66 3d 86 80              cmpw     $0x8086, %ax
0x06ffbd62:  75 18                    jne      0x6ffbd7c

----------------
IN: 
0x06ffbd7c:  31 c9                    xorl     %ecx, %ecx
0x06ffbd7e:  ba 01 00 00 00           movl     $1, %edx
0x06ffbd83:  89 d8                    movl     %ebx, %eax
0x06ffbd85:  e8 b1 98 ff ff           calll    0x6ff563b

----------------
IN: 
0x06ff563b:  55                       pushl    %ebp
0x06ff563c:  57                       pushl    %edi
0x06ff563d:  56                       pushl    %esi
0x06ff563e:  53                       pushl    %ebx
0x06ff563f:  83 ec 24                 subl     $0x24, %esp
0x06ff5642:  89 c6                    movl     %eax, %esi
0x06ff5644:  89 14 24                 movl     %edx, (%esp)
0x06ff5647:  89 4c 24 04              movl     %ecx, 4(%esp)
0x06ff564b:  0f b7 40 12              movzwl   0x12(%eax), %eax
0x06ff564f:  50                       pushl    %eax
0x06ff5650:  0f b7 46 10              movzwl   0x10(%esi), %eax
0x06ff5654:  50                       pushl    %eax
0x06ff5655:  68 a5 25 0f 00           pushl    $0xf25a5
0x06ff565a:  6a 11                    pushl    $0x11
0x06ff565c:  8d 5c 24 23              leal     0x23(%esp), %ebx
0x06ff5660:  53                       pushl    %ebx
0x06ff5661:  e8 fd d2 ff ff           calll    0x6ff2963

----------------
IN: 
0x06ff5666:  89 d8                    movl     %ebx, %eax
0x06ff5668:  e8 1d 8b ff ff           calll    0x6fee18a

----------------
IN: 
0x06ff566d:  89 c5                    movl     %eax, %ebp
0x06ff566f:  83 c4 14                 addl     $0x14, %esp
0x06ff5672:  85 c0                    testl    %eax, %eax
0x06ff5674:  74 07                    je       0x6ff567d

----------------
IN: 
0x06ff567d:  83 3d 4c ff ff 06 01     cmpl     $1, 0x6ffff4c
0x06ff5684:  7f 10                    jg       0x6ff5696

----------------
IN: 
0x06ff5696:  89 f0                    movl     %esi, %eax
0x06ff5698:  e8 60 a6 ff ff           calll    0x6fefcfd

----------------
IN: 
0x06fefcfd:  55                       pushl    %ebp
0x06fefcfe:  57                       pushl    %edi
0x06fefcff:  56                       pushl    %esi
0x06fefd00:  53                       pushl    %ebx
0x06fefd01:  51                       pushl    %ecx
0x06fefd02:  f6 40 18 7f              testb    $0x7f, 0x18(%eax)
0x06fefd06:  0f 85 2b 01 00 00        jne      0x6fefe37

----------------
IN: 
0x06fefd0c:  89 c7                    movl     %eax, %edi
0x06fefd0e:  0f b7 30                 movzwl   (%eax), %esi
0x06fefd11:  ba 30 00 00 00           movl     $0x30, %edx
0x06fefd16:  89 f0                    movl     %esi, %eax
0x06fefd18:  e8 f2 a7 0f f9           calll    0xea50f

----------------
IN: 
0x06fefd1d:  89 c3                    movl     %eax, %ebx
0x06fefd1f:  b9 fe ff ff ff           movl     $0xfffffffe, %ecx
0x06fefd24:  ba 30 00 00 00           movl     $0x30, %edx
0x06fefd29:  89 f0                    movl     %esi, %eax
0x06fefd2b:  e8 22 a7 0f f9           calll    0xea452

----------------
IN: 
0x06fefd30:  ba 30 00 00 00           movl     $0x30, %edx
0x06fefd35:  89 f0                    movl     %esi, %eax
0x06fefd37:  e8 d3 a7 0f f9           calll    0xea50f

----------------
IN: 
0x06fefd3c:  89 dd                    movl     %ebx, %ebp
0x06fefd3e:  83 e5 fe                 andl     $0xfffffffe, %ebp
0x06fefd41:  8d 50 ff                 leal     -1(%eax), %edx
0x06fefd44:  83 fa fd                 cmpl     $-3, %edx
0x06fefd47:  0f 87 dc 00 00 00        ja       0x6fefe29

----------------
IN: 
0x06fefd4d:  39 e8                    cmpl     %ebp, %eax
0x06fefd4f:  0f 84 d4 00 00 00        je       0x6fefe29

----------------
IN: 
0x06fefd55:  8d 85 00 00 40 00        leal     0x400000(%ebp), %eax
0x06fefd5b:  3d ff ff 3f 01           cmpl     $0x13fffff, %eax
0x06fefd60:  0f 86 c3 00 00 00        jbe      0x6fefe29

----------------
IN: 
0x06fefd66:  89 d9                    movl     %ebx, %ecx
0x06fefd68:  83 c9 01                 orl      $1, %ecx
0x06fefd6b:  ba 30 00 00 00           movl     $0x30, %edx
0x06fefd70:  89 f0                    movl     %esi, %eax
0x06fefd72:  e8 db a6 0f f9           calll    0xea452

----------------
IN: 
0x06fefd77:  89 ea                    movl     %ebp, %edx
0x06fefd79:  66 81 3a 55 aa           cmpw     $0xaa55, (%edx)
0x06fefd7e:  0f 85 a5 00 00 00        jne      0x6fefe29

----------------
IN: 
0x06fefd84:  0f b7 5a 18              movzwl   0x18(%edx), %ebx
0x06fefd88:  89 d8                    movl     %ebx, %eax
0x06fefd8a:  01 d3                    addl     %edx, %ebx
0x06fefd8c:  81 3b 50 43 49 52        cmpl     $0x52494350, (%ebx)
0x06fefd92:  0f 85 91 00 00 00        jne      0x6fefe29

----------------
IN: 
0x06fefd98:  a8 03                    testb    $3, %al
0x06fefd9a:  74 1d                    je       0x6fefdb9

----------------
IN: 
0x06fefdb9:  85 db                    testl    %ebx, %ebx
0x06fefdbb:  74 6c                    je       0x6fefe29

----------------
IN: 
0x06fefdbd:  8b 47 10                 movl     0x10(%edi), %eax
0x06fefdc0:  66 39 43 04              cmpw     %ax, 4(%ebx)
0x06fefdc4:  75 10                    jne      0x6fefdd6

----------------
IN: 
0x06fefdc6:  66 8b 47 12              movw     0x12(%edi), %ax
0x06fefdca:  66 39 43 06              cmpw     %ax, 6(%ebx)
0x06fefdce:  75 06                    jne      0x6fefdd6

----------------
IN: 
0x06fefdd0:  80 7b 14 00              cmpb     $0, 0x14(%ebx)
0x06fefdd4:  74 11                    je       0x6fefde7

----------------
IN: 
0x06fefde7:  0f b6 7a 02              movzbl   2(%edx), %edi
0x06fefdeb:  89 14 24                 movl     %edx, (%esp)
0x06fefdee:  c1 e7 09                 shll     $9, %edi
0x06fefdf1:  89 f8                    movl     %edi, %eax
0x06fefdf3:  e8 54 c6 ff ff           calll    0x6fec44c

----------------
IN: 
0x06fec44c:  53                       pushl    %ebx
0x06fec44d:  8b 15 60 fe ff 06        movl     0x6fffe60, %edx
0x06fec453:  8d 8c 02 ff 07 00 00     leal     0x7ff(%edx, %eax), %ecx
0x06fec45a:  81 e1 00 f8 ff ff        andl     $0xfffff800, %ecx
0x06fec460:  e8 7a e1 0f f9           calll    0xea5df

----------------
IN: 
0x06fec465:  39 c8                    cmpl     %ecx, %eax
0x06fec467:  72 1b                    jb       0x6fec484

----------------
IN: 
0x06fec469:  8b 1d f4 4d 0f 00        movl     0xf4df4, %ebx
0x06fec46f:  b8 00 a8 0d 00           movl     $0xda800, %eax
0x06fec474:  39 c8                    cmpl     %ecx, %eax
0x06fec476:  73 02                    jae      0x6fec47a

----------------
IN: 
0x06fec47a:  83 c0 10                 addl     $0x10, %eax
0x06fec47d:  89 43 08                 movl     %eax, 8(%ebx)
0x06fec480:  89 d0                    movl     %edx, %eax
0x06fec482:  eb 02                    jmp      0x6fec486

----------------
IN: 
0x06fec486:  5b                       popl     %ebx
0x06fec487:  c3                       retl     

----------------
IN: 
0x06fefdf8:  89 c3                    movl     %eax, %ebx
0x06fefdfa:  85 c0                    testl    %eax, %eax
0x06fefdfc:  8b 14 24                 movl     (%esp), %edx
0x06fefdff:  75 11                    jne      0x6fefe12

----------------
IN: 
0x06fefe12:  89 f9                    movl     %edi, %ecx
0x06fefe14:  e8 5a e4 ff ff           calll    0x6fee273

----------------
IN: 
0x06fee273:  55                       pushl    %ebp
0x06fee274:  57                       pushl    %edi
0x06fee275:  56                       pushl    %esi
0x06fee276:  53                       pushl    %ebx
0x06fee277:  89 c3                    movl     %eax, %ebx
0x06fee279:  89 d6                    movl     %edx, %esi
0x06fee27b:  89 cd                    movl     %ecx, %ebp
0x06fee27d:  e8 b2 e8 0f f9           calll    0xecb34

----------------
IN: 
0x000ffea5:  66 68 fc f0 00 00        pushl    $0xf0fc
0x000ffeab:  e9 3b d4                 jmp      0xfd2e9

----------------
IN: 
0x000fd2e9:  fa                       cli      
0x000fd2ea:  fc                       cld      
0x000fd2eb:  1e                       pushw    %ds
0x000fd2ec:  66 50                    pushl    %eax
0x000fd2ee:  66 b8 80 da 00 00        movl     $0xda80, %eax
0x000fd2f4:  8e d8                    movw     %ax, %ds
0x000fd2f6:  66 a1 10 f2              movl     0xf210, %eax
0x000fd2fa:  66 83 e8 28              subl     $0x28, %eax
0x000fd2fe:  67 66 8f 40 1c           popl     0x1c(%eax)
0x000fd303:  67 8f 00                 popw     (%eax)
0x000fd306:  67 66 89 78 04           movl     %edi, 4(%eax)
0x000fd30b:  67 66 89 70 08           movl     %esi, 8(%eax)
0x000fd310:  67 66 89 68 0c           movl     %ebp, 0xc(%eax)
0x000fd315:  67 66 89 58 10           movl     %ebx, 0x10(%eax)
0x000fd31a:  67 66 89 50 14           movl     %edx, 0x14(%eax)
0x000fd31f:  67 66 89 48 18           movl     %ecx, 0x18(%eax)
0x000fd324:  67 8c 40 02              movw     %es, 2(%eax)
0x000fd328:  66 59                    popl     %ecx
0x000fd32a:  67 66 89 60 20           movl     %esp, 0x20(%eax)
0x000fd32f:  67 8c 50 24              movw     %ss, 0x24(%eax)
0x000fd333:  8c da                    movw     %ds, %dx
0x000fd335:  8e d2                    movw     %dx, %ss

----------------
IN: 
0x000fd337:  66 89 c4                 movl     %eax, %esp

----------------
IN: 
0x000fd33a:  66 ff d1                 calll    *%ecx

----------------
IN: 
0x000ff0fc:  66 55                    pushl    %ebp
0x000ff0fe:  66 57                    pushl    %edi
0x000ff100:  66 56                    pushl    %esi
0x000ff102:  66 53                    pushl    %ebx
0x000ff104:  66 83 ec 3c              subl     $0x3c, %esp
0x000ff108:  66 b8 40 00 00 00        movl     $0x40, %eax
0x000ff10e:  8e c0                    movw     %ax, %es
0x000ff110:  26 66 a1 6c 00           movl     %es:0x6c, %eax
0x000ff115:  66 40                    incl     %eax
0x000ff117:  66 3d af 00 18 00        cmpl     $0x1800af, %eax
0x000ff11d:  76 0d                    jbe      0xff12c

----------------
IN: 
0x000ff12c:  66 ba 40 00 00 00        movl     $0x40, %edx
0x000ff132:  8e c2                    movw     %dx, %es
0x000ff134:  26 66 a3 6c 00           movl     %eax, %es:0x6c
0x000ff139:  8e c2                    movw     %dx, %es
0x000ff13b:  26 a0 40 00              movb     %es:0x40, %al
0x000ff13f:  84 c0                    testb    %al, %al
0x000ff141:  74 19                    je       0xff15c

----------------
IN: 
0x000ff15c:  2e 66 8b 36 d0 60        movl     %cs:0x60d0, %esi
0x000ff162:  66 85 f6                 testl    %esi, %esi
0x000ff165:  0f 84 ac 01              je       0xff315

----------------
IN: 
0x000ff315:  2e 66 8b 2e cc 60        movl     %cs:0x60cc, %ebp
0x000ff31b:  66 85 ed                 testl    %ebp, %ebp
0x000ff31e:  0f 84 81 00              je       0xff3a3

----------------
IN: 
0x000ff3a3:  66 be 80 da 00 00        movl     $0xda80, %esi
0x000ff3a9:  8e c6                    movw     %si, %es
0x000ff3ab:  26 8b 1e d4 f1           movw     %es:0xf1d4, %bx
0x000ff3b0:  85 db                    testw    %bx, %bx
0x000ff3b2:  0f 84 4e 01              je       0xff504

----------------
IN: 
0x000ff504:  66 b9 26 00 00 00        movl     $0x26, %ecx
0x000ff50a:  66 31 d2                 xorl     %edx, %edx
0x000ff50d:  67 66 8d 44 24 16        leal     0x16(%esp), %eax
0x000ff513:  66 e8 65 7c ff ff        calll    0xf717e

----------------
IN: 
0x000f717e:  66 49                    decl     %ecx
0x000f7180:  67 88 14 08              movb     %dl, (%eax, %ecx)
0x000f7184:  75 f8                    jne      0xf717e

----------------
IN: 
0x000f7186:  66 c3                    retl     

----------------
IN: 
0x000ff519:  67 c7 44 24 3a 00 02     movw     $0x200, 0x3a(%esp)
0x000ff520:  66 ba 50 ff 00 00        movl     $0xff50, %edx
0x000ff526:  66 0f b7 d2              movzwl   %dx, %edx
0x000ff52a:  66 e8 53 8c ff ff        calll    0xf8183

----------------
IN: 
0x000f8183:  67 89 50 20              movw     %dx, 0x20(%eax)
0x000f8187:  8c ca                    movw     %cs, %dx
0x000f8189:  67 89 50 22              movw     %dx, 0x22(%eax)
0x000f818d:  8c d2                    movw     %ss, %dx
0x000f818f:  66 0f b7 d2              movzwl   %dx, %edx
0x000f8193:  e9 ac ff                 jmp      0xf8142

----------------
IN: 
0x000f8142:  66 57                    pushl    %edi
0x000f8144:  66 56                    pushl    %esi
0x000f8146:  66 53                    pushl    %ebx
0x000f8148:  66 89 c3                 movl     %eax, %ebx
0x000f814b:  66 89 d1                 movl     %edx, %ecx
0x000f814e:  66 e8 f8 ea ff ff        calll    0xf6c4c

----------------
IN: 
0x000f6c5d:  66 89 e0                 movl     %esp, %eax
0x000f6c60:  66 31 d2                 xorl     %edx, %edx
0x000f6c63:  66 3d 18 f2 00 00        cmpl     $0xf218, %eax
0x000f6c69:  0f 97 c2                 seta     %dl
0x000f6c6c:  66 89 d0                 movl     %edx, %eax
0x000f6c6f:  66 c3                    retl     

----------------
IN: 
0x000f8154:  66 85 c0                 testl    %eax, %eax
0x000f8157:  74 16                    je       0xf816f

----------------
IN: 
0x000f8159:  66 0f b7 d1              movzwl   %cx, %edx
0x000f815d:  66 b9 42 81 00 00        movl     $0x8142, %ecx
0x000f8163:  66 89 d8                 movl     %ebx, %eax
0x000f8166:  66 5b                    popl     %ebx
0x000f8168:  66 5e                    popl     %esi
0x000f816a:  66 5f                    popl     %edi
0x000f816c:  e9 19 f0                 jmp      0xf7188

----------------
IN: 
0x000f7188:  66 57                    pushl    %edi
0x000f718a:  66 56                    pushl    %esi
0x000f718c:  66 53                    pushl    %ebx
0x000f718e:  66 89 c6                 movl     %eax, %esi
0x000f7191:  66 89 d3                 movl     %edx, %ebx
0x000f7194:  66 e8 b2 fa ff ff        calll    0xf6c4c

----------------
IN: 
0x000f719a:  66 85 c0                 testl    %eax, %eax
0x000f719d:  75 0f                    jne      0xf71ae

----------------
IN: 
0x000f71ae:  66 89 f0                 movl     %esi, %eax
0x000f71b1:  66 89 da                 movl     %ebx, %edx
0x000f71b4:  66 8b 36 10 f2           movl     0xf210, %esi
0x000f71b9:  8c d3                    movw     %ss, %bx
0x000f71bb:  66 89 26 10 f2           movl     %esp, 0xf210
0x000f71c0:  67 66 8b 7e fc           movl     -4(%esi), %edi
0x000f71c5:  8e d7                    movw     %di, %ss

----------------
IN: 
0x000f71c7:  67 8b 66 f8              movw     -8(%esi), %sp

----------------
IN: 
0x000f71cb:  8e df                    movw     %di, %ds
0x000f71cd:  66 ff d1                 calll    *%ecx

----------------
IN: 
0x000f816f:  66 89 d8                 movl     %ebx, %eax
0x000f8172:  66 89 ca                 movl     %ecx, %edx
0x000f8175:  66 e8 51 4e 00 00        calll    0xfcfcc

----------------
IN: 
0x000fcfcc:  66 55                    pushl    %ebp
0x000fcfce:  66 50                    pushl    %eax
0x000fcfd0:  66 52                    pushl    %edx
0x000fcfd2:  8e da                    movw     %dx, %ds
0x000fcfd4:  0e                       pushw    %cs
0x000fcfd5:  68 0e d0                 pushw    $0xd00e
0x000fcfd8:  67 ff 70 24              pushw    0x24(%eax)
0x000fcfdc:  67 66 ff 70 20           pushl    0x20(%eax)
0x000fcfe1:  67 66 8b 78 04           movl     4(%eax), %edi
0x000fcfe6:  67 66 8b 70 08           movl     8(%eax), %esi
0x000fcfeb:  67 66 8b 68 0c           movl     0xc(%eax), %ebp
0x000fcff0:  67 66 8b 58 10           movl     0x10(%eax), %ebx
0x000fcff5:  67 66 8b 50 14           movl     0x14(%eax), %edx
0x000fcffa:  67 66 8b 48 18           movl     0x18(%eax), %ecx

----------------
IN: 
0x000fcfff:  67 8e 40 02              movw     2(%eax), %es

----------------
IN: 
0x000fd003:  67 66 ff 70 1c           pushl    0x1c(%eax)
0x000fd008:  67 8e 18                 movw     (%eax), %ds
0x000fd00b:  66 58                    popl     %eax
0x000fd00d:  cf                       iretw    

----------------
IN: 
0x000fff50:  cd 1c                    int      $0x1c

----------------
IN: 
0x000fff53:  cf                       iretw    

----------------
IN: 
0x000fff52:  cb                       lretw    

----------------
IN: 
0x000fd00e:  9c                       pushfw   
0x000fd00f:  fa                       cli      
0x000fd010:  fc                       cld      
0x000fd011:  1e                       pushw    %ds
0x000fd012:  66 50                    pushl    %eax
0x000fd014:  67 8e 5c 24 08           movw     8(%esp), %ds
0x000fd019:  67 66 8b 44 24 0c        movl     0xc(%esp), %eax
0x000fd01f:  67 66 8f 40 1c           popl     0x1c(%eax)
0x000fd024:  67 8f 00                 popw     (%eax)
0x000fd027:  67 66 89 78 04           movl     %edi, 4(%eax)
0x000fd02c:  67 66 89 70 08           movl     %esi, 8(%eax)
0x000fd031:  67 66 89 68 0c           movl     %ebp, 0xc(%eax)
0x000fd036:  67 66 89 58 10           movl     %ebx, 0x10(%eax)
0x000fd03b:  67 66 89 50 14           movl     %edx, 0x14(%eax)
0x000fd040:  67 66 89 48 18           movl     %ecx, 0x18(%eax)
0x000fd045:  67 8c 40 02              movw     %es, 2(%eax)
0x000fd049:  67 8f 40 24              popw     0x24(%eax)
0x000fd04d:  8c d1                    movw     %ss, %cx
0x000fd04f:  8e d9                    movw     %cx, %ds
0x000fd051:  66 5a                    popl     %edx
0x000fd053:  66 58                    popl     %eax
0x000fd055:  66 5d                    popl     %ebp
0x000fd057:  66 c3                    retl     

----------------
IN: 
0x000f817b:  66 5b                    popl     %ebx
0x000f817d:  66 5e                    popl     %esi
0x000f817f:  66 5f                    popl     %edi
0x000f8181:  66 c3                    retl     

----------------
IN: 
0x000f71d0:  8e db                    movw     %bx, %ds
0x000f71d2:  8e d3                    movw     %bx, %ss

----------------
IN: 
0x000f71d4:  66 8b 26 10 f2           movl     0xf210, %esp

----------------
IN: 
0x000f71d9:  66 89 36 10 f2           movl     %esi, 0xf210
0x000f71de:  66 5b                    popl     %ebx
0x000f71e0:  66 5e                    popl     %esi
0x000f71e2:  66 5f                    popl     %edi
0x000f71e4:  66 c3                    retl     

----------------
IN: 
0x000ff530:  b0 20                    movb     $0x20, %al
0x000ff532:  e6 20                    outb     %al, $0x20

----------------
IN: 
0x000ff534:  66 83 c4 3c              addl     $0x3c, %esp
0x000ff538:  66 5b                    popl     %ebx
0x000ff53a:  66 5e                    popl     %esi
0x000ff53c:  66 5f                    popl     %edi
0x000ff53e:  66 5d                    popl     %ebp
0x000ff540:  66 c3                    retl     

----------------
IN: 
0x000fd33d:  66 89 e0                 movl     %esp, %eax
0x000fd340:  67 8e 50 24              movw     0x24(%eax), %ss

----------------
IN: 
0x000fd344:  67 66 8b 60 20           movl     0x20(%eax), %esp

----------------
IN: 
0x000fd349:  67 66 8b 78 04           movl     4(%eax), %edi
0x000fd34e:  67 66 8b 70 08           movl     8(%eax), %esi
0x000fd353:  67 66 8b 68 0c           movl     0xc(%eax), %ebp
0x000fd358:  67 66 8b 58 10           movl     0x10(%eax), %ebx
0x000fd35d:  67 66 8b 50 14           movl     0x14(%eax), %edx
0x000fd362:  67 66 8b 48 18           movl     0x18(%eax), %ecx
0x000fd367:  67 8e 40 02              movw     2(%eax), %es
0x000fd36b:  67 66 ff 70 1c           pushl    0x1c(%eax)
0x000fd370:  67 8e 18                 movw     (%eax), %ds
0x000fd373:  66 58                    popl     %eax
0x000fd375:  cf                       iretw    

----------------
IN: 
0x06fee282:  83 fd 03                 cmpl     $3, %ebp
0x06fee285:  76 21                    jbe      0x6fee2a8

----------------
IN: 
0x06fee287:  89 e8                    movl     %ebp, %eax
0x06fee289:  81 fd 00 08 00 00        cmpl     $0x800, %ebp
0x06fee28f:  76 05                    jbe      0x6fee296

----------------
IN: 
0x06fee291:  b8 00 08 00 00           movl     $0x800, %eax
0x06fee296:  89 c1                    movl     %eax, %ecx
0x06fee298:  c1 e9 02                 shrl     $2, %ecx
0x06fee29b:  83 e0 fc                 andl     $0xfffffffc, %eax
0x06fee29e:  29 c5                    subl     %eax, %ebp
0x06fee2a0:  89 df                    movl     %ebx, %edi
0x06fee2a2:  f3 a5                    rep movsl (%esi), %es:(%edi)

----------------
IN: 
0x06fee2a4:  89 fb                    movl     %edi, %ebx
0x06fee2a6:  eb d5                    jmp      0x6fee27d

----------------
IN: 
0x06fee27d:  e8 b2 e8 0f f9           calll    0xecb34

----------------
IN: 
0x06fee296:  89 c1                    movl     %eax, %ecx
0x06fee298:  c1 e9 02                 shrl     $2, %ecx
0x06fee29b:  83 e0 fc                 andl     $0xfffffffc, %eax
0x06fee29e:  29 c5                    subl     %eax, %ebp
0x06fee2a0:  89 df                    movl     %ebx, %edi
0x06fee2a2:  f3 a5                    rep movsl (%esi), %es:(%edi)

----------------
IN: 
0x06fee2a8:  85 ed                    testl    %ebp, %ebp
0x06fee2aa:  74 06                    je       0x6fee2b2

----------------
IN: 
0x06fee2b2:  5b                       popl     %ebx
0x06fee2b3:  5e                       popl     %esi
0x06fee2b4:  5f                       popl     %edi
0x06fee2b5:  5d                       popl     %ebp
0x06fee2b6:  c3                       retl     

----------------
IN: 
0x06fefe19:  89 e9                    movl     %ebp, %ecx
0x06fefe1b:  ba 30 00 00 00           movl     $0x30, %edx
0x06fefe20:  89 f0                    movl     %esi, %eax
0x06fefe22:  e8 2b a6 0f f9           calll    0xea452

----------------
IN: 
0x06fefe27:  eb 10                    jmp      0x6fefe39

----------------
IN: 
0x06fefe39:  89 d8                    movl     %ebx, %eax
0x06fefe3b:  5a                       popl     %edx
0x06fefe3c:  5b                       popl     %ebx
0x06fefe3d:  5e                       popl     %esi
0x06fefe3e:  5f                       popl     %edi
0x06fefe3f:  5d                       popl     %ebp
0x06fefe40:  c3                       retl     

----------------
IN: 
0x06ff569d:  85 c0                    testl    %eax, %eax
0x06ff569f:  0f 84 b5 00 00 00        je       0x6ff575a

----------------
IN: 
0x06ff56a5:  8b 3d 64 00 00 00        movl     0x64, %edi
0x06ff56ab:  89 7c 24 08              movl     %edi, 8(%esp)
0x06ff56af:  bf f2 e6 0f 00           movl     $0xfe6f2, %edi
0x06ff56b4:  0f b7 d7                 movzwl   %di, %edx
0x06ff56b7:  81 ca 00 00 00 f0        orl      $0xf0000000, %edx
0x06ff56bd:  89 54 24 0c              movl     %edx, 0xc(%esp)
0x06ff56c1:  0f b7 58 1a              movzwl   0x1a(%eax), %ebx
0x06ff56c5:  01 c3                    addl     %eax, %ebx
0x06ff56c7:  81 3b 24 50 6e 50        cmpl     $0x506e5024, (%ebx)
0x06ff56cd:  74 02                    je       0x6ff56d1

----------------
IN: 
0x06ff56cf:  31 db                    xorl     %ebx, %ebx
0x06ff56d1:  83 7c 24 04 00           cmpl     $0, 4(%esp)
0x06ff56d6:  74 18                    je       0x6ff56f0

----------------
IN: 
0x06ff56f0:  0f b7 16                 movzwl   (%esi), %edx
0x06ff56f3:  8b 0c 24                 movl     (%esp), %ecx
0x06ff56f6:  89 44 24 04              movl     %eax, 4(%esp)
0x06ff56fa:  e8 e9 fd ff ff           calll    0x6ff54e8

----------------
IN: 
0x06ff54e8:  55                       pushl    %ebp
0x06ff54e9:  57                       pushl    %edi
0x06ff54ea:  56                       pushl    %esi
0x06ff54eb:  53                       pushl    %ebx
0x06ff54ec:  83 ec 24                 subl     $0x24, %esp
0x06ff54ef:  89 c7                    movl     %eax, %edi
0x06ff54f1:  89 d6                    movl     %edx, %esi
0x06ff54f3:  89 cd                    movl     %ecx, %ebp
0x06ff54f5:  e8 41 8f 0f f9           calll    0xee43b

----------------
IN: 
0x000ee43b:  66 81 38 55 aa           cmpw     $0xaa55, (%eax)
0x000ee440:  75 44                    jne      0xee486

----------------
IN: 
0x000ee442:  56                       pushl    %esi
0x000ee443:  53                       pushl    %ebx
0x000ee444:  89 c6                    movl     %eax, %esi
0x000ee446:  0f b6 58 02              movzbl   2(%eax), %ebx
0x000ee44a:  31 c0                    xorl     %eax, %eax
0x000ee44c:  84 db                    testb    %bl, %bl
0x000ee44e:  74 39                    je       0xee489

----------------
IN: 
0x000ee450:  c1 e3 09                 shll     $9, %ebx
0x000ee453:  89 da                    movl     %ebx, %edx
0x000ee455:  89 f0                    movl     %esi, %eax
0x000ee457:  e8 f7 d1 ff ff           calll    0xeb653

----------------
IN: 
0x000ee45c:  0f b6 d0                 movzbl   %al, %edx
0x000ee45f:  b8 01 00 00 00           movl     $1, %eax
0x000ee464:  84 d2                    testb    %dl, %dl
0x000ee466:  74 21                    je       0xee489

----------------
IN: 
0x000ee489:  5b                       popl     %ebx
0x000ee48a:  5e                       popl     %esi
0x000ee48b:  c3                       retl     

----------------
IN: 
0x06ff54fa:  85 c0                    testl    %eax, %eax
0x06ff54fc:  0f 84 e7 00 00 00        je       0x6ff55e9

----------------
IN: 
0x06ff5502:  0f b6 4f 02              movzbl   2(%edi), %ecx
0x06ff5506:  c1 e1 09                 shll     $9, %ecx
0x06ff5509:  89 c8                    movl     %ecx, %eax
0x06ff550b:  89 0c 24                 movl     %ecx, (%esp)
0x06ff550e:  e8 39 6f ff ff           calll    0x6fec44c

----------------
IN: 
0x06ff5513:  89 c3                    movl     %eax, %ebx
0x06ff5515:  85 c0                    testl    %eax, %eax
0x06ff5517:  8b 0c 24                 movl     (%esp), %ecx
0x06ff551a:  75 0f                    jne      0x6ff552b

----------------
IN: 
0x06ff552b:  39 c7                    cmpl     %eax, %edi
0x06ff552d:  74 07                    je       0x6ff5536

----------------
IN: 
0x06ff5536:  80 3d 81 99 0e 00 00     cmpb     $0, 0xe9981
0x06ff553d:  74 4c                    je       0x6ff558b

----------------
IN: 
0x06ff558b:  85 ed                    testl    %ebp, %ebp
0x06ff558d:  75 0d                    jne      0x6ff559c

----------------
IN: 
0x06ff559c:  0f b7 ce                 movzwl   %si, %ecx
0x06ff559f:  ba 03 00 00 00           movl     $3, %edx
0x06ff55a4:  89 d8                    movl     %ebx, %eax
0x06ff55a6:  e8 be 99 0f f9           calll    0xeef69

----------------
IN: 
0x000eef69:  57                       pushl    %edi
0x000eef6a:  56                       pushl    %esi
0x000eef6b:  53                       pushl    %ebx
0x000eef6c:  83 ec 28                 subl     $0x28, %esp
0x000eef6f:  89 d6                    movl     %edx, %esi
0x000eef71:  89 cf                    movl     %ecx, %edi
0x000eef73:  c1 e8 04                 shrl     $4, %eax
0x000eef76:  89 c3                    movl     %eax, %ebx
0x000eef78:  0f b7 c2                 movzwl   %dx, %eax
0x000eef7b:  50                       pushl    %eax
0x000eef7c:  0f b7 c3                 movzwl   %bx, %eax
0x000eef7f:  50                       pushl    %eax
0x000eef80:  68 84 25 0f 00           pushl    $0xf2584
0x000eef85:  e8 98 df ff ff           calll    0xecf22

----------------
IN: 
0x000eef8a:  b9 26 00 00 00           movl     $0x26, %ecx
0x000eef8f:  31 d2                    xorl     %edx, %edx
0x000eef91:  8d 44 24 0e              leal     0xe(%esp), %eax
0x000eef95:  e8 8c c7 ff ff           calll    0xeb726

----------------
IN: 
0x000eef9a:  66 c7 44 24 32 00 02     movw     $0x200, 0x32(%esp)
0x000eefa1:  66 89 7c 24 2a           movw     %di, 0x2a(%esp)
0x000eefa6:  66 c7 44 24 1e ff ff     movw     $0xffff, 0x1e(%esp)
0x000eefad:  66 c7 44 24 22 ff ff     movw     $0xffff, 0x22(%esp)
0x000eefb4:  66 c7 44 24 10 00 f0     movw     $0xf000, 0x10(%esp)
0x000eefbb:  b8 00 61 0f 00           movl     $0xf6100, %eax
0x000eefc0:  66 89 44 24 12           movw     %ax, 0x12(%esp)
0x000eefc5:  66 89 74 24 2e           movw     %si, 0x2e(%esp)
0x000eefca:  66 89 5c 24 30           movw     %bx, 0x30(%esp)
0x000eefcf:  e8 c8 ce ff ff           calll    0xebe9c

----------------
IN: 
0x000ebe9c:  e8 c4 e3 ff ff           calll    0xea265

----------------
IN: 
0x000ebea1:  85 c0                    testl    %eax, %eax
0x000ebea3:  74 2e                    je       0xebed3

----------------
IN: 
0x000ebed3:  c3                       retl     

----------------
IN: 
0x000eefd4:  b8 01 00 00 00           movl     $1, %eax
0x000eefd9:  e8 73 d9 ff ff           calll    0xec951

----------------
IN: 
0x000eefde:  b9 42 81 0f 00           movl     $0xf8142, %ecx
0x000eefe3:  31 d2                    xorl     %edx, %edx
0x000eefe5:  8d 44 24 0e              leal     0xe(%esp), %eax
0x000eefe9:  e8 a4 da ff ff           calll    0xeca92

----------------
IN: 
0x000c0003:  e9 bd 55                 jmp      0xc55c3

----------------
IN: 
0x000c55c3:  fa                       cli      
0x000c55c4:  fc                       cld      
0x000c55c5:  66 50                    pushl    %eax
0x000c55c7:  66 51                    pushl    %ecx
0x000c55c9:  66 52                    pushl    %edx
0x000c55cb:  66 53                    pushl    %ebx
0x000c55cd:  66 55                    pushl    %ebp
0x000c55cf:  66 56                    pushl    %esi
0x000c55d1:  66 57                    pushl    %edi
0x000c55d3:  06                       pushw    %es
0x000c55d4:  1e                       pushw    %ds
0x000c55d5:  8c d0                    movw     %ss, %ax
0x000c55d7:  8e d8                    movw     %ax, %ds
0x000c55d9:  66 89 e3                 movl     %esp, %ebx
0x000c55dc:  66 0f b7 e4              movzwl   %sp, %esp
0x000c55e0:  66 89 e0                 movl     %esp, %eax
0x000c55e3:  50                       pushw    %ax
0x000c55e4:  e8 8f df                 callw    0xc3576

----------------
IN: 
0x000c3576:  66 55                    pushl    %ebp
0x000c3578:  66 89 e5                 movl     %esp, %ebp
0x000c357b:  66 57                    pushl    %edi
0x000c357d:  66 56                    pushl    %esi
0x000c357f:  66 53                    pushl    %ebx
0x000c3581:  66 83 ec 1c              subl     $0x1c, %esp
0x000c3585:  66 89 c3                 movl     %eax, %ebx
0x000c3588:  66 68 00 99 00 00        pushl    $0x9900
0x000c358e:  66 68 ac 57 00 00        pushl    $0x57ac
0x000c3594:  50                       pushw    %ax
0x000c3595:  e8 e7 ee                 callw    0xc247f

----------------
IN: 
0x000c247f:  66 55                    pushl    %ebp
0x000c2481:  66 89 e5                 movl     %esp, %ebp
0x000c2484:  66 57                    pushl    %edi
0x000c2486:  66 56                    pushl    %esi
0x000c2488:  66 53                    pushl    %ebx
0x000c248a:  66 83 ec 0c              subl     $0xc, %esp
0x000c248e:  67 66 8b 7d 08           movl     8(%ebp), %edi
0x000c2493:  66 89 eb                 movl     %ebp, %ebx
0x000c2496:  9c                       pushfw   
0x000c2497:  66 83 c3 0c              addl     $0xc, %ebx
0x000c249b:  9d                       popfw    

----------------
IN: 
0x000c249c:  2e 67 8a 07              movb     %cs:(%edi), %al
0x000c24a0:  84 c0                    testb    %al, %al
0x000c24a2:  0f 84 94 02              je       0xc273a

----------------
IN: 
0x000c24a6:  3c 25                    cmpb     $0x25, %al
0x000c24a8:  75 13                    jne      0xc24bd

----------------
IN: 
0x000c24bd:  66 0f be c0              movsbl   %al, %eax
0x000c24c1:  e9 5e 02                 jmp      0xc2722

----------------
IN: 
0x000c2722:  50                       pushw    %ax
0x000c2723:  e8 fc d8                 callw    0xc0022

----------------
IN: 
0x000c0022:  2e 8b 16 2e 99           movw     %cs:0x992e, %dx
0x000c0027:  85 d2                    testw    %dx, %dx
0x000c0029:  74 01                    je       0xc002c

----------------
IN: 
0x000c002b:  ee                       outb     %al, %dx

----------------
IN: 
0x000c002c:  c2 02 00                 retw     $2

----------------
IN: 
0x000c2726:  66 89 fe                 movl     %edi, %esi
0x000c2729:  eb 03                    jmp      0xc272e

----------------
IN: 
0x000c272e:  66 89 f7                 movl     %esi, %edi
0x000c2731:  9c                       pushfw   
0x000c2732:  66 83 c7 01              addl     $1, %edi
0x000c2736:  9d                       popfw    

----------------
IN: 
0x000c2737:  e9 62 fd                 jmp      0xc249c

----------------
IN: 
0x000c24aa:  66 89 fe                 movl     %edi, %esi
0x000c24ad:  9c                       pushfw   
0x000c24ae:  66 83 c6 01              addl     $1, %esi
0x000c24b2:  9d                       popfw    

----------------
IN: 
0x000c24b3:  67 c6 45 e8 20           movb     $0x20, -0x18(%ebp)
0x000c24b8:  66 31 c0                 xorl     %eax, %eax
0x000c24bb:  eb 21                    jmp      0xc24de

----------------
IN: 
0x000c24de:  2e 67 8a 0e              movb     %cs:(%esi), %cl
0x000c24e2:  67 88 4d f0              movb     %cl, -0x10(%ebp)
0x000c24e6:  88 ca                    movb     %cl, %dl
0x000c24e8:  66 83 e9 30              subl     $0x30, %ecx
0x000c24ec:  80 f9 09                 cmpb     $9, %cl
0x000c24ef:  76 d3                    jbe      0xc24c4

----------------
IN: 
0x000c24f1:  eb 0f                    jmp      0xc2502

----------------
IN: 
0x000c2502:  66 31 c9                 xorl     %ecx, %ecx
0x000c2505:  80 fa 6c                 cmpb     $0x6c, %dl
0x000c2508:  75 18                    jne      0xc2522

----------------
IN: 
0x000c2522:  80 fa 64                 cmpb     $0x64, %dl
0x000c2525:  0f 84 81 00              je       0xc25aa

----------------
IN: 
0x000c2529:  7f 37                    jg       0xc2562

----------------
IN: 
0x000c2562:  80 fa 73                 cmpb     $0x73, %dl
0x000c2565:  0f 84 92 01              je       0xc26fb

----------------
IN: 
0x000c26fb:  66 89 d9                 movl     %ebx, %ecx
0x000c26fe:  9c                       pushfw   
0x000c26ff:  66 83 c1 04              addl     $4, %ecx
0x000c2703:  9d                       popfw    

----------------
IN: 
0x000c2704:  67 66 8b 1b              movl     (%ebx), %ebx
0x000c2708:  2e 67 8a 03              movb     %cs:(%ebx), %al
0x000c270c:  84 c0                    testb    %al, %al
0x000c270e:  74 1b                    je       0xc272b

----------------
IN: 
0x000c2710:  66 0f be c0              movsbl   %al, %eax
0x000c2714:  50                       pushw    %ax
0x000c2715:  e8 0a d9                 callw    0xc0022

----------------
IN: 
0x000c2718:  66 43                    incl     %ebx
0x000c271a:  eb ec                    jmp      0xc2708

----------------
IN: 
0x000c2708:  2e 67 8a 03              movb     %cs:(%ebx), %al
0x000c270c:  84 c0                    testb    %al, %al
0x000c270e:  74 1b                    je       0xc272b

----------------
IN: 
0x000c272b:  66 89 cb                 movl     %ecx, %ebx
0x000c272e:  66 89 f7                 movl     %esi, %edi
0x000c2731:  9c                       pushfw   
0x000c2732:  66 83 c7 01              addl     $1, %edi
0x000c2736:  9d                       popfw    

----------------
IN: 
0x000c273a:  66 83 c4 0c              addl     $0xc, %esp
0x000c273e:  66 5b                    popl     %ebx
0x000c2740:  66 5e                    popl     %esi
0x000c2742:  66 5f                    popl     %edi
0x000c2744:  66 5d                    popl     %ebp
0x000c2746:  c2 02 00                 retw     $2

----------------
IN: 
0x000c3598:  66 58                    popl     %eax
0x000c359a:  66 5a                    popl     %edx
0x000c359c:  66 68 a0 98 00 00        pushl    $0x98a0
0x000c35a2:  66 68 cb 57 00 00        pushl    $0x57cb
0x000c35a8:  50                       pushw    %ax
0x000c35a9:  e8 d3 ee                 callw    0xc247f

----------------
IN: 
0x000c35ac:  66 59                    popl     %ecx
0x000c35ae:  66 5e                    popl     %esi
0x000c35b0:  66 68 c0 5a 00 00        pushl    $0x5ac0
0x000c35b6:  66 68 d9 57 00 00        pushl    $0x57d9
0x000c35bc:  50                       pushw    %ax
0x000c35bd:  e8 bf ee                 callw    0xc247f

----------------
IN: 
0x000c35c0:  66 5f                    popl     %edi
0x000c35c2:  66 58                    popl     %eax
0x000c35c4:  66 89 d8                 movl     %ebx, %eax
0x000c35c7:  50                       pushw    %ax
0x000c35c8:  e8 7e f1                 callw    0xc2749

----------------
IN: 
0x000c2749:  66 55                    pushl    %ebp
0x000c274b:  66 89 e5                 movl     %esp, %ebp
0x000c274e:  66 53                    pushl    %ebx
0x000c2750:  66 85 c0                 testl    %eax, %eax
0x000c2753:  75 0e                    jne      0xc2763

----------------
IN: 
0x000c2763:  66 89 c3                 movl     %eax, %ebx
0x000c2766:  8c d0                    movw     %ss, %ax
0x000c2768:  66 0f b7 c0              movzwl   %ax, %eax
0x000c276c:  66 50                    pushl    %eax
0x000c276e:  67 66 0f b7 43 02        movzwl   2(%ebx), %eax
0x000c2774:  66 50                    pushl    %eax
0x000c2776:  67 66 0f b7 03           movzwl   (%ebx), %eax
0x000c277b:  66 50                    pushl    %eax
0x000c277d:  67 66 ff 73 14           pushl    0x14(%ebx)
0x000c2782:  67 66 ff 73 18           pushl    0x18(%ebx)
0x000c2787:  67 66 ff 73 10           pushl    0x10(%ebx)
0x000c278c:  67 66 ff 73 1c           pushl    0x1c(%ebx)
0x000c2791:  66 68 eb 56 00 00        pushl    $0x56eb
0x000c2797:  50                       pushw    %ax
0x000c2798:  e8 e4 fc                 callw    0xc247f

----------------
IN: 
0x000c24c4:  66 85 c0                 testl    %eax, %eax
0x000c24c7:  74 2a                    je       0xc24f3

----------------
IN: 
0x000c24f3:  80 fa 30                 cmpb     $0x30, %dl
0x000c24f6:  75 d1                    jne      0xc24c9

----------------
IN: 
0x000c24f8:  67 c6 45 e8 30           movb     $0x30, -0x18(%ebp)
0x000c24fd:  66 31 c0                 xorl     %eax, %eax
0x000c2500:  eb da                    jmp      0xc24dc

----------------
IN: 
0x000c24dc:  66 46                    incl     %esi
0x000c24de:  2e 67 8a 0e              movb     %cs:(%esi), %cl
0x000c24e2:  67 88 4d f0              movb     %cl, -0x10(%ebp)
0x000c24e6:  88 ca                    movb     %cl, %dl
0x000c24e8:  66 83 e9 30              subl     $0x30, %ecx
0x000c24ec:  80 f9 09                 cmpb     $9, %cl
0x000c24ef:  76 d3                    jbe      0xc24c4

----------------
IN: 
0x000c24c9:  66 6b c0 0a              imull    $0xa, %eax, %eax
0x000c24cd:  67 66 0f b6 4d f0        movzbl   -0x10(%ebp), %ecx
0x000c24d3:  9c                       pushfw   
0x000c24d4:  66 01 c8                 addl     %ecx, %eax
0x000c24d7:  66 83 c0 d0              addl     $-0x30, %eax
0x000c24db:  9d                       popfw    

----------------
IN: 
0x000c2569:  7f 32                    jg       0xc259d

----------------
IN: 
0x000c259d:  80 fa 75                 cmpb     $0x75, %dl
0x000c25a0:  74 31                    je       0xc25d3

----------------
IN: 
0x000c25a2:  80 fa 78                 cmpb     $0x78, %dl
0x000c25a5:  74 45                    je       0xc25ec

----------------
IN: 
0x000c25ec:  80 fa 58                 cmpb     $0x58, %dl
0x000c25ef:  0f 94 c2                 sete     %dl
0x000c25f2:  66 0f b6 d2              movzbl   %dl, %edx
0x000c25f6:  67 66 89 55 f0           movl     %edx, -0x10(%ebp)
0x000c25fb:  67 66 8b 3b              movl     (%ebx), %edi
0x000c25ff:  67 66 89 7d ec           movl     %edi, -0x14(%ebp)
0x000c2604:  84 c9                    testb    %cl, %cl
0x000c2606:  74 68                    je       0xc2670

----------------
IN: 
0x000c2670:  66 89 df                 movl     %ebx, %edi
0x000c2673:  9c                       pushfw   
0x000c2674:  66 83 c7 04              addl     $4, %edi
0x000c2678:  9d                       popfw    

----------------
IN: 
0x000c2679:  67 66 8b 55 ec           movl     -0x14(%ebp), %edx
0x000c267e:  66 bb 01 00 00 00        movl     $1, %ebx
0x000c2684:  66 c1 ea 04              shrl     $4, %edx
0x000c2688:  74 04                    je       0xc268e

----------------
IN: 
0x000c268a:  66 43                    incl     %ebx
0x000c268c:  eb f6                    jmp      0xc2684

----------------
IN: 
0x000c2684:  66 c1 ea 04              shrl     $4, %edx
0x000c2688:  74 04                    je       0xc268e

----------------
IN: 
0x000c268e:  66 29 d8                 subl     %ebx, %eax
0x000c2691:  66 89 c1                 movl     %eax, %ecx
0x000c2694:  67 66 0f be 45 e8        movsbl   -0x18(%ebp), %eax
0x000c269a:  66 85 c9                 testl    %ecx, %ecx
0x000c269d:  7e 08                    jle      0xc26a7

----------------
IN: 
0x000c269f:  66 49                    decl     %ecx
0x000c26a1:  50                       pushw    %ax
0x000c26a2:  e8 7d d9                 callw    0xc0022

----------------
IN: 
0x000c26a5:  eb f3                    jmp      0xc269a

----------------
IN: 
0x000c269a:  66 85 c9                 testl    %ecx, %ecx
0x000c269d:  7e 08                    jle      0xc26a7

----------------
IN: 
0x000c26a7:  67 66 8b 4d f0           movl     -0x10(%ebp), %ecx
0x000c26ac:  66 89 da                 movl     %ebx, %edx
0x000c26af:  67 66 8b 45 ec           movl     -0x14(%ebp), %eax
0x000c26b4:  50                       pushw    %ax
0x000c26b5:  e8 91 e6                 callw    0xc0d49

----------------
IN: 
0x000c0d49:  66 55                    pushl    %ebp
0x000c0d4b:  66 89 e5                 movl     %esp, %ebp
0x000c0d4e:  66 56                    pushl    %esi
0x000c0d50:  66 53                    pushl    %ebx
0x000c0d52:  66 89 c3                 movl     %eax, %ebx
0x000c0d55:  66 89 ce                 movl     %ecx, %esi
0x000c0d58:  66 83 fa 04              cmpl     $4, %edx
0x000c0d5c:  74 67                    je       0xc0dc5

----------------
IN: 
0x000c0d5e:  7f 12                    jg       0xc0d72

----------------
IN: 
0x000c0d60:  66 83 fa 02              cmpl     $2, %edx
0x000c0d64:  0f 84 81 00              je       0xc0de9

----------------
IN: 
0x000c0de9:  66 89 d8                 movl     %ebx, %eax
0x000c0dec:  66 c1 e8 04              shrl     $4, %eax
0x000c0df0:  66 83 e0 0f              andl     $0xf, %eax
0x000c0df4:  66 89 f2                 movl     %esi, %edx
0x000c0df7:  50                       pushw    %ax
0x000c0df8:  e8 21 ff                 callw    0xc0d1c

----------------
IN: 
0x000c0d1c:  66 89 c1                 movl     %eax, %ecx
0x000c0d1f:  9c                       pushfw   
0x000c0d20:  66 83 c0 30              addl     $0x30, %eax
0x000c0d24:  9d                       popfw    

----------------
IN: 
0x000c0d25:  66 83 f9 09              cmpl     $9, %ecx
0x000c0d29:  76 17                    jbe      0xc0d42

----------------
IN: 
0x000c0d42:  66 0f be c0              movsbl   %al, %eax
0x000c0d46:  e9 d9 f2                 jmp      0xc0022

----------------
IN: 
0x000c0dfb:  66 89 d8                 movl     %ebx, %eax
0x000c0dfe:  66 83 e0 0f              andl     $0xf, %eax
0x000c0e02:  66 89 f2                 movl     %esi, %edx
0x000c0e05:  66 5b                    popl     %ebx
0x000c0e07:  66 5e                    popl     %esi
0x000c0e09:  66 5d                    popl     %ebp
0x000c0e0b:  e9 0e ff                 jmp      0xc0d1c

----------------
IN: 
0x000c26b8:  66 89 fb                 movl     %edi, %ebx
0x000c26bb:  eb 71                    jmp      0xc272e

----------------
IN: 
0x000c0dc5:  66 89 d8                 movl     %ebx, %eax
0x000c0dc8:  66 c1 e8 0c              shrl     $0xc, %eax
0x000c0dcc:  66 83 e0 0f              andl     $0xf, %eax
0x000c0dd0:  66 89 f2                 movl     %esi, %edx
0x000c0dd3:  50                       pushw    %ax
0x000c0dd4:  e8 45 ff                 callw    0xc0d1c

----------------
IN: 
0x000c0d2b:  66 89 c8                 movl     %ecx, %eax
0x000c0d2e:  9c                       pushfw   
0x000c0d2f:  66 83 c0 57              addl     $0x57, %eax
0x000c0d33:  9d                       popfw    

----------------
IN: 
0x000c0d34:  66 85 d2                 testl    %edx, %edx
0x000c0d37:  74 09                    je       0xc0d42

----------------
IN: 
0x000c0dd7:  66 89 d8                 movl     %ebx, %eax
0x000c0dda:  66 c1 e8 08              shrl     $8, %eax
0x000c0dde:  66 83 e0 0f              andl     $0xf, %eax
0x000c0de2:  66 89 f2                 movl     %esi, %edx
0x000c0de5:  50                       pushw    %ax
0x000c0de6:  e8 33 ff                 callw    0xc0d1c

----------------
IN: 
0x000c0d68:  66 83 fa 03              cmpl     $3, %edx
0x000c0d6c:  0f 85 8b 00              jne      0xc0dfb

----------------
IN: 
0x000c279b:  66 83 c4 20              addl     $0x20, %esp
0x000c279f:  67 66 0f b7 43 24        movzwl   0x24(%ebx), %eax
0x000c27a5:  66 50                    pushl    %eax
0x000c27a7:  67 66 0f b7 43 20        movzwl   0x20(%ebx), %eax
0x000c27ad:  66 50                    pushl    %eax
0x000c27af:  67 66 0f b7 43 22        movzwl   0x22(%ebx), %eax
0x000c27b5:  66 50                    pushl    %eax
0x000c27b7:  66 89 d8                 movl     %ebx, %eax
0x000c27ba:  9c                       pushfw   
0x000c27bb:  66 83 c0 26              addl     $0x26, %eax
0x000c27bf:  9d                       popfw    

----------------
IN: 
0x000c27c0:  66 50                    pushl    %eax
0x000c27c2:  67 66 ff 73 0c           pushl    0xc(%ebx)
0x000c27c7:  67 66 ff 73 04           pushl    4(%ebx)
0x000c27cc:  67 66 ff 73 08           pushl    8(%ebx)
0x000c27d1:  66 68 26 57 00 00        pushl    $0x5726
0x000c27d7:  50                       pushw    %ax
0x000c27d8:  e8 a4 fc                 callw    0xc247f

----------------
IN: 
0x000c27db:  66 83 c4 20              addl     $0x20, %esp
0x000c27df:  67 66 8b 5d fc           movl     -4(%ebp), %ebx
0x000c27e4:  66 89 ec                 movl     %ebp, %esp
0x000c27e7:  66 5d                    popl     %ebp
0x000c27e9:  c2 02 00                 retw     $2

----------------
IN: 
0x000c35cb:  2e 66 a1 70 98           movl     %cs:0x9870, %eax
0x000c35d0:  66 85 c0                 testl    %eax, %eax
0x000c35d3:  75 54                    jne      0xc3629

----------------
IN: 
0x000c35d5:  67 66 0f b7 5b 1c        movzwl   0x1c(%ebx), %ebx
0x000c35db:  66 89 d9                 movl     %ebx, %ecx
0x000c35de:  66 c1 e1 08              shll     $8, %ecx
0x000c35e2:  66 81 c9 00 00 00 80     orl      $0x80000000, %ecx
0x000c35e9:  66 89 c8                 movl     %ecx, %eax
0x000c35ec:  66 ba f8 0c 00 00        movl     $0xcf8, %edx
0x000c35f2:  66 ef                    outl     %eax, %dx

----------------
IN: 
0x000c35f4:  66 ba fc 0c 00 00        movl     $0xcfc, %edx
0x000c35fa:  ed                       inw      %dx, %ax

----------------
IN: 
0x000c35fb:  2e 8b 16 80 98           movw     %cs:0x9880, %dx
0x000c3600:  39 c2                    cmpw     %ax, %dx
0x000c3602:  75 25                    jne      0xc3629

----------------
IN: 
0x000c3604:  66 89 c8                 movl     %ecx, %eax
0x000c3607:  66 ba f8 0c 00 00        movl     $0xcf8, %edx
0x000c360d:  66 ef                    outl     %eax, %dx

----------------
IN: 
0x000c360f:  66 ba fe 0c 00 00        movl     $0xcfe, %edx
0x000c3615:  ed                       inw      %dx, %ax

----------------
IN: 
0x000c3616:  2e 8b 16 82 98           movw     %cs:0x9882, %dx
0x000c361b:  39 c2                    cmpw     %ax, %dx
0x000c361d:  75 0a                    jne      0xc3629

----------------
IN: 
0x000c361f:  8c c8                    movw     %cs, %ax
0x000c3621:  8e c0                    movw     %ax, %es
0x000c3623:  26 66 89 1e 74 98        movl     %ebx, %es:0x9874
0x000c3629:  b0 c3                    movb     $0xc3, %al
0x000c362b:  66 ba c2 03 00 00        movl     $0x3c2, %edx
0x000c3631:  ee                       outb     %al, %dx

----------------
IN: 
0x000c3632:  66 b8 04 02 00 00        movl     $0x204, %eax
0x000c3638:  66 ba c4 03 00 00        movl     $0x3c4, %edx
0x000c363e:  ef                       outw     %ax, %dx

----------------
IN: 
0x000c363f:  66 31 c0                 xorl     %eax, %eax
0x000c3642:  66 ba ce 01 00 00        movl     $0x1ce, %edx
0x000c3648:  ef                       outw     %ax, %dx

----------------
IN: 
0x000c3649:  66 b8 c0 b0 ff ff        movl     $0xffffb0c0, %eax
0x000c364f:  66 ba cf 01 00 00        movl     $0x1cf, %edx
0x000c3655:  ef                       outw     %ax, %dx

----------------
IN: 
0x000c3656:  66 31 c0                 xorl     %eax, %eax
0x000c3659:  66 ba ce 01 00 00        movl     $0x1ce, %edx
0x000c365f:  ef                       outw     %ax, %dx

----------------
IN: 
0x000c3660:  66 ba cf 01 00 00        movl     $0x1cf, %edx
0x000c3666:  ed                       inw      %dx, %ax

----------------
IN: 
0x000c3667:  3d c0 b0                 cmpw     $0xb0c0, %ax
0x000c366a:  74 0f                    je       0xc367b

----------------
IN: 
0x000c367b:  66 31 c0                 xorl     %eax, %eax
0x000c367e:  66 ba ce 01 00 00        movl     $0x1ce, %edx
0x000c3684:  ef                       outw     %ax, %dx

----------------
IN: 
0x000c3685:  66 b8 c5 b0 ff ff        movl     $0xffffb0c5, %eax
0x000c368b:  66 ba cf 01 00 00        movl     $0x1cf, %edx
0x000c3691:  ef                       outw     %ax, %dx

----------------
IN: 
0x000c3692:  8c c8                    movw     %cs, %ax
0x000c3694:  8e c0                    movw     %ax, %es
0x000c3696:  66 b8 01 00 00 00        movl     $1, %eax
0x000c369c:  26 66 a3 cc 5a           movl     %eax, %es:0x5acc
0x000c36a1:  2e 66 a1 70 98           movl     %cs:0x9870, %eax
0x000c36a6:  66 89 c7                 movl     %eax, %edi
0x000c36a9:  66 85 c0                 testl    %eax, %eax
0x000c36ac:  0f 85 a3 02              jne      0xc3953

----------------
IN: 
0x000c36b0:  2e 66 8b 0e 74 98        movl     %cs:0x9874, %ecx
0x000c36b6:  66 85 c9                 testl    %ecx, %ecx
0x000c36b9:  0f 88 c1 00              js       0xc377e

----------------
IN: 
0x000c36bd:  66 89 cb                 movl     %ecx, %ebx
0x000c36c0:  66 c1 e3 08              shll     $8, %ebx
0x000c36c4:  66 81 e3 00 ff ff 00     andl     $0xffff00, %ebx
0x000c36cb:  66 89 d8                 movl     %ebx, %eax
0x000c36ce:  66 0d 00 00 00 80        orl      $0x80000000, %eax
0x000c36d4:  66 ba f8 0c 00 00        movl     $0xcf8, %edx
0x000c36da:  66 ef                    outl     %eax, %dx

----------------
IN: 
0x000c36dc:  66 ba fc 0c 00 00        movl     $0xcfc, %edx
0x000c36e2:  ed                       inw      %dx, %ax

----------------
IN: 
0x000c36e3:  3d 34 12                 cmpw     $0x1234, %ax
0x000c36e6:  74 17                    je       0xc36ff

----------------
IN: 
0x000c36ff:  66 89 d8                 movl     %ebx, %eax
0x000c3702:  66 0d 18 00 00 80        orl      $0x80000018, %eax
0x000c3708:  66 ba f8 0c 00 00        movl     $0xcf8, %edx
0x000c370e:  66 ef                    outl     %eax, %dx

----------------
IN: 
0x000c3710:  66 ba fc 0c 00 00        movl     $0xcfc, %edx
0x000c3716:  66 ed                    inl      %dx, %eax

----------------
IN: 
0x000c3718:  66 83 e0 fc              andl     $0xfffffffc, %eax
0x000c371c:  67 66 89 45 f0           movl     %eax, -0x10(%ebp)
0x000c3721:  66 31 f6                 xorl     %esi, %esi
0x000c3724:  66 89 f0                 movl     %esi, %eax
0x000c3727:  9c                       pushfw   
0x000c3728:  66 c1 e0 02              shll     $2, %eax
0x000c372c:  66 83 c0 10              addl     $0x10, %eax
0x000c3730:  9d                       popfw    

----------------
IN: 
0x000c3731:  66 09 d8                 orl      %ebx, %eax
0x000c3734:  66 0d 00 00 00 80        orl      $0x80000000, %eax
0x000c373a:  66 ba f8 0c 00 00        movl     $0xcf8, %edx
0x000c3740:  66 ef                    outl     %eax, %dx

----------------
IN: 
0x000c3742:  66 ba fc 0c 00 00        movl     $0xcfc, %edx
0x000c3748:  66 ed                    inl      %dx, %eax

----------------
IN: 
0x000c374a:  66 83 e0 f0              andl     $0xfffffff0, %eax
0x000c374e:  66 89 c3                 movl     %eax, %ebx
0x000c3751:  66 56                    pushl    %esi
0x000c3753:  66 89 c8                 movl     %ecx, %eax
0x000c3756:  66 83 e0 07              andl     $7, %eax
0x000c375a:  66 50                    pushl    %eax
0x000c375c:  66 89 c8                 movl     %ecx, %eax
0x000c375f:  c1 e8 03                 shrw     $3, %ax
0x000c3762:  66 83 e0 1f              andl     $0x1f, %eax
0x000c3766:  66 50                    pushl    %eax
0x000c3768:  66 0f b6 cd              movzbl   %ch, %ecx
0x000c376c:  66 51                    pushl    %ecx
0x000c376e:  66 68 1d 58 00 00        pushl    $0x581d
0x000c3774:  50                       pushw    %ax
0x000c3775:  e8 07 ed                 callw    0xc247f

----------------
IN: 
0x000c25aa:  67 66 8b 3b              movl     (%ebx), %edi
0x000c25ae:  84 c9                    testb    %cl, %cl
0x000c25b0:  75 06                    jne      0xc25b8

----------------
IN: 
0x000c25b2:  66 83 c3 04              addl     $4, %ebx
0x000c25b6:  eb 04                    jmp      0xc25bc

----------------
IN: 
0x000c25bc:  66 85 ff                 testl    %edi, %edi
0x000c25bf:  79 0d                    jns      0xc25ce

----------------
IN: 
0x000c25ce:  66 89 f8                 movl     %edi, %eax
0x000c25d1:  eb 12                    jmp      0xc25e5

----------------
IN: 
0x000c25e5:  50                       pushw    %ax
0x000c25e6:  e8 0e fa                 callw    0xc1ff7

----------------
IN: 
0x000c1ff7:  66 55                    pushl    %ebp
0x000c1ff9:  66 89 e5                 movl     %esp, %ebp
0x000c1ffc:  66 56                    pushl    %esi
0x000c1ffe:  66 53                    pushl    %ebx

----------------
IN: 
0x000c2000:  66 83 ec 0c              subl     $0xc, %esp
0x000c2004:  66 89 c3                 movl     %eax, %ebx
0x000c2007:  67 c6 45 f7 00           movb     $0, -9(%ebp)
0x000c200c:  66 89 e9                 movl     %ebp, %ecx
0x000c200f:  9c                       pushfw   
0x000c2010:  66 83 c1 f6              addl     $-0xa, %ecx
0x000c2014:  9d                       popfw    

----------------
IN: 
0x000c2015:  66 be 0a 00 00 00        movl     $0xa, %esi
0x000c201b:  66 89 d8                 movl     %ebx, %eax
0x000c201e:  66 31 d2                 xorl     %edx, %edx
0x000c2021:  66 f7 f6                 divl     %esi
0x000c2024:  66 83 c2 30              addl     $0x30, %edx
0x000c2028:  67 88 11                 movb     %dl, (%ecx)
0x000c202b:  66 83 fb 09              cmpl     $9, %ebx
0x000c202f:  76 07                    jbe      0xc2038

----------------
IN: 
0x000c2038:  67 66 0f be 01           movsbl   (%ecx), %eax
0x000c203d:  84 c0                    testb    %al, %al
0x000c203f:  74 08                    je       0xc2049

----------------
IN: 
0x000c2041:  50                       pushw    %ax
0x000c2042:  e8 dd df                 callw    0xc0022

----------------
IN: 
0x000c2045:  66 41                    incl     %ecx
0x000c2047:  eb ef                    jmp      0xc2038

----------------
IN: 
0x000c2049:  66 83 c4 0c              addl     $0xc, %esp
0x000c204d:  66 5b                    popl     %ebx
0x000c204f:  66 5e                    popl     %esi
0x000c2051:  66 5d                    popl     %ebp
0x000c2053:  c2 02 00                 retw     $2

----------------
IN: 
0x000c25e9:  e9 42 01                 jmp      0xc272e

----------------
IN: 
0x000c3778:  66 83 c4 14              addl     $0x14, %esp
0x000c377c:  eb 0e                    jmp      0xc378c

----------------
IN: 
0x000c378c:  8c c8                    movw     %cs, %ax
0x000c378e:  8e c0                    movw     %ax, %es
0x000c3790:  26 66 89 1e 44 72        movl     %ebx, %es:0x7244
0x000c3796:  66 b8 0a 00 00 00        movl     $0xa, %eax
0x000c379c:  66 ba ce 01 00 00        movl     $0x1ce, %edx
0x000c37a2:  ef                       outw     %ax, %dx

----------------
IN: 
0x000c37a3:  66 ba cf 01 00 00        movl     $0x1cf, %edx
0x000c37a9:  ed                       inw      %dx, %ax

----------------
IN: 
0x000c37aa:  66 c1 e0 10              shll     $0x10, %eax
0x000c37ae:  67 66 89 45 ec           movl     %eax, -0x14(%ebp)
0x000c37b3:  26 66 a3 4c 72           movl     %eax, %es:0x724c
0x000c37b8:  66 b8 40 00 00 00        movl     $0x40, %eax
0x000c37be:  26 a3 40 72              movw     %ax, %es:0x7240
0x000c37c2:  66 b8 01 00 00 00        movl     $1, %eax
0x000c37c8:  26 66 a3 48 72           movl     %eax, %es:0x7248
0x000c37cd:  67 66 8b 45 ec           movl     -0x14(%ebp), %eax
0x000c37d2:  66 c1 e8 14              shrl     $0x14, %eax
0x000c37d6:  66 50                    pushl    %eax
0x000c37d8:  66 53                    pushl    %ebx
0x000c37da:  66 68 42 58 00 00        pushl    $0x5842
0x000c37e0:  50                       pushw    %ax
0x000c37e1:  e8 9b ec                 callw    0xc247f

----------------
IN: 
0x000c0d72:  66 83 fa 06              cmpl     $6, %edx
0x000c0d76:  74 29                    je       0xc0da1

----------------
IN: 
0x000c0d78:  66 83 fa 07              cmpl     $7, %edx
0x000c0d7c:  74 11                    je       0xc0d8f

----------------
IN: 
0x000c0d7e:  66 83 fa 05              cmpl     $5, %edx
0x000c0d82:  74 2f                    je       0xc0db3

----------------
IN: 
0x000c0d84:  66 c1 e8 1c              shrl     $0x1c, %eax
0x000c0d88:  66 89 ca                 movl     %ecx, %edx
0x000c0d8b:  50                       pushw    %ax
0x000c0d8c:  e8 8d ff                 callw    0xc0d1c

----------------
IN: 
0x000c0d8f:  66 89 d8                 movl     %ebx, %eax
0x000c0d92:  66 c1 e8 18              shrl     $0x18, %eax
0x000c0d96:  66 83 e0 0f              andl     $0xf, %eax
0x000c0d9a:  66 89 f2                 movl     %esi, %edx
0x000c0d9d:  50                       pushw    %ax
0x000c0d9e:  e8 7b ff                 callw    0xc0d1c

----------------
IN: 
0x000c0da1:  66 89 d8                 movl     %ebx, %eax
0x000c0da4:  66 c1 e8 14              shrl     $0x14, %eax
0x000c0da8:  66 83 e0 0f              andl     $0xf, %eax
0x000c0dac:  66 89 f2                 movl     %esi, %edx
0x000c0daf:  50                       pushw    %ax
0x000c0db0:  e8 69 ff                 callw    0xc0d1c

----------------
IN: 
0x000c0db3:  66 89 d8                 movl     %ebx, %eax
0x000c0db6:  66 c1 e8 10              shrl     $0x10, %eax
0x000c0dba:  66 83 e0 0f              andl     $0xf, %eax
0x000c0dbe:  66 89 f2                 movl     %esi, %edx
0x000c0dc1:  50                       pushw    %ax
0x000c0dc2:  e8 57 ff                 callw    0xc0d1c

----------------
IN: 
0x000c2031:  66 89 c3                 movl     %eax, %ebx
0x000c2034:  66 49                    decl     %ecx
0x000c2036:  eb e3                    jmp      0xc201b

----------------
IN: 
0x000c201b:  66 89 d8                 movl     %ebx, %eax
0x000c201e:  66 31 d2                 xorl     %edx, %edx
0x000c2021:  66 f7 f6                 divl     %esi
0x000c2024:  66 83 c2 30              addl     $0x30, %edx
0x000c2028:  67 88 11                 movb     %dl, (%ecx)
0x000c202b:  66 83 fb 09              cmpl     $9, %ebx
0x000c202f:  76 07                    jbe      0xc2038

----------------
IN: 
0x000c37e4:  66 83 c4 0c              addl     $0xc, %esp
0x000c37e8:  66 b8 04 00 00 00        movl     $4, %eax
0x000c37ee:  66 ba ce 01 00 00        movl     $0x1ce, %edx
0x000c37f4:  ef                       outw     %ax, %dx

----------------
IN: 
0x000c37f5:  66 ba cf 01 00 00        movl     $0x1cf, %edx
0x000c37fb:  ed                       inw      %dx, %ax

----------------
IN: 
0x000c37fc:  66 89 c3                 movl     %eax, %ebx
0x000c37ff:  66 b8 04 00 00 00        movl     $4, %eax
0x000c3805:  66 ba ce 01 00 00        movl     $0x1ce, %edx
0x000c380b:  ef                       outw     %ax, %dx

----------------
IN: 
0x000c380c:  66 89 d8                 movl     %ebx, %eax
0x000c380f:  66 83 c8 02              orl      $2, %eax
0x000c3813:  66 ba cf 01 00 00        movl     $0x1cf, %edx
0x000c3819:  ef                       outw     %ax, %dx

----------------
IN: 
0x000c381a:  66 b8 01 00 00 00        movl     $1, %eax
0x000c3820:  66 ba ce 01 00 00        movl     $0x1ce, %edx
0x000c3826:  ef                       outw     %ax, %dx

----------------
IN: 
0x000c3827:  66 ba cf 01 00 00        movl     $0x1cf, %edx
0x000c382d:  ed                       inw      %dx, %ax

----------------
IN: 
0x000c382e:  67 89 45 e2              movw     %ax, -0x1e(%ebp)
0x000c3832:  66 b8 03 00 00 00        movl     $3, %eax
0x000c3838:  66 ba ce 01 00 00        movl     $0x1ce, %edx
0x000c383e:  ef                       outw     %ax, %dx

----------------
IN: 
0x000c383f:  66 ba cf 01 00 00        movl     $0x1cf, %edx
0x000c3845:  ed                       inw      %dx, %ax

----------------
IN: 
0x000c3846:  67 89 45 e0              movw     %ax, -0x20(%ebp)
0x000c384a:  66 b8 04 00 00 00        movl     $4, %eax
0x000c3850:  66 ba ce 01 00 00        movl     $0x1ce, %edx
0x000c3856:  ef                       outw     %ax, %dx

----------------
IN: 
0x000c3857:  66 89 d8                 movl     %ebx, %eax
0x000c385a:  66 ba cf 01 00 00        movl     $0x1cf, %edx
0x000c3860:  ef                       outw     %ax, %dx

----------------
IN: 
0x000c3861:  2e 66 a1 d0 5a           movl     %cs:0x5ad0, %eax
0x000c3866:  66 6b c0 0e              imull    $0xe, %eax, %eax
0x000c386a:  66 05 e0 5a 00 00        addl     $0x5ae0, %eax
0x000c3870:  67 66 89 45 e4           movl     %eax, -0x1c(%ebp)
0x000c3875:  66 bb e0 5a 00 00        movl     $0x5ae0, %ebx
0x000c387b:  67 66 3b 5d e4           cmpl     -0x1c(%ebp), %ebx
0x000c3880:  0f 83 a5 00              jae      0xc3929

----------------
IN: 
0x000c3884:  2e 67 8b 43 04           movw     %cs:4(%ebx), %ax
0x000c3889:  67 89 45 e8              movw     %ax, -0x18(%ebp)
0x000c388d:  2e 67 8b 73 06           movw     %cs:6(%ebx), %si
0x000c3892:  2e 67 8a 43 08           movb     %cs:8(%ebx), %al
0x000c3897:  67 88 45 df              movb     %al, -0x21(%ebp)
0x000c389b:  66 89 da                 movl     %ebx, %edx
0x000c389e:  9c                       pushfw   
0x000c389f:  66 83 c2 02              addl     $2, %edx
0x000c38a3:  9d                       popfw    

----------------
IN: 
0x000c38a4:  66 89 d0                 movl     %edx, %eax
0x000c38a7:  67 66 89 55 d8           movl     %edx, -0x28(%ebp)
0x000c38ac:  50                       pushw    %ax
0x000c38ad:  e8 91 d2                 callw    0xc0b41

----------------
IN: 
0x000c0b41:  66 89 c2                 movl     %eax, %edx
0x000c0b44:  2e 67 8a 08              movb     %cs:(%eax), %cl
0x000c0b48:  84 c9                    testb    %cl, %cl
0x000c0b4a:  74 24                    je       0xc0b70

----------------
IN: 
0x000c0b4c:  66 b8 01 00 00 00        movl     $1, %eax
0x000c0b52:  80 f9 03                 cmpb     $3, %cl
0x000c0b55:  74 1f                    je       0xc0b76

----------------
IN: 
0x000c0b57:  2e 67 8a 52 06           movb     %cs:6(%edx), %dl
0x000c0b5c:  66 0f b6 c2              movzbl   %dl, %eax
0x000c0b60:  80 fa 08                 cmpb     $8, %dl
0x000c0b63:  76 11                    jbe      0xc0b76

----------------
IN: 
0x000c0b76:  c2 02 00                 retw     $2

----------------
IN: 
0x000c38b0:  66 89 c1                 movl     %eax, %ecx
0x000c38b3:  67 66 0f b7 45 e8        movzwl   -0x18(%ebp), %eax
0x000c38b9:  66 0f af c1              imull    %ecx, %eax
0x000c38bd:  66 83 c0 07              addl     $7, %eax
0x000c38c1:  66 c1 f8 03              sarl     $3, %eax
0x000c38c5:  66 0f b7 f6              movzwl   %si, %esi
0x000c38c9:  66 0f af f0              imull    %eax, %esi
0x000c38cd:  67 66 8b 45 d8           movl     -0x28(%ebp), %eax
0x000c38d2:  50                       pushw    %ax
0x000c38d3:  e8 f7 cf                 callw    0xc08cd

----------------
IN: 
0x000c08cd:  2e 67 8a 10              movb     %cs:(%eax), %dl
0x000c08d1:  80 fa 01                 cmpb     $1, %dl
0x000c08d4:  74 1e                    je       0xc08f4

----------------
IN: 
0x000c08d6:  66 b8 04 00 00 00        movl     $4, %eax
0x000c08dc:  80 fa 03                 cmpb     $3, %dl
0x000c08df:  74 27                    je       0xc0908

----------------
IN: 
0x000c08e1:  66 b8 02 00 00 00        movl     $2, %eax
0x000c08e7:  84 d2                    testb    %dl, %dl
0x000c08e9:  74 1d                    je       0xc0908

----------------
IN: 
0x000c08eb:  66 b8 01 00 00 00        movl     $1, %eax
0x000c08f1:  c2 02 00                 retw     $2

----------------
IN: 
0x000c38d6:  67 66 8b 55 e8           movl     -0x18(%ebp), %edx
0x000c38db:  67 39 55 e2              cmpw     %dx, -0x1e(%ebp)
0x000c38df:  0f 92 c2                 setb     %dl
0x000c38e2:  67 66 0f b6 4d df        movzbl   -0x21(%ebp), %ecx
0x000c38e8:  67 39 4d e0              cmpw     %cx, -0x20(%ebp)
0x000c38ec:  0f 92 c1                 setb     %cl
0x000c38ef:  08 d1                    orb      %dl, %cl
0x000c38f1:  75 0b                    jne      0xc38fe

----------------
IN: 
0x000c38f3:  66 0f af f0              imull    %eax, %esi
0x000c38f7:  67 66 39 75 ec           cmpl     %esi, -0x14(%ebp)
0x000c38fc:  73 24                    jae      0xc3922

----------------
IN: 
0x000c3922:  66 83 c3 0e              addl     $0xe, %ebx
0x000c3926:  e9 52 ff                 jmp      0xc387b

----------------
IN: 
0x000c387b:  67 66 3b 5d e4           cmpl     -0x1c(%ebp), %ebx
0x000c3880:  0f 83 a5 00              jae      0xc3929

----------------
IN: 
0x000c0908:  c2 02 00                 retw     $2

----------------
IN: 
0x000c0b65:  66 83 c0 07              addl     $7, %eax
0x000c0b69:  66 83 e0 f8              andl     $0xfffffff8, %eax
0x000c0b6d:  c2 02 00                 retw     $2

----------------
IN: 
0x000c38fe:  2e 67 8b 03              movw     %cs:(%ebx), %ax
0x000c3902:  66 0f b7 c0              movzwl   %ax, %eax
0x000c3906:  66 50                    pushl    %eax
0x000c3908:  66 68 66 58 00 00        pushl    $0x5866
0x000c390e:  50                       pushw    %ax
0x000c390f:  e8 6d eb                 callw    0xc247f

----------------
IN: 
0x000c0d70:  eb 65                    jmp      0xc0dd7

----------------
IN: 
0x000c3912:  66 59                    popl     %ecx
0x000c3914:  66 5e                    popl     %esi
0x000c3916:  8c c8                    movw     %cs, %ax
0x000c3918:  8e c0                    movw     %ax, %es
0x000c391a:  66 83 c8 ff              orl      $0xffffffff, %eax
0x000c391e:  26 67 89 03              movw     %ax, %es:(%ebx)
0x000c3922:  66 83 c3 0e              addl     $0xe, %ebx
0x000c3926:  e9 52 ff                 jmp      0xc387b

----------------
IN: 
0x000c3929:  67 66 83 7d f0 00        cmpl     $0, -0x10(%ebp)
0x000c392f:  74 22                    je       0xc3953

----------------
IN: 
0x000c3931:  67 66 8b 45 f0           movl     -0x10(%ebp), %eax
0x000c3936:  66 01 f8                 addl     %edi, %eax
0x000c3939:  67 8a 00                 movb     (%eax), %al
0x000c393c:  8c ca                    movw     %cs, %dx
0x000c393e:  8e c2                    movw     %dx, %es
0x000c3940:  26 67 88 87 40 71 00 00  movb     %al, %es:0x7140(%edi)
0x000c3948:  66 47                    incl     %edi
0x000c394a:  66 81 ff 00 01 00 00     cmpl     $0x100, %edi
0x000c3951:  eb dc                    jmp      0xc392f

----------------
IN: 
0x000c3939:  67 8a 00                 movb     (%eax), %al

----------------
IN: 
0x000c393c:  8c ca                    movw     %cs, %dx
0x000c393e:  8e c2                    movw     %dx, %es
0x000c3940:  26 67 88 87 40 71 00 00  movb     %al, %es:0x7140(%edi)
0x000c3948:  66 47                    incl     %edi
0x000c394a:  66 81 ff 00 01 00 00     cmpl     $0x100, %edi
0x000c3951:  eb dc                    jmp      0xc392f

----------------
IN: 
0x000c392f:  74 22                    je       0xc3953

----------------
IN: 
0x000c3953:  2e 66 a1 70 98           movl     %cs:0x9870, %eax
0x000c3958:  66 85 c0                 testl    %eax, %eax
0x000c395b:  0f 85 d2 03              jne      0xc3d31

----------------
IN: 
0x000c395f:  66 b8 40 00 00 00        movl     $0x40, %eax
0x000c3965:  8e c0                    movw     %ax, %es
0x000c3967:  26 8b 16 10 00           movw     %es:0x10, %dx
0x000c396c:  66 83 e2 cf              andl     $0xffffffcf, %edx
0x000c3970:  66 83 ca 20              orl      $0x20, %edx
0x000c3974:  26 89 16 10 00           movw     %dx, %es:0x10
0x000c3979:  8e c0                    movw     %ax, %es
0x000c397b:  b2 51                    movb     $0x51, %dl
0x000c397d:  26 88 16 89 00           movb     %dl, %es:0x89
0x000c3982:  8e c0                    movw     %ax, %es
0x000c3984:  b2 08                    movb     $8, %dl
0x000c3986:  26 88 16 8a 00           movb     %dl, %es:0x8a
0x000c398b:  8e c0                    movw     %ax, %es
0x000c398d:  66 31 d2                 xorl     %edx, %edx
0x000c3990:  26 88 16 65 00           movb     %dl, %es:0x65
0x000c3995:  8e c0                    movw     %ax, %es
0x000c3997:  26 88 16 66 00           movb     %dl, %es:0x66
0x000c399c:  8c c9                    movw     %cs, %cx
0x000c399e:  66 c1 e1 10              shll     $0x10, %ecx
0x000c39a2:  66 ba c0 66 00 00        movl     $0x66c0, %edx
0x000c39a8:  66 0f b7 d2              movzwl   %dx, %edx
0x000c39ac:  66 09 ca                 orl      %ecx, %edx
0x000c39af:  8e c0                    movw     %ax, %es
0x000c39b1:  26 66 89 16 a8 00        movl     %edx, %es:0xa8
0x000c39b7:  8c ca                    movw     %cs, %dx
0x000c39b9:  66 89 d1                 movl     %edx, %ecx
0x000c39bc:  66 c1 e1 10              shll     $0x10, %ecx
0x000c39c0:  66 b8 80 5f 00 00        movl     $0x5f80, %eax
0x000c39c6:  66 0f b7 c0              movzwl   %ax, %eax
0x000c39ca:  66 09 c8                 orl      %ecx, %eax
0x000c39cd:  8e c2                    movw     %dx, %es
0x000c39cf:  26 66 a3 c0 66           movl     %eax, %es:0x66c0
0x000c39d4:  67 66 c7 45 ec 5c 5f 00  movl     $0x5f5c, -0x14(%ebp)
0x000c39dc:  00
0x000c39dd:  66 bb 80 5f 00 00        movl     $0x5f80, %ebx
0x000c39e3:  67 66 8b 45 ec           movl     -0x14(%ebp), %eax
0x000c39e8:  2e 67 8a 10              movb     %cs:(%eax), %dl
0x000c39ec:  66 0f b6 d2              movzbl   %dl, %edx
0x000c39f0:  66 85 d2                 testl    %edx, %edx
0x000c39f3:  0f 84 86 01              je       0xc3b7d

----------------
IN: 
0x000c3b7d:  67 66 ff 45 ec           incl     -0x14(%ebp)
0x000c3b82:  66 83 c3 40              addl     $0x40, %ebx
0x000c3b86:  66 b8 c0 66 00 00        movl     $0x66c0, %eax
0x000c3b8c:  66 39 d8                 cmpl     %ebx, %eax
0x000c3b8f:  0f 85 50 fe              jne      0xc39e3

----------------
IN: 
0x000c39e3:  67 66 8b 45 ec           movl     -0x14(%ebp), %eax
0x000c39e8:  2e 67 8a 10              movb     %cs:(%eax), %dl
0x000c39ec:  66 0f b6 d2              movzbl   %dl, %edx
0x000c39f0:  66 85 d2                 testl    %edx, %edx
0x000c39f3:  0f 84 86 01              je       0xc3b7d

----------------
IN: 
0x000c39f7:  66 31 c0                 xorl     %eax, %eax
0x000c39fa:  2e 67 8b 88 e0 66 00 00  movw     %cs:0x66e0(%eax), %cx
0x000c3a02:  66 0f b7 c9              movzwl   %cx, %ecx
0x000c3a06:  66 39 ca                 cmpl     %ecx, %edx
0x000c3a09:  75 62                    jne      0xc3a6d

----------------
IN: 
0x000c3a6d:  66 83 c0 2c              addl     $0x2c, %eax
0x000c3a71:  66 3d c0 02 00 00        cmpl     $0x2c0, %eax
0x000c3a77:  75 81                    jne      0xc39fa

----------------
IN: 
0x000c39fa:  2e 67 8b 88 e0 66 00 00  movw     %cs:0x66e0(%eax), %cx
0x000c3a02:  66 0f b7 c9              movzwl   %cx, %ecx
0x000c3a06:  66 39 ca                 cmpl     %ecx, %edx
0x000c3a09:  75 62                    jne      0xc3a6d

----------------
IN: 
0x000c3a0b:  66 89 c7                 movl     %eax, %edi
0x000c3a0e:  9c                       pushfw   
0x000c3a0f:  66 81 c7 e2 66 00 00     addl     $0x66e2, %edi
0x000c3a16:  9d                       popfw    

----------------
IN: 
0x000c3a17:  67 66 89 7d f0           movl     %edi, -0x10(%ebp)
0x000c3a1c:  2e 67 8b b0 e4 66 00 00  movw     %cs:0x66e4(%eax), %si
0x000c3a24:  66 0f b7 fe              movzwl   %si, %edi
0x000c3a28:  67 66 89 7d e8           movl     %edi, -0x18(%ebp)
0x000c3a2d:  2e 67 8b b8 e6 66 00 00  movw     %cs:0x66e6(%eax), %di
0x000c3a35:  67 89 7d e4              movw     %di, -0x1c(%ebp)
0x000c3a39:  66 0f b7 ff              movzwl   %di, %edi
0x000c3a3d:  2e 67 8a 88 e2 66 00 00  movb     %cs:0x66e2(%eax), %cl
0x000c3a45:  2e 67 8a 90 ea 66 00 00  movb     %cs:0x66ea(%eax), %dl
0x000c3a4d:  67 88 55 e2              movb     %dl, -0x1e(%ebp)
0x000c3a51:  84 c9                    testb    %cl, %cl
0x000c3a53:  75 27                    jne      0xc3a7c

----------------
IN: 
0x000c3a7c:  2e 67 8a 90 e9 66 00 00  movb     %cs:0x66e9(%eax), %dl
0x000c3a84:  8c c8                    movw     %cs, %ax
0x000c3a86:  8e c0                    movw     %ax, %es
0x000c3a88:  66 0f b6 f2              movzbl   %dl, %esi
0x000c3a8c:  67 66 8b 45 e8           movl     -0x18(%ebp), %eax
0x000c3a91:  66 99                    cltd     
0x000c3a93:  66 f7 fe                 idivl    %esi
0x000c3a96:  26 67 88 03              movb     %al, %es:(%ebx)
0x000c3a9a:  67 66 0f b6 75 e2        movzbl   -0x1e(%ebp), %esi
0x000c3aa0:  66 89 f8                 movl     %edi, %eax
0x000c3aa3:  66 99                    cltd     
0x000c3aa5:  66 f7 fe                 idivl    %esi
0x000c3aa8:  66 48                    decl     %eax
0x000c3aaa:  26 67 88 43 01           movb     %al, %es:1(%ebx)
0x000c3aaf:  67 8c 4d e4              movw     %cs, -0x1c(%ebp)
0x000c3ab3:  67 8e 45 e4              movw     -0x1c(%ebp), %es
0x000c3ab7:  67 8a 45 e2              movb     -0x1e(%ebp), %al
0x000c3abb:  26 67 88 43 02           movb     %al, %es:2(%ebx)
0x000c3ac0:  66 0f b6 c1              movzbl   %cl, %eax
0x000c3ac4:  66 89 f9                 movl     %edi, %ecx
0x000c3ac7:  67 66 8b 55 e8           movl     -0x18(%ebp), %edx
0x000c3acc:  50                       pushw    %ax
0x000c3acd:  e8 5f c5                 callw    0xc002f

----------------
IN: 
0x000c002f:  84 c0                    testb    %al, %al
0x000c0031:  74 2b                    je       0xc005e

----------------
IN: 
0x000c0033:  fe c8                    decb     %al
0x000c0035:  66 b8 00 40 00 00        movl     $0x4000, %eax
0x000c003b:  74 38                    je       0xc0075

----------------
IN: 
0x000c0075:  c2 02 00                 retw     $2

----------------
IN: 
0x000c3ad0:  26 67 89 43 03           movw     %ax, %es:3(%ebx)
0x000c3ad5:  67 66 8b 45 f0           movl     -0x10(%ebp), %eax
0x000c3ada:  2e 67 66 8b 70 16        movl     %cs:0x16(%eax), %esi
0x000c3ae0:  66 89 df                 movl     %ebx, %edi
0x000c3ae3:  9c                       pushfw   
0x000c3ae4:  66 83 c7 05              addl     $5, %edi
0x000c3ae8:  9d                       popfw    

----------------
IN: 
0x000c3ae9:  66 b9 04 00 00 00        movl     $4, %ecx
0x000c3aef:  67 66 8b 55 e4           movl     -0x1c(%ebp), %edx
0x000c3af4:  8c d8                    movw     %ds, %ax
0x000c3af6:  8e da                    movw     %dx, %ds
0x000c3af8:  f3 a4                    rep movsb (%si), %es:(%di)

----------------
IN: 
0x000c3afa:  8e d8                    movw     %ax, %ds
0x000c3afc:  67 66 8b 45 f0           movl     -0x10(%ebp), %eax
0x000c3b01:  2e 67 8a 40 1a           movb     %cs:0x1a(%eax), %al
0x000c3b06:  8c ca                    movw     %cs, %dx
0x000c3b08:  8e c2                    movw     %dx, %es
0x000c3b0a:  26 67 88 43 09           movb     %al, %es:9(%ebx)
0x000c3b0f:  67 66 8b 45 f0           movl     -0x10(%ebp), %eax
0x000c3b14:  2e 67 66 8b 70 1e        movl     %cs:0x1e(%eax), %esi
0x000c3b1a:  66 89 df                 movl     %ebx, %edi
0x000c3b1d:  9c                       pushfw   
0x000c3b1e:  66 83 c7 0a              addl     $0xa, %edi
0x000c3b22:  9d                       popfw    

----------------
IN: 
0x000c3b23:  66 b9 19 00 00 00        movl     $0x19, %ecx
0x000c3b29:  8c d8                    movw     %ds, %ax
0x000c3b2b:  8e da                    movw     %dx, %ds
0x000c3b2d:  f3 a4                    rep movsb (%si), %es:(%di)

----------------
IN: 
0x000c3b2f:  8e d8                    movw     %ax, %ds
0x000c3b31:  67 66 8b 45 f0           movl     -0x10(%ebp), %eax
0x000c3b36:  2e 67 66 8b 70 22        movl     %cs:0x22(%eax), %esi
0x000c3b3c:  8c ca                    movw     %cs, %dx
0x000c3b3e:  8e c2                    movw     %dx, %es
0x000c3b40:  66 89 df                 movl     %ebx, %edi
0x000c3b43:  9c                       pushfw   
0x000c3b44:  66 83 c7 23              addl     $0x23, %edi
0x000c3b48:  9d                       popfw    

----------------
IN: 
0x000c3b49:  66 b9 14 00 00 00        movl     $0x14, %ecx
0x000c3b4f:  8c d8                    movw     %ds, %ax
0x000c3b51:  8e da                    movw     %dx, %ds
0x000c3b53:  f3 a4                    rep movsb (%si), %es:(%di)

----------------
IN: 
0x000c3b55:  8e d8                    movw     %ax, %ds
0x000c3b57:  67 66 8b 45 f0           movl     -0x10(%ebp), %eax
0x000c3b5c:  2e 67 66 8b 70 26        movl     %cs:0x26(%eax), %esi
0x000c3b62:  8c ca                    movw     %cs, %dx
0x000c3b64:  8e c2                    movw     %dx, %es
0x000c3b66:  66 89 df                 movl     %ebx, %edi
0x000c3b69:  9c                       pushfw   
0x000c3b6a:  66 83 c7 37              addl     $0x37, %edi
0x000c3b6e:  9d                       popfw    

----------------
IN: 
0x000c3b6f:  66 b9 09 00 00 00        movl     $9, %ecx
0x000c3b75:  8c d8                    movw     %ds, %ax
0x000c3b77:  8e da                    movw     %dx, %ds
0x000c3b79:  f3 a4                    rep movsb (%si), %es:(%di)

----------------
IN: 
0x000c3b7b:  8e d8                    movw     %ax, %ds
0x000c3b7d:  67 66 ff 45 ec           incl     -0x14(%ebp)
0x000c3b82:  66 83 c3 40              addl     $0x40, %ebx
0x000c3b86:  66 b8 c0 66 00 00        movl     $0x66c0, %eax
0x000c3b8c:  66 39 d8                 cmpl     %ebx, %eax
0x000c3b8f:  0f 85 50 fe              jne      0xc39e3

----------------
IN: 
0x000c3a55:  8c c8                    movw     %cs, %ax
0x000c3a57:  8e c0                    movw     %ax, %es
0x000c3a59:  66 89 f0                 movl     %esi, %eax
0x000c3a5c:  26 67 88 03              movb     %al, %es:(%ebx)
0x000c3a60:  67 8a 55 e4              movb     -0x1c(%ebp), %dl
0x000c3a64:  66 4a                    decl     %edx
0x000c3a66:  26 67 88 53 01           movb     %dl, %es:1(%ebx)
0x000c3a6b:  eb 42                    jmp      0xc3aaf

----------------
IN: 
0x000c3aaf:  67 8c 4d e4              movw     %cs, -0x1c(%ebp)
0x000c3ab3:  67 8e 45 e4              movw     -0x1c(%ebp), %es
0x000c3ab7:  67 8a 45 e2              movb     -0x1e(%ebp), %al
0x000c3abb:  26 67 88 43 02           movb     %al, %es:2(%ebx)
0x000c3ac0:  66 0f b6 c1              movzbl   %cl, %eax
0x000c3ac4:  66 89 f9                 movl     %edi, %ecx
0x000c3ac7:  67 66 8b 55 e8           movl     -0x18(%ebp), %edx
0x000c3acc:  50                       pushw    %ax
0x000c3acd:  e8 5f c5                 callw    0xc002f

----------------
IN: 
0x000c005e:  0f af ca                 imulw    %dx, %cx
0x000c0061:  66 89 c8                 movl     %ecx, %eax
0x000c0064:  9c                       pushfw   
0x000c0065:  66 d1 e0                 shll     $1, %eax
0x000c0068:  66 05 ff 07 00 00        addl     $0x7ff, %eax
0x000c006e:  9d                       popfw    

----------------
IN: 
0x000c006f:  25 00 f8                 andw     $0xf800, %ax
0x000c0072:  c2 02 00                 retw     $2

----------------
IN: 
0x000c003d:  66 0f b7 d2              movzwl   %dx, %edx
0x000c0041:  66 0f b7 c9              movzwl   %cx, %ecx
0x000c0045:  66 0f af d1              imull    %ecx, %edx
0x000c0049:  66 c1 fa 03              sarl     $3, %edx
0x000c004d:  66 89 d0                 movl     %edx, %eax
0x000c0050:  9c                       pushfw   
0x000c0051:  66 05 ff 1f 00 00        addl     $0x1fff, %eax
0x000c0057:  9d                       popfw    

----------------
IN: 
0x000c0058:  25 00 e0                 andw     $0xe000, %ax
0x000c005b:  c2 02 00                 retw     $2

----------------
IN: 
0x000c3b93:  66 b8 e0 66 00 00        movl     $0x66e0, %eax
0x000c3b99:  66 31 d2                 xorl     %edx, %edx
0x000c3b9c:  2e 67 8b 08              movw     %cs:(%eax), %cx
0x000c3ba0:  83 f9 13                 cmpw     $0x13, %cx
0x000c3ba3:  77 0c                    ja       0xc3bb1

----------------
IN: 
0x000c3ba5:  66 bf 01 00 00 00        movl     $1, %edi
0x000c3bab:  66 d3 e7                 shll     %cl, %edi
0x000c3bae:  66 09 fa                 orl      %edi, %edx
0x000c3bb1:  66 83 c0 2c              addl     $0x2c, %eax
0x000c3bb5:  66 3d a0 69 00 00        cmpl     $0x69a0, %eax
0x000c3bbb:  75 df                    jne      0xc3b9c

----------------
IN: 
0x000c3b9c:  2e 67 8b 08              movw     %cs:(%eax), %cx
0x000c3ba0:  83 f9 13                 cmpw     $0x13, %cx
0x000c3ba3:  77 0c                    ja       0xc3bb1

----------------
IN: 
0x000c3bb1:  66 83 c0 2c              addl     $0x2c, %eax
0x000c3bb5:  66 3d a0 69 00 00        cmpl     $0x69a0, %eax
0x000c3bbb:  75 df                    jne      0xc3b9c

----------------
IN: 
0x000c3bbd:  8c c8                    movw     %cs, %ax
0x000c3bbf:  8e c0                    movw     %ax, %es
0x000c3bc1:  26 66 89 16 60 98        movl     %edx, %es:0x9860
0x000c3bc7:  66 89 c2                 movl     %eax, %edx
0x000c3bca:  66 c1 e2 10              shll     $0x10, %edx
0x000c3bce:  66 b8 fb 55 00 00        movl     $0x55fb, %eax
0x000c3bd4:  66 0f b7 c0              movzwl   %ax, %eax
0x000c3bd8:  66 09 d0                 orl      %edx, %eax
0x000c3bdb:  66 31 d2                 xorl     %edx, %edx
0x000c3bde:  8e c2                    movw     %dx, %es
0x000c3be0:  26 66 a3 40 00           movl     %eax, %es:0x40
0x000c3be5:  66 31 c0                 xorl     %eax, %eax
0x000c3be8:  66 be 00 f0 ff ff        movl     $0xfffff000, %esi
0x000c3bee:  8e c6                    movw     %si, %es
0x000c3bf0:  26 67 66 8b 10           movl     %es:(%eax), %edx
0x000c3bf5:  66 81 fa 24 50 4d 4d     cmpl     $0x4d4d5024, %edx
0x000c3bfc:  0f 85 e2 00              jne      0xc3ce2

----------------
IN: 
0x000c3ce2:  66 83 c0 10              addl     $0x10, %eax
0x000c3ce6:  66 3d 00 00 01 00        cmpl     $0x10000, %eax
0x000c3cec:  0f 85 fe fe              jne      0xc3bee

----------------
IN: 
0x000c3bee:  8e c6                    movw     %si, %es
0x000c3bf0:  26 67 66 8b 10           movl     %es:(%eax), %edx
0x000c3bf5:  66 81 fa 24 50 4d 4d     cmpl     $0x4d4d5024, %edx
0x000c3bfc:  0f 85 e2 00              jne      0xc3ce2

----------------
IN: 
0x000c3c00:  26 67 8a 58 05           movb     %es:5(%eax), %bl
0x000c3c05:  66 0f b6 fb              movzbl   %bl, %edi
0x000c3c09:  67 66 89 7d f0           movl     %edi, -0x10(%ebp)
0x000c3c0e:  66 31 c9                 xorl     %ecx, %ecx
0x000c3c11:  66 31 d2                 xorl     %edx, %edx
0x000c3c14:  67 66 3b 55 f0           cmpl     -0x10(%ebp), %edx
0x000c3c19:  73 0c                    jae      0xc3c27

----------------
IN: 
0x000c3c1b:  26 67 8a 1c 10           movb     %es:(%eax, %edx), %bl
0x000c3c20:  66 01 d9                 addl     %ebx, %ecx
0x000c3c23:  66 42                    incl     %edx
0x000c3c25:  eb ed                    jmp      0xc3c14

----------------
IN: 
0x000c3c14:  67 66 3b 55 f0           cmpl     -0x10(%ebp), %edx
0x000c3c19:  73 0c                    jae      0xc3c27

----------------
IN: 
0x000c3c27:  84 c9                    testb    %cl, %cl
0x000c3c29:  0f 85 b5 00              jne      0xc3ce2

----------------
IN: 
0x000c3c2d:  66 ba 00 f0 ff ff        movl     $0xfffff000, %edx
0x000c3c33:  8e c2                    movw     %dx, %es
0x000c3c35:  26 67 66 8b 58 07        movl     %es:7(%eax), %ebx
0x000c3c3b:  66 0f b7 c3              movzwl   %bx, %eax
0x000c3c3f:  66 50                    pushl    %eax
0x000c3c41:  66 89 d8                 movl     %ebx, %eax
0x000c3c44:  66 c1 e8 10              shrl     $0x10, %eax
0x000c3c48:  66 50                    pushl    %eax
0x000c3c4a:  66 68 78 58 00 00        pushl    $0x5878
0x000c3c50:  66 68 00 02 00 00        pushl    $0x200
0x000c3c56:  66 68 7f 58 00 00        pushl    $0x587f
0x000c3c5c:  50                       pushw    %ax
0x000c3c5d:  e8 1f e8                 callw    0xc247f

----------------
IN: 
0x000c25d3:  67 66 8b 03              movl     (%ebx), %eax
0x000c25d7:  84 c9                    testb    %cl, %cl
0x000c25d9:  75 06                    jne      0xc25e1

----------------
IN: 
0x000c25db:  66 83 c3 04              addl     $4, %ebx
0x000c25df:  eb 04                    jmp      0xc25e5

----------------
IN: 
0x000c3c60:  66 83 c4 14              addl     $0x14, %esp
0x000c3c64:  66 89 d9                 movl     %ebx, %ecx
0x000c3c67:  66 bb 20 00 00 00        movl     $0x20, %ebx
0x000c3c6d:  66 be 09 00 00 00        movl     $9, %esi
0x000c3c73:  66 51                    pushl    %ecx
0x000c3c75:  56                       pushw    %si
0x000c3c76:  66 6a ff                 pushl    $-1
0x000c3c79:  66 53                    pushl    %ebx
0x000c3c7b:  6a 00                    pushw    $0
0x000c3c7d:  67 ff 5c 24 0c           lcallw   *0xc(%esp)

----------------
IN: 
0x000fd0c8:  66 54                    pushl    %esp
0x000fd0ca:  66 0f b7 e4              movzwl   %sp, %esp
0x000fd0ce:  66 9c                    pushfl   
0x000fd0d0:  fa                       cli      
0x000fd0d1:  fc                       cld      
0x000fd0d2:  66 50                    pushl    %eax
0x000fd0d4:  66 51                    pushl    %ecx
0x000fd0d6:  66 52                    pushl    %edx
0x000fd0d8:  66 53                    pushl    %ebx
0x000fd0da:  66 55                    pushl    %ebp
0x000fd0dc:  66 56                    pushl    %esi
0x000fd0de:  66 57                    pushl    %edi
0x000fd0e0:  06                       pushw    %es
0x000fd0e1:  1e                       pushw    %ds
0x000fd0e2:  66 8c d1                 movl     %ss, %ecx
0x000fd0e5:  8e d9                    movw     %cx, %ds
0x000fd0e7:  66 c1 e1 04              shll     $4, %ecx
0x000fd0eb:  66 b8 71 ee ff 06        movl     $0x6ffee71, %eax
0x000fd0f1:  67 66 8d 54 0c 2c        leal     0x2c(%esp, %ecx), %edx
0x000fd0f7:  66 b9 ff ff ff ff        movl     $0xffffffff, %ecx
0x000fd0fd:  66 e8 df ab ff ff        calll    0xf7ce2

----------------
IN: 
0x000f7ce2:  66 55                    pushl    %ebp
0x000f7ce4:  66 57                    pushl    %edi
0x000f7ce6:  66 56                    pushl    %esi
0x000f7ce8:  66 53                    pushl    %ebx
0x000f7cea:  66 89 c7                 movl     %eax, %edi
0x000f7ced:  66 89 d3                 movl     %edx, %ebx
0x000f7cf0:  2e 66 a1 14 62           movl     %cs:0x6214, %eax
0x000f7cf5:  66 85 c0                 testl    %eax, %eax
0x000f7cf8:  74 52                    je       0xf7d4c

----------------
IN: 
0x000f7cfa:  66 b8 02 00 00 00        movl     $2, %eax
0x000f7d00:  66 e8 ad ee ff ff        calll    0xf6bb3

----------------
IN: 
0x000f6c15:  8c d0                    movw     %ss, %ax
0x000f6c17:  66 b9 80 da 00 00        movl     $0xda80, %ecx
0x000f6c1d:  8e c1                    movw     %cx, %es
0x000f6c1f:  26 a3 20 fa              movw     %ax, %es:0xfa20
0x000f6c23:  e4 70                    inb      $0x70, %al

----------------
IN: 
0x000f7d06:  66 89 de                 movl     %ebx, %esi
0x000f7d09:  66 89 e5                 movl     %esp, %ebp
0x000f7d0c:  66 8c d0                 movl     %ss, %eax
0x000f7d0f:  66 c1 e0 04              shll     $4, %eax
0x000f7d13:  66 01 c4                 addl     %eax, %esp
0x000f7d16:  66 b8 b5 00 00 00        movl     $0xb5, %eax
0x000f7d1c:  66 b9 34 12 00 00        movl     $0x1234, %ecx
0x000f7d22:  66 bb 2d 7d 0f 00        movl     $0xf7d2d, %ebx
0x000f7d28:  e6 b2                    outb     %al, $0xb2

----------------
IN: 
0x000a8000:  8c c8                    movw     %cs, %ax
0x000a8002:  ea 6e d0 00 f0           ljmpw    $0xf000:$0xd06e

----------------
IN: 
0x000f0c65:  3c b5                    cmpb     $0xb5, %al
0x000f0c67:  0f 85 a3 01 00 00        jne      0xf0e10

----------------
IN: 
0x000f0c6d:  81 fa 00 00 02 00        cmpl     $0x20000, %edx
0x000f0c73:  0f 85 b5 00 00 00        jne      0xf0d2e

----------------
IN: 
0x000f0d2e:  81 fa 64 00 02 00        cmpl     $0x20064, %edx
0x000f0d34:  0f 85 d6 00 00 00        jne      0xf0e10

----------------
IN: 
0x000f0d3a:  8d 7c 24 08              leal     8(%esp), %edi
0x000f0d3e:  8d b3 c0 ff 00 00        leal     0xffc0(%ebx), %esi
0x000f0d44:  b9 10 00 00 00           movl     $0x10, %ecx
0x000f0d49:  f3 a5                    rep movsl (%esi), %es:(%edi)

----------------
IN: 
0x000f0d4b:  8b 83 e0 ff 00 00        movl     0xffe0(%ebx), %eax
0x000f0d51:  8b 93 e4 ff 00 00        movl     0xffe4(%ebx), %edx
0x000f0d57:  89 04 24                 movl     %eax, (%esp)
0x000f0d5a:  89 54 24 04              movl     %edx, 4(%esp)
0x000f0d5e:  8b 83 f0 ff 00 00        movl     0xfff0(%ebx), %eax
0x000f0d64:  3d 34 12 00 00           cmpl     $0x1234, %eax
0x000f0d69:  75 59                    jne      0xf0dc4

----------------
IN: 
0x000f0d6b:  8d bb 00 02 00 00        leal     0x200(%ebx), %edi
0x000f0d71:  b9 80 00 00 00           movl     $0x80, %ecx
0x000f0d76:  8d b3 00 fe 00 00        leal     0xfe00(%ebx), %esi
0x000f0d7c:  f3 a5                    rep movsl (%esi), %es:(%edi)

----------------
IN: 
0x000f0d7e:  b9 80 00 00 00           movl     $0x80, %ecx
0x000f0d83:  8d bb 00 fe 00 00        leal     0xfe00(%ebx), %edi
0x000f0d89:  89 de                    movl     %ebx, %esi
0x000f0d8b:  f3 a5                    rep movsl (%esi), %es:(%edi)

----------------
IN: 
0x000f0d8d:  8d bb c0 ff 00 00        leal     0xffc0(%ebx), %edi
0x000f0d93:  b9 10 00 00 00           movl     $0x10, %ecx
0x000f0d98:  8d 74 24 08              leal     8(%esp), %esi
0x000f0d9c:  f3 a5                    rep movsl (%esi), %es:(%edi)

----------------
IN: 
0x000f0d9e:  8b 04 24                 movl     (%esp), %eax
0x000f0da1:  31 d2                    xorl     %edx, %edx
0x000f0da3:  89 83 78 ff 00 00        movl     %eax, 0xff78(%ebx)
0x000f0da9:  89 93 7c ff 00 00        movl     %edx, 0xff7c(%ebx)
0x000f0daf:  b8 01 00 00 00           movl     $1, %eax
0x000f0db4:  e8 87 94 ff ff           calll    0xea240

----------------
IN: 
0x000ea240:  89 c1                    movl     %eax, %ecx
0x000ea242:  e4 92                    inb      $0x92, %al

----------------
IN: 
0x000ea244:  88 c2                    movb     %al, %dl
0x000ea246:  d0 ea                    shrb     $1, %dl
0x000ea248:  83 e2 01                 andl     $1, %edx
0x000ea24b:  83 e1 01                 andl     $1, %ecx
0x000ea24e:  38 ca                    cmpb     %cl, %dl
0x000ea250:  74 05                    je       0xea257

----------------
IN: 
0x000ea257:  88 d0                    movb     %dl, %al
0x000ea259:  c3                       retl     

----------------
IN: 
0x000f0db9:  0f b6 c0                 movzbl   %al, %eax
0x000f0dbc:  89 83 00 04 00 00        movl     %eax, 0x400(%ebx)
0x000f0dc2:  eb 4c                    jmp      0xf0e10

----------------
IN: 
0x000f7d2d:  89 f0                    movl     %esi, %eax
0x000f7d2f:  ff d7                    calll    *%edi

----------------
IN: 
0x06ffee71:  55                       pushl    %ebp
0x06ffee72:  57                       pushl    %edi
0x06ffee73:  56                       pushl    %esi
0x06ffee74:  53                       pushl    %ebx
0x06ffee75:  83 ec 08                 subl     $8, %esp
0x06ffee78:  89 c3                    movl     %eax, %ebx
0x06ffee7a:  0f b7 00                 movzwl   (%eax), %eax
0x06ffee7d:  89 c6                    movl     %eax, %esi
0x06ffee7f:  50                       pushl    %eax
0x06ffee80:  68 9e 42 0f 00           pushl    $0xf429e
0x06ffee85:  e8 98 e0 0e f9           calll    0xecf22

----------------
IN: 
0x06ffee8a:  5d                       popl     %ebp
0x06ffee8b:  58                       popl     %eax
0x06ffee8c:  66 83 fe 01              cmpw     $1, %si
0x06ffee90:  0f 84 55 01 00 00        je       0x6ffefeb

----------------
IN: 
0x06ffee96:  66 83 fe 02              cmpw     $2, %si
0x06ffee9a:  0f 84 80 01 00 00        je       0x6fff020

----------------
IN: 
0x06ffeea0:  66 85 f6                 testw    %si, %si
0x06ffeea3:  0f 85 88 01 00 00        jne      0x6fff031

----------------
IN: 
0x06ffeea9:  8b 73 02                 movl     2(%ebx), %esi
0x06ffeeac:  66 8b 53 0a              movw     0xa(%ebx), %dx
0x06ffeeb0:  89 d0                    movl     %edx, %eax
0x06ffeeb2:  66 83 e0 08              andw     $8, %ax
0x06ffeeb6:  66 89 04 24              movw     %ax, (%esp)
0x06ffeeba:  75 0c                    jne      0x6ffeec8

----------------
IN: 
0x06ffeec8:  bf 84 fe ff 06           movl     $0x6fffe84, %edi
0x06ffeecd:  b8 88 fe ff 06           movl     $0x6fffe88, %eax
0x06ffeed2:  85 f6                    testl    %esi, %esi
0x06ffeed4:  75 45                    jne      0x6ffef1b

----------------
IN: 
0x06ffef1b:  c1 e6 04                 shll     $4, %esi
0x06ffef1e:  85 f6                    testl    %esi, %esi
0x06ffef20:  7e c7                    jle      0x6ffeee9

----------------
IN: 
0x06ffef22:  8b 6b 06                 movl     6(%ebx), %ebp
0x06ffef25:  b9 10 00 00 00           movl     $0x10, %ecx
0x06ffef2a:  f6 c2 04                 testb    $4, %dl
0x06ffef2d:  74 16                    je       0x6ffef45

----------------
IN: 
0x06ffef45:  83 e2 03                 andl     $3, %edx
0x06ffef48:  66 83 fa 02              cmpw     $2, %dx
0x06ffef4c:  74 0e                    je       0x6ffef5c

----------------
IN: 
0x06ffef4e:  66 83 fa 03              cmpw     $3, %dx
0x06ffef52:  74 52                    je       0x6ffefa6

----------------
IN: 
0x06ffef54:  66 4a                    decw     %dx
0x06ffef56:  89 f2                    movl     %esi, %edx
0x06ffef58:  74 63                    je       0x6ffefbd

----------------
IN: 
0x06ffefbd:  e8 95 f9 fe ff           calll    0x6fee957

----------------
IN: 
0x06ffefc2:  89 c3                    movl     %eax, %ebx
0x06ffefc4:  85 c0                    testl    %eax, %eax
0x06ffefc6:  0f 84 1d ff ff ff        je       0x6ffeee9

----------------
IN: 
0x06ffefcc:  83 fd ff                 cmpl     $-1, %ebp
0x06ffefcf:  74 63                    je       0x6fff034

----------------
IN: 
0x06fff034:  89 d8                    movl     %ebx, %eax
0x06fff036:  83 c4 08                 addl     $8, %esp
0x06fff039:  5b                       popl     %ebx
0x06fff03a:  5e                       popl     %esi
0x06fff03b:  5f                       popl     %edi
0x06fff03c:  5d                       popl     %ebp
0x06fff03d:  c3                       retl     

----------------
IN: 
0x000f7d31:  89 c6                    movl     %eax, %esi
0x000f7d33:  b8 b5 00 00 00           movl     $0xb5, %eax
0x000f7d38:  b9 78 56 00 00           movl     $0x5678, %ecx
0x000f7d3d:  bb 47 7d 00 00           movl     $0x7d47, %ebx
0x000f7d42:  e6 b2                    outb     %al, $0xb2

----------------
IN: 
0x000f0dc4:  3d 78 56 00 00           cmpl     $0x5678, %eax
0x000f0dc9:  75 45                    jne      0xf0e10

----------------
IN: 
0x000f0dcb:  8d b3 00 02 00 00        leal     0x200(%ebx), %esi
0x000f0dd1:  b9 80 00 00 00           movl     $0x80, %ecx
0x000f0dd6:  8d bb 00 fe 00 00        leal     0xfe00(%ebx), %edi
0x000f0ddc:  f3 a5                    rep movsl (%esi), %es:(%edi)

----------------
IN: 
0x000f0dde:  8d bb c0 ff 00 00        leal     0xffc0(%ebx), %edi
0x000f0de4:  b9 10 00 00 00           movl     $0x10, %ecx
0x000f0de9:  8d 74 24 08              leal     8(%esp), %esi
0x000f0ded:  f3 a5                    rep movsl (%esi), %es:(%edi)

----------------
IN: 
0x000f0def:  83 bb 00 04 00 00 00     cmpl     $0, 0x400(%ebx)
0x000f0df6:  75 07                    jne      0xf0dff

----------------
IN: 
0x000f0dff:  8b 04 24                 movl     (%esp), %eax
0x000f0e02:  31 d2                    xorl     %edx, %edx
0x000f0e04:  89 83 78 ff 00 00        movl     %eax, 0xff78(%ebx)
0x000f0e0a:  89 93 7c ff 00 00        movl     %edx, 0xff7c(%ebx)
0x000f0e10:  8d 65 f4                 leal     -0xc(%ebp), %esp
0x000f0e13:  5b                       popl     %ebx
0x000f0e14:  5e                       popl     %esi
0x000f0e15:  5f                       popl     %edi
0x000f0e16:  5d                       popl     %ebp
0x000f0e17:  c3                       retl     

----------------
IN: 
0x000f7d47:  66 89 ec                 movl     %ebp, %esp
0x000f7d4a:  eb 47                    jmp      0xf7d93

----------------
IN: 
0x000f7d93:  66 e8 95 f2 ff ff        calll    0xf702e

----------------
IN: 
0x000f7d99:  66 89 f0                 movl     %esi, %eax
0x000f7d9c:  66 5b                    popl     %ebx
0x000f7d9e:  66 5e                    popl     %esi
0x000f7da0:  66 5f                    popl     %edi
0x000f7da2:  66 5d                    popl     %ebp
0x000f7da4:  66 c3                    retl     

----------------
IN: 
0x000fd103:  67 89 44 24 1c           movw     %ax, 0x1c(%esp)
0x000fd108:  66 c1 e8 10              shrl     $0x10, %eax
0x000fd10c:  67 89 44 24 14           movw     %ax, 0x14(%esp)
0x000fd111:  1f                       popw     %ds
0x000fd112:  07                       popw     %es
0x000fd113:  66 5f                    popl     %edi
0x000fd115:  66 5e                    popl     %esi
0x000fd117:  66 5d                    popl     %ebp
0x000fd119:  66 5b                    popl     %ebx
0x000fd11b:  66 5a                    popl     %edx
0x000fd11d:  66 59                    popl     %ecx
0x000fd11f:  66 58                    popl     %eax
0x000fd121:  66 9d                    popfl    

----------------
IN: 
0x000fd123:  66 5c                    popl     %esp
0x000fd125:  cb                       lretw    

----------------
IN: 
0x000c3c82:  66 83 c4 10              addl     $0x10, %esp
0x000c3c86:  fa                       cli      
0x000c3c87:  fc                       cld      
0x000c3c88:  66 c1 e2 10              shll     $0x10, %edx
0x000c3c8c:  66 0f b7 c0              movzwl   %ax, %eax
0x000c3c90:  66 89 d3                 movl     %edx, %ebx
0x000c3c93:  66 09 c3                 orl      %eax, %ebx
0x000c3c96:  66 89 d8                 movl     %ebx, %eax
0x000c3c99:  9c                       pushfw   
0x000c3c9a:  66 83 c0 ff              addl     $-1, %eax
0x000c3c9e:  9d                       popfw    

----------------
IN: 
0x000c3c9f:  66 83 f8 fd              cmpl     $-3, %eax
0x000c3ca3:  77 4b                    ja       0xc3cf0

----------------
IN: 
0x000c3ca5:  66 53                    pushl    %ebx
0x000c3ca7:  66 68 bd 58 00 00        pushl    $0x58bd
0x000c3cad:  50                       pushw    %ax
0x000c3cae:  e8 ce e7                 callw    0xc247f

----------------
IN: 
0x000c3cb1:  66 58                    popl     %eax
0x000c3cb3:  66 5a                    popl     %edx
0x000c3cb5:  8c c8                    movw     %cs, %ax
0x000c3cb7:  8e c0                    movw     %ax, %es
0x000c3cb9:  66 c1 eb 04              shrl     $4, %ebx
0x000c3cbd:  26 89 1e 78 98           movw     %bx, %es:0x9878
0x000c3cc2:  66 89 c2                 movl     %eax, %edx
0x000c3cc5:  66 c1 e2 10              shll     $0x10, %edx
0x000c3cc9:  66 b8 33 56 00 00        movl     $0x5633, %eax
0x000c3ccf:  66 0f b7 c0              movzwl   %ax, %eax
0x000c3cd3:  66 09 d0                 orl      %edx, %eax
0x000c3cd6:  66 31 d2                 xorl     %edx, %edx
0x000c3cd9:  8e c2                    movw     %dx, %es
0x000c3cdb:  26 66 a3 40 00           movl     %eax, %es:0x40
0x000c3ce0:  eb 0e                    jmp      0xc3cf0

----------------
IN: 
0x000c3cf0:  8c c8                    movw     %cs, %ax
0x000c3cf2:  8e c0                    movw     %ax, %es
0x000c3cf4:  66 b8 01 00 00 00        movl     $1, %eax
0x000c3cfa:  26 66 a3 70 98           movl     %eax, %es:0x9870
0x000c3cff:  66 31 c0                 xorl     %eax, %eax
0x000c3d02:  26 a2 06 00              movb     %al, %es:6
0x000c3d06:  2e 8a 16 02 00           movb     %cs:2, %dl
0x000c3d0b:  66 0f b6 d2              movzbl   %dl, %edx
0x000c3d0f:  66 c1 e2 09              shll     $9, %edx
0x000c3d13:  66 31 c9                 xorl     %ecx, %ecx
0x000c3d16:  66 39 d1                 cmpl     %edx, %ecx
0x000c3d19:  73 0b                    jae      0xc3d26

----------------
IN: 
0x000c3d1b:  26 67 8a 19              movb     %es:(%ecx), %bl
0x000c3d1f:  66 01 d8                 addl     %ebx, %eax
0x000c3d22:  66 41                    incl     %ecx
0x000c3d24:  eb f0                    jmp      0xc3d16

----------------
IN: 
0x000c3d16:  66 39 d1                 cmpl     %edx, %ecx
0x000c3d19:  73 0b                    jae      0xc3d26

----------------
IN: 
0x000c3d26:  8c ca                    movw     %cs, %dx
0x000c3d28:  8e c2                    movw     %dx, %es
0x000c3d2a:  66 f7 d8                 negl     %eax
0x000c3d2d:  26 a2 06 00              movb     %al, %es:6
0x000c3d31:  8d 66 f4                 leaw     -0xc(%bp), %sp
0x000c3d34:  66 5b                    popl     %ebx
0x000c3d36:  66 5e                    popl     %esi
0x000c3d38:  66 5f                    popl     %edi
0x000c3d3a:  66 5d                    popl     %ebp
0x000c3d3c:  c2 02 00                 retw     $2

----------------
IN: 
0x000c55e7:  66 89 dc                 movl     %ebx, %esp
0x000c55ea:  1f                       popw     %ds
0x000c55eb:  07                       popw     %es
0x000c55ec:  66 5f                    popl     %edi
0x000c55ee:  66 5e                    popl     %esi
0x000c55f0:  66 5d                    popl     %ebp
0x000c55f2:  66 5b                    popl     %ebx
0x000c55f4:  66 5a                    popl     %edx
0x000c55f6:  66 59                    popl     %ecx
0x000c55f8:  66 58                    popl     %eax
0x000c55fa:  cb                       lretw    

----------------
IN: 
0x000eefee:  e8 6e db ff ff           calll    0xecb61

----------------
IN: 
0x000ecb61:  e8 ff d6 ff ff           calll    0xea265

----------------
IN: 
0x000ecb66:  85 c0                    testl    %eax, %eax
0x000ecb68:  75 05                    jne      0xecb6f

----------------
IN: 
0x000ecb6a:  e9 c5 ff ff ff           jmp      0xecb34

----------------
IN: 
0x000eeff3:  83 c4 34                 addl     $0x34, %esp
0x000eeff6:  5b                       popl     %ebx
0x000eeff7:  5e                       popl     %esi
0x000eeff8:  5f                       popl     %edi
0x000eeff9:  c3                       retl     

----------------
IN: 
0x06ff55ab:  0f b6 5b 02              movzbl   2(%ebx), %ebx
0x06ff55af:  c1 e3 09                 shll     $9, %ebx
0x06ff55b2:  89 d8                    movl     %ebx, %eax
0x06ff55b4:  e8 93 6e ff ff           calll    0x6fec44c

----------------
IN: 
0x06ff55b9:  85 c0                    testl    %eax, %eax
0x06ff55bb:  75 16                    jne      0x6ff55d3

----------------
IN: 
0x06ff55d3:  a1 60 fe ff 06           movl     0x6fffe60, %eax
0x06ff55d8:  8d 84 03 ff 07 00 00     leal     0x7ff(%ebx, %eax), %eax
0x06ff55df:  25 00 f8 ff ff           andl     $0xfffff800, %eax
0x06ff55e4:  a3 60 fe ff 06           movl     %eax, 0x6fffe60
0x06ff55e9:  83 c4 24                 addl     $0x24, %esp
0x06ff55ec:  5b                       popl     %ebx
0x06ff55ed:  5e                       popl     %esi
0x06ff55ee:  5f                       popl     %edi
0x06ff55ef:  5d                       popl     %ebp
0x06ff55f0:  c3                       retl     

----------------
IN: 
0x06ff56ff:  0f b7 d7                 movzwl   %di, %edx
0x06ff5702:  81 ca 00 00 00 f0        orl      $0xf0000000, %edx
0x06ff5708:  3b 15 64 00 00 00        cmpl     0x64, %edx
0x06ff570e:  0f 95 c2                 setne    %dl
0x06ff5711:  8b 4c 24 0c              movl     0xc(%esp), %ecx
0x06ff5715:  39 4c 24 08              cmpl     %ecx, 8(%esp)
0x06ff5719:  0f 94 c1                 sete     %cl
0x06ff571c:  21 ca                    andl     %ecx, %edx
0x06ff571e:  8b 04 24                 movl     (%esp), %eax
0x06ff5721:  09 e8                    orl      %ebp, %eax
0x06ff5723:  0f 94 c1                 sete     %cl
0x06ff5726:  84 ca                    testb    %cl, %dl
0x06ff5728:  74 30                    je       0x6ff575a

----------------
IN: 
0x06ff575a:  83 c4 24                 addl     $0x24, %esp
0x06ff575d:  5b                       popl     %ebx
0x06ff575e:  5e                       popl     %esi
0x06ff575f:  5f                       popl     %edi
0x06ff5760:  5d                       popl     %ebp
0x06ff5761:  c3                       retl     

----------------
IN: 
0x06ffbd8a:  eb 65                    jmp      0x6ffbdf1

----------------
IN: 
0x06ffbdf1:  31 c9                    xorl     %ecx, %ecx
0x06ffbdf3:  ba 01 00 00 00           movl     $1, %edx
0x06ffbdf8:  b8 38 38 0f 00           movl     $0xf3838, %eax
0x06ffbdfd:  e8 ef 97 ff ff           calll    0x6ff55f1

----------------
IN: 
0x06ff55f1:  55                       pushl    %ebp
0x06ff55f2:  57                       pushl    %edi
0x06ff55f3:  56                       pushl    %esi
0x06ff55f4:  53                       pushl    %ebx
0x06ff55f5:  89 c5                    movl     %eax, %ebp
0x06ff55f7:  89 d7                    movl     %edx, %edi
0x06ff55f9:  89 ce                    movl     %ecx, %esi
0x06ff55fb:  31 db                    xorl     %ebx, %ebx
0x06ff55fd:  89 da                    movl     %ebx, %edx
0x06ff55ff:  89 e8                    movl     %ebp, %eax
0x06ff5601:  e8 d0 6e ff ff           calll    0x6fec4d6

----------------
IN: 
0x06fec4d6:  57                       pushl    %edi
0x06fec4d7:  56                       pushl    %esi
0x06fec4d8:  53                       pushl    %ebx
0x06fec4d9:  89 c6                    movl     %eax, %esi
0x06fec4db:  89 d1                    movl     %edx, %ecx
0x06fec4dd:  e8 1e df 0f f9           calll    0xea400

----------------
IN: 
0x06fec4e2:  89 c7                    movl     %eax, %edi
0x06fec4e4:  8b 1d 5c fe ff 06        movl     0x6fffe5c, %ebx
0x06fec4ea:  85 c9                    testl    %ecx, %ecx
0x06fec4ec:  74 16                    je       0x6fec504

----------------
IN: 
0x06fec504:  85 db                    testl    %ebx, %ebx
0x06fec506:  75 ea                    jne      0x6fec4f2

----------------
IN: 
0x06fec4f2:  8d 53 04                 leal     4(%ebx), %edx
0x06fec4f5:  89 f9                    movl     %edi, %ecx
0x06fec4f7:  89 f0                    movl     %esi, %eax
0x06fec4f9:  e8 0f df 0f f9           calll    0xea40d

----------------
IN: 
0x06fec4fe:  85 c0                    testl    %eax, %eax
0x06fec500:  74 06                    je       0x6fec508

----------------
IN: 
0x06fec502:  8b 1b                    movl     (%ebx), %ebx
0x06fec504:  85 db                    testl    %ebx, %ebx
0x06fec506:  75 ea                    jne      0x6fec4f2

----------------
IN: 
0x06fec508:  89 d8                    movl     %ebx, %eax
0x06fec50a:  5b                       popl     %ebx
0x06fec50b:  5e                       popl     %esi
0x06fec50c:  5f                       popl     %edi
0x06fec50d:  c3                       retl     

----------------
IN: 
0x06ff5606:  89 c3                    movl     %eax, %ebx
0x06ff5608:  85 c0                    testl    %eax, %eax
0x06ff560a:  74 2a                    je       0x6ff5636

----------------
IN: 
0x06ff5636:  5b                       popl     %ebx
0x06ff5637:  5e                       popl     %esi
0x06ff5638:  5f                       popl     %edi
0x06ff5639:  5d                       popl     %ebp
0x06ff563a:  c3                       retl     

----------------
IN: 
0x06ffbe02:  31 c0                    xorl     %eax, %eax
0x06ffbe04:  e8 43 06 ff ff           calll    0x6fec44c

----------------
IN: 
0x06ffbe09:  81 3d 60 fe ff 06 00 00  cmpl     $0xc0000, 0x6fffe60
0x06ffbe11:  0c 00
0x06ffbe13:  74 0a                    je       0x6ffbe1f

----------------
IN: 
0x06ffbe15:  c7 05 e4 4d 0f 00 00 00  movl     $0xc0000, 0xf4de4
0x06ffbe1d:  0c 00
0x06ffbe1f:  31 d2                    xorl     %edx, %edx
0x06ffbe21:  31 c9                    xorl     %ecx, %ecx
0x06ffbe23:  b8 2f 20 0f 00           movl     $0xf202f, %eax
0x06ffbe28:  e8 8e 23 ff ff           calll    0x6fee1bb

----------------
IN: 
0x06fecc83:  57                       pushl    %edi
0x06fecc84:  56                       pushl    %esi
0x06fecc85:  89 ce                    movl     %ecx, %esi
0x06fecc87:  8b 88 84 00 00 00        movl     0x84(%eax), %ecx
0x06fecc8d:  39 ce                    cmpl     %ecx, %esi
0x06fecc8f:  72 12                    jb       0x6fecca3

----------------
IN: 
0x06fecc91:  8b b0 8c 00 00 00        movl     0x8c(%eax), %esi
0x06fecc97:  89 d7                    movl     %edx, %edi
0x06fecc99:  f3 a4                    rep movsb (%esi), %es:(%edi)

----------------
IN: 
0x06fecc9b:  8b 80 84 00 00 00        movl     0x84(%eax), %eax
0x06fecca1:  eb 03                    jmp      0x6fecca6

----------------
IN: 
0x06fecca6:  5e                       popl     %esi
0x06fecca7:  5f                       popl     %edi
0x06fecca8:  c3                       retl     

----------------
IN: 
0x06ffbe2d:  89 c3                    movl     %eax, %ebx
0x06ffbe2f:  66 85 c0                 testw    %ax, %ax
0x06ffbe32:  0f 84 9c 00 00 00        je       0x6ffbed4

----------------
IN: 
0x06ffbe38:  0f b7 c0                 movzwl   %ax, %eax
0x06ffbe3b:  50                       pushl    %eax
0x06ffbe3c:  68 41 38 0f 00           pushl    $0xf3841
0x06ffbe41:  e8 dc 10 0f f9           calll    0xecf22

----------------
IN: 
0x06ffbe46:  8b 3d 40 00 00 00        movl     0x40, %edi
0x06ffbe4c:  66 8b 35 42 00 00 00     movw     0x42, %si
0x06ffbe53:  bd 65 f0 0f 00           movl     $0xff065, %ebp
0x06ffbe58:  58                       popl     %eax
0x06ffbe59:  5a                       popl     %edx
0x06ffbe5a:  66 81 fe 00 f0           cmpw     $0xf000, %si
0x06ffbe5f:  75 05                    jne      0x6ffbe66

----------------
IN: 
0x06ffbe66:  0f b7 c7                 movzwl   %di, %eax
0x06ffbe69:  50                       pushl    %eax
0x06ffbe6a:  0f b7 c6                 movzwl   %si, %eax
0x06ffbe6d:  50                       pushl    %eax
0x06ffbe6e:  68 5c 38 0f 00           pushl    $0xf385c
0x06ffbe73:  e8 aa 10 0f f9           calll    0xecf22

----------------
IN: 
0x06ffbe78:  66 89 3d 24 61 0f 00     movw     %di, 0xf6124
0x06ffbe7f:  66 89 35 26 61 0f 00     movw     %si, 0xf6126
0x06ffbe86:  c6 05 d2 99 0e 00 01     movb     $1, 0xe99d2
0x06ffbe8d:  83 c4 0c                 addl     $0xc, %esp
0x06ffbe90:  eb 1b                    jmp      0x6ffbead

----------------
IN: 
0x06ffbead:  b8 a2 d2 0f 00           movl     $0xfd2a2, %eax
0x06ffbeb2:  66 a3 40 00 00 00        movw     %ax, 0x40
0x06ffbeb8:  66 c7 05 42 00 00 00 00  movw     $0xf000, 0x42
0x06ffbec0:  f0
0x06ffbec1:  66 89 1d d4 99 0e 00     movw     %bx, 0xe99d4
0x06ffbec8:  8d 53 03                 leal     3(%ebx), %edx
0x06ffbecb:  b0 03                    movb     $3, %al
0x06ffbecd:  ee                       outb     %al, %dx

----------------
IN: 
0x06ffbece:  8d 53 02                 leal     2(%ebx), %edx
0x06ffbed1:  b0 01                    movb     $1, %al
0x06ffbed3:  ee                       outb     %al, %dx

----------------
IN: 
0x06ffbed4:  e8 be 67 ff ff           calll    0x6ff2697

----------------
IN: 
0x06ff2697:  55                       pushl    %ebp
0x06ff2698:  57                       pushl    %edi
0x06ff2699:  56                       pushl    %esi
0x06ff269a:  53                       pushl    %ebx
0x06ff269b:  83 ec 68                 subl     $0x68, %esp
0x06ff269e:  68 90 1d 0f 00           pushl    $0xf1d90
0x06ff26a3:  e8 7a a8 0f f9           calll    0xecf22

----------------
IN: 
0x06ff26a8:  b9 26 00 00 00           movl     $0x26, %ecx
0x06ff26ad:  31 d2                    xorl     %edx, %edx
0x06ff26af:  8d 44 24 46              leal     0x46(%esp), %eax
0x06ff26b3:  e8 6e 90 0f f9           calll    0xeb726

----------------
IN: 
0x06ff26b8:  66 c7 44 24 62 03 00     movw     $3, 0x62(%esp)
0x06ff26bf:  e8 fe bd ff ff           calll    0x6fee4c2

----------------
IN: 
0x06fee4c2:  89 c1                    movl     %eax, %ecx
0x06fee4c4:  66 c7 40 24 00 02        movw     $0x200, 0x24(%eax)
0x06fee4ca:  e8 cd d9 0f f9           calll    0xebe9c

----------------
IN: 
0x06fee4cf:  ba 5f d0 0f 00           movl     $0xfd05f, %edx
0x06fee4d4:  0f b7 d2                 movzwl   %dx, %edx
0x06fee4d7:  89 c8                    movl     %ecx, %eax
0x06fee4d9:  e8 9b e9 0f f9           calll    0xece79

----------------
IN: 
0x000ece79:  66 89 50 20              movw     %dx, 0x20(%eax)
0x000ece7d:  66 c7 40 22 00 f0        movw     $0xf000, 0x22(%eax)
0x000ece83:  0f b7 15 20 a2 0e 00     movzwl   0xea220, %edx
0x000ece8a:  89 d1                    movl     %edx, %ecx
0x000ece8c:  c1 e1 04                 shll     $4, %ecx
0x000ece8f:  29 c8                    subl     %ecx, %eax
0x000ece91:  b9 42 81 0f 00           movl     $0xf8142, %ecx
0x000ece96:  e9 f7 fb ff ff           jmp      0xeca92

----------------
IN: 
0x000fd05f:  cd 10                    int      $0x10

----------------
IN: 
0x000fd2a2:  9c                       pushfw   
0x000fd2a3:  2e 66 ff 36 24 61        pushl    %cs:0x6124
0x000fd2a9:  fa                       cli      
0x000fd2aa:  fc                       cld      
0x000fd2ab:  1e                       pushw    %ds
0x000fd2ac:  66 50                    pushl    %eax
0x000fd2ae:  66 b8 80 da 00 00        movl     $0xda80, %eax
0x000fd2b4:  8e d8                    movw     %ax, %ds
0x000fd2b6:  66 89 e0                 movl     %esp, %eax
0x000fd2b9:  66 68 c1 d2 00 00        pushl    $0xd2c1
0x000fd2bf:  66 c3                    retl     

----------------
IN: 
0x000fd2c1:  66 39 e0                 cmpl     %esp, %eax
0x000fd2c4:  75 1c                    jne      0xfd2e2

----------------
IN: 
0x000fd2c6:  80 3e d1 f1 00           cmpb     $0, 0xf1d1
0x000fd2cb:  74 0c                    je       0xfd2d9

----------------
IN: 
0x000fd2d9:  66 58                    popl     %eax
0x000fd2db:  1f                       popw     %ds
0x000fd2dc:  83 f8 07                 cmpw     $7, %ax
0x000fd2df:  7e ef                    jle      0xfd2d0

----------------
IN: 
0x000fd2d0:  66 68 91 c5 00 00        pushl    $0xc591
0x000fd2d6:  e9 9d 00                 jmp      0xfd376

----------------
IN: 
0x000fd376:  fa                       cli      
0x000fd377:  fc                       cld      
0x000fd378:  1e                       pushw    %ds
0x000fd379:  66 50                    pushl    %eax
0x000fd37b:  66 b8 80 da 00 00        movl     $0xda80, %eax
0x000fd381:  8e d8                    movw     %ax, %ds
0x000fd383:  66 a1 10 f2              movl     0xf210, %eax
0x000fd387:  66 83 e8 30              subl     $0x30, %eax
0x000fd38b:  67 66 8f 40 1c           popl     0x1c(%eax)
0x000fd390:  67 8f 00                 popw     (%eax)
0x000fd393:  67 66 89 78 04           movl     %edi, 4(%eax)
0x000fd398:  67 66 89 70 08           movl     %esi, 8(%eax)
0x000fd39d:  67 66 89 68 0c           movl     %ebp, 0xc(%eax)
0x000fd3a2:  67 66 89 58 10           movl     %ebx, 0x10(%eax)
0x000fd3a7:  67 66 89 50 14           movl     %edx, 0x14(%eax)
0x000fd3ac:  67 66 89 48 18           movl     %ecx, 0x18(%eax)
0x000fd3b1:  67 8c 40 02              movw     %es, 2(%eax)
0x000fd3b5:  66 59                    popl     %ecx
0x000fd3b7:  67 66 89 60 28           movl     %esp, 0x28(%eax)
0x000fd3bc:  67 8c 50 2c              movw     %ss, 0x2c(%eax)
0x000fd3c0:  67 66 8f 40 20           popl     0x20(%eax)
0x000fd3c5:  67 8f 40 24              popw     0x24(%eax)
0x000fd3c9:  8c da                    movw     %ds, %dx
0x000fd3cb:  8e d2                    movw     %dx, %ss

----------------
IN: 
0x000fd3cd:  66 89 c4                 movl     %eax, %esp

----------------
IN: 
0x000fd3d0:  66 ff d1                 calll    *%ecx

----------------
IN: 
0x000fc591:  66 57                    pushl    %edi
0x000fc593:  66 56                    pushl    %esi
0x000fc595:  66 53                    pushl    %ebx
0x000fc597:  66 89 c3                 movl     %eax, %ebx
0x000fc59a:  66 be 80 da 00 00        movl     $0xda80, %esi
0x000fc5a0:  8e c6                    movw     %si, %es
0x000fc5a2:  26 a1 d4 f1              movw     %es:0xf1d4, %ax
0x000fc5a6:  85 c0                    testw    %ax, %ax
0x000fc5a8:  0f 84 c6 03              je       0xfc972

----------------
IN: 
0x000fc5ac:  67 8a 43 1d              movb     0x1d(%ebx), %al
0x000fc5b0:  3c 0f                    cmpb     $0xf, %al
0x000fc5b2:  77 17                    ja       0xfc5cb

----------------
IN: 
0x000fc5b4:  66 ba 0e 81 00 00        movl     $0x810e, %edx
0x000fc5ba:  66 0f a3 c2              btl      %eax, %edx
0x000fc5be:  73 0b                    jae      0xfc5cb

----------------
IN: 
0x000fc5cb:  3c 08                    cmpb     $8, %al
0x000fc5cd:  0f 84 f6 01              je       0xfc7c7

----------------
IN: 
0x000fc5d1:  77 1f                    ja       0xfc5f2

----------------
IN: 
0x000fc5d3:  3c 02                    cmpb     $2, %al
0x000fc5d5:  0f 84 2f 01              je       0xfc708

----------------
IN: 
0x000fc5d9:  77 08                    ja       0xfc5e3

----------------
IN: 
0x000fc5db:  84 c0                    testb    %al, %al
0x000fc5dd:  0f 85 14 01              jne      0xfc6f5

----------------
IN: 
0x000fc5e1:  eb 2f                    jmp      0xfc612

----------------
IN: 
0x000fc612:  67 66 0f b6 7b 1c        movzbl   0x1c(%ebx), %edi
0x000fc618:  8e c6                    movw     %si, %es
0x000fc61a:  26 a0 d2 f1              movb     %es:0xf1d2, %al
0x000fc61e:  84 c0                    testb    %al, %al
0x000fc620:  75 54                    jne      0xfc676

----------------
IN: 
0x000fc676:  8e c6                    movw     %si, %es
0x000fc678:  66 f7 c7 78 00 00 00     testl    $0x78, %edi
0x000fc67f:  0f 94 c0                 sete     %al
0x000fc682:  26 a2 d1 f1              movb     %al, %es:0xf1d1
0x000fc686:  66 31 c0                 xorl     %eax, %eax
0x000fc689:  26 a2 cf f1              movb     %al, %es:0xf1cf
0x000fc68d:  26 a2 ce f1              movb     %al, %es:0xf1ce
0x000fc691:  26 a2 d0 f1              movb     %al, %es:0xf1d0
0x000fc695:  66 b8 1b 00 00 00        movl     $0x1b, %eax
0x000fc69b:  66 e8 3a 29 00 00        calll    0xfefdb

----------------
IN: 
0x000fefdb:  66 57                    pushl    %edi
0x000fefdd:  66 56                    pushl    %esi
0x000fefdf:  66 53                    pushl    %ebx
0x000fefe1:  88 c3                    movb     %al, %bl
0x000fefe3:  66 b8 80 da 00 00        movl     $0xda80, %eax
0x000fefe9:  8e c0                    movw     %ax, %es
0x000fefeb:  26 8b 36 d4 f1           movw     %es:0xf1d4, %si
0x000feff0:  66 b8 40 00 00 00        movl     $0x40, %eax
0x000feff6:  8e c0                    movw     %ax, %es
0x000feff8:  26 66 8b 16 6c 00        movl     %es:0x6c, %edx

----------------
IN: 
0x000feffe:  67 66 8d 42 0b           leal     0xb(%edx), %eax

----------------
IN: 
0x000ff003:  66 b9 b0 00 18 00        movl     $0x1800b0, %ecx
0x000ff009:  66 31 d2                 xorl     %edx, %edx
0x000ff00c:  66 f7 f1                 divl     %ecx
0x000ff00f:  66 89 d7                 movl     %edx, %edi
0x000ff012:  67 66 8d 56 05           leal     5(%esi), %edx
0x000ff017:  ec                       inb      %dx, %al

----------------
IN: 
0x000ff018:  66 f7 d0                 notl     %eax
0x000ff01b:  a8 60                    testb    $0x60, %al
0x000ff01d:  75 08                    jne      0xff027

----------------
IN: 
0x000ff01f:  88 d8                    movb     %bl, %al
0x000ff021:  66 89 f2                 movl     %esi, %edx
0x000ff024:  ee                       outb     %al, %dx

----------------
IN: 
0x000ff025:  eb 16                    jmp      0xff03d

----------------
IN: 
0x000ff03d:  66 5b                    popl     %ebx
0x000ff03f:  66 5e                    popl     %esi
0x000ff041:  66 5f                    popl     %edi
0x000ff043:  66 c3                    retl     

----------------
IN: 
0x000fc6a1:  66 b8 63 00 00 00        movl     $0x63, %eax
0x000fc6a7:  66 e8 2e 29 00 00        calll    0xfefdb

----------------
IN: 
0x000fc6ad:  66 b8 1b 00 00 00        movl     $0x1b, %eax
0x000fc6b3:  66 e8 22 29 00 00        calll    0xfefdb

----------------
IN: 
0x000fc6b9:  66 b8 5b 00 00 00        movl     $0x5b, %eax
0x000fc6bf:  66 e8 16 29 00 00        calll    0xfefdb

----------------
IN: 
0x000fc6c5:  66 b8 3f 00 00 00        movl     $0x3f, %eax
0x000fc6cb:  66 e8 0a 29 00 00        calll    0xfefdb

----------------
IN: 
0x000fc6d1:  66 b8 37 00 00 00        movl     $0x37, %eax
0x000fc6d7:  66 e8 fe 28 00 00        calll    0xfefdb

----------------
IN: 
0x000fc6dd:  66 b8 6c 00 00 00        movl     $0x6c, %eax
0x000fc6e3:  66 e8 f2 28 00 00        calll    0xfefdb

----------------
IN: 
0x000fc6e9:  66 89 f8                 movl     %edi, %eax
0x000fc6ec:  84 c0                    testb    %al, %al
0x000fc6ee:  0f 88 80 02              js       0xfc972

----------------
IN: 
0x000fc6f2:  e9 b4 00                 jmp      0xfc7a9

----------------
IN: 
0x000fc7a9:  66 5b                    popl     %ebx
0x000fc7ab:  66 5e                    popl     %esi
0x000fc7ad:  66 5f                    popl     %edi
0x000fc7af:  e9 65 c1                 jmp      0xf8917

----------------
IN: 
0x000f8917:  66 b8 1b 00 00 00        movl     $0x1b, %eax
0x000f891d:  66 e8 b8 66 00 00        calll    0xfefdb

----------------
IN: 
0x000f8923:  66 b8 5b 00 00 00        movl     $0x5b, %eax
0x000f8929:  66 e8 ac 66 00 00        calll    0xfefdb

----------------
IN: 
0x000f892f:  66 b8 32 00 00 00        movl     $0x32, %eax
0x000f8935:  66 e8 a0 66 00 00        calll    0xfefdb

----------------
IN: 
0x000f893b:  66 b8 4a 00 00 00        movl     $0x4a, %eax
0x000f8941:  e9 97 66                 jmp      0xfefdb

----------------
IN: 
0x000fd3d3:  66 89 e0                 movl     %esp, %eax
0x000fd3d6:  67 8e 50 2c              movw     0x2c(%eax), %ss

----------------
IN: 
0x000fd3da:  67 66 8b 60 28           movl     0x28(%eax), %esp

----------------
IN: 
0x000fd3df:  66 5a                    popl     %edx
0x000fd3e1:  5a                       popw     %dx
0x000fd3e2:  67 ff 70 24              pushw    0x24(%eax)
0x000fd3e6:  67 66 ff 70 20           pushl    0x20(%eax)
0x000fd3eb:  67 66 8b 78 04           movl     4(%eax), %edi
0x000fd3f0:  67 66 8b 70 08           movl     8(%eax), %esi
0x000fd3f5:  67 66 8b 68 0c           movl     0xc(%eax), %ebp
0x000fd3fa:  67 66 8b 58 10           movl     0x10(%eax), %ebx
0x000fd3ff:  67 66 8b 50 14           movl     0x14(%eax), %edx
0x000fd404:  67 66 8b 48 18           movl     0x18(%eax), %ecx
0x000fd409:  67 8e 40 02              movw     2(%eax), %es
0x000fd40d:  67 66 ff 70 1c           pushl    0x1c(%eax)
0x000fd412:  67 8e 18                 movw     (%eax), %ds
0x000fd415:  66 58                    popl     %eax
0x000fd417:  cf                       iretw    

----------------
IN: 
0x000c5633:  fa                       cli      
0x000c5634:  fc                       cld      
0x000c5635:  1e                       pushw    %ds
0x000c5636:  66 50                    pushl    %eax
0x000c5638:  b8 40 00                 movw     $0x40, %ax
0x000c563b:  8e d8                    movw     %ax, %ds
0x000c563d:  f6 06 b9 00 40           testb    $0x40, 0xb9
0x000c5642:  0f 84 97 00              je       0xc56dd

----------------
IN: 
0x000c56dd:  66 58                    popl     %eax
0x000c56df:  1f                       popw     %ds
0x000c56e0:  e9 18 ff                 jmp      0xc55fb

----------------
IN: 
0x000c55fb:  fa                       cli      
0x000c55fc:  fc                       cld      
0x000c55fd:  66 50                    pushl    %eax
0x000c55ff:  66 51                    pushl    %ecx
0x000c5601:  66 52                    pushl    %edx
0x000c5603:  66 53                    pushl    %ebx
0x000c5605:  66 55                    pushl    %ebp
0x000c5607:  66 56                    pushl    %esi
0x000c5609:  66 57                    pushl    %edi
0x000c560b:  06                       pushw    %es
0x000c560c:  1e                       pushw    %ds
0x000c560d:  8c d0                    movw     %ss, %ax
0x000c560f:  8e d8                    movw     %ax, %ds
0x000c5611:  66 89 e3                 movl     %esp, %ebx
0x000c5614:  66 0f b7 e4              movzwl   %sp, %esp
0x000c5618:  66 89 e0                 movl     %esp, %eax
0x000c561b:  50                       pushw    %ax
0x000c561c:  e8 5e f2                 callw    0xc487d

----------------
IN: 
0x000c487d:  66 55                    pushl    %ebp
0x000c487f:  66 89 e5                 movl     %esp, %ebp
0x000c4882:  66 57                    pushl    %edi
0x000c4884:  66 56                    pushl    %esi
0x000c4886:  66 53                    pushl    %ebx
0x000c4888:  66 83 ec 08              subl     $8, %esp
0x000c488c:  66 89 c3                 movl     %eax, %ebx
0x000c488f:  67 8a 40 1d              movb     0x1d(%eax), %al
0x000c4893:  3c 0c                    cmpb     $0xc, %al
0x000c4895:  0f 84 34 03              je       0xc4bcd

----------------
IN: 
0x000c4899:  77 7f                    ja       0xc491a

----------------
IN: 
0x000c489b:  3c 06                    cmpb     $6, %al
0x000c489d:  0f 84 0f 02              je       0xc4ab0

----------------
IN: 
0x000c48a1:  77 4b                    ja       0xc48ee

----------------
IN: 
0x000c48a3:  3c 03                    cmpb     $3, %al
0x000c48a5:  0f 84 65 01              je       0xc4a0e

----------------
IN: 
0x000c48a9:  77 0f                    ja       0xc48ba

----------------
IN: 
0x000c48ab:  3c 01                    cmpb     $1, %al
0x000c48ad:  0f 84 3a 01              je       0xc49eb

----------------
IN: 
0x000c48b1:  3c 02                    cmpb     $2, %al
0x000c48b3:  0f 85 d1 00              jne      0xc4988

----------------
IN: 
0x000c4988:  67 8a 43 1c              movb     0x1c(%ebx), %al
0x000c498c:  66 89 c6                 movl     %eax, %esi
0x000c498f:  66 83 e6 7f              andl     $0x7f, %esi
0x000c4993:  66 89 c1                 movl     %eax, %ecx
0x000c4996:  66 83 e1 7f              andl     $0x7f, %ecx
0x000c499a:  66 ba 40 00 00 00        movl     $0x40, %edx
0x000c49a0:  8e c2                    movw     %dx, %es
0x000c49a2:  26 8a 16 89 00           movb     %es:0x89, %dl
0x000c49a7:  66 83 e2 0a              andl     $0xa, %edx
0x000c49ab:  66 83 ca 01              orl      $1, %edx
0x000c49af:  84 c0                    testb    %al, %al
0x000c49b1:  79 03                    jns      0xc49b6

----------------
IN: 
0x000c49b6:  66 bf 20 00 00 00        movl     $0x20, %edi
0x000c49bc:  a8 78                    testb    $0x78, %al
0x000c49be:  75 13                    jne      0xc49d3

----------------
IN: 
0x000c49c0:  66 bf 3f 00 00 00        movl     $0x3f, %edi
0x000c49c6:  66 89 f0                 movl     %esi, %eax
0x000c49c9:  3c 06                    cmpb     $6, %al
0x000c49cb:  74 06                    je       0xc49d3

----------------
IN: 
0x000c49cd:  66 bf 30 00 00 00        movl     $0x30, %edi
0x000c49d3:  66 89 f8                 movl     %edi, %eax
0x000c49d6:  67 88 43 1c              movb     %al, 0x1c(%ebx)
0x000c49da:  66 89 c8                 movl     %ecx, %eax
0x000c49dd:  8d 66 f4                 leaw     -0xc(%bp), %sp
0x000c49e0:  66 5b                    popl     %ebx
0x000c49e2:  66 5e                    popl     %esi
0x000c49e4:  66 5f                    popl     %edi
0x000c49e6:  66 5d                    popl     %ebp
0x000c49e8:  e9 df e6                 jmp      0xc30ca

----------------
IN: 
0x000c30ca:  66 55                    pushl    %ebp
0x000c30cc:  66 89 e5                 movl     %esp, %ebp
0x000c30cf:  66 57                    pushl    %edi
0x000c30d1:  66 56                    pushl    %esi
0x000c30d3:  66 53                    pushl    %ebx
0x000c30d5:  66 83 ec 14              subl     $0x14, %esp
0x000c30d9:  67 66 89 45 e8           movl     %eax, -0x18(%ebp)
0x000c30de:  67 66 89 55 f0           movl     %edx, -0x10(%ebp)
0x000c30e3:  66 50                    pushl    %eax
0x000c30e5:  66 68 9b 57 00 00        pushl    $0x579b
0x000c30eb:  50                       pushw    %ax
0x000c30ec:  e8 90 f3                 callw    0xc247f

----------------
IN: 
0x000c30ef:  66 5a                    popl     %edx
0x000c30f1:  66 59                    popl     %ecx
0x000c30f3:  67 66 8b 45 e8           movl     -0x18(%ebp), %eax
0x000c30f8:  50                       pushw    %ax
0x000c30f9:  e8 41 f9                 callw    0xc2a3d

----------------
IN: 
0x000c2a3d:  66 55                    pushl    %ebp
0x000c2a3f:  66 89 e5                 movl     %esp, %ebp
0x000c2a42:  66 53                    pushl    %ebx
0x000c2a44:  66 89 c1                 movl     %eax, %ecx
0x000c2a47:  2e 66 8b 16 d0 5a        movl     %cs:0x5ad0, %edx
0x000c2a4d:  2e 66 a1 cc 5a           movl     %cs:0x5acc, %eax
0x000c2a52:  66 85 c0                 testl    %eax, %eax
0x000c2a55:  74 2f                    je       0xc2a86

----------------
IN: 
0x000c2a57:  66 6b d2 0e              imull    $0xe, %edx, %edx
0x000c2a5b:  66 81 c2 e0 5a 00 00     addl     $0x5ae0, %edx
0x000c2a62:  66 b8 e0 5a 00 00        movl     $0x5ae0, %eax
0x000c2a68:  66 39 d0                 cmpl     %edx, %eax
0x000c2a6b:  73 19                    jae      0xc2a86

----------------
IN: 
0x000c2a6d:  2e 67 8b 18              movw     %cs:(%eax), %bx
0x000c2a71:  66 0f b7 db              movzwl   %bx, %ebx
0x000c2a75:  66 39 d9                 cmpl     %ebx, %ecx
0x000c2a78:  75 06                    jne      0xc2a80

----------------
IN: 
0x000c2a80:  66 83 c0 0e              addl     $0xe, %eax
0x000c2a84:  eb e2                    jmp      0xc2a68

----------------
IN: 
0x000c2a68:  66 39 d0                 cmpl     %edx, %eax
0x000c2a6b:  73 19                    jae      0xc2a86

----------------
IN: 
0x000c2a86:  66 31 c0                 xorl     %eax, %eax
0x000c2a89:  2e 67 8b 90 e0 66 00 00  movw     %cs:0x66e0(%eax), %dx
0x000c2a91:  66 0f b7 d2              movzwl   %dx, %edx
0x000c2a95:  66 39 d1                 cmpl     %edx, %ecx
0x000c2a98:  75 08                    jne      0xc2aa2

----------------
IN: 
0x000c2aa2:  66 83 c0 2c              addl     $0x2c, %eax
0x000c2aa6:  66 3d c0 02 00 00        cmpl     $0x2c0, %eax
0x000c2aac:  75 db                    jne      0xc2a89

----------------
IN: 
0x000c2a89:  2e 67 8b 90 e0 66 00 00  movw     %cs:0x66e0(%eax), %dx
0x000c2a91:  66 0f b7 d2              movzwl   %dx, %edx
0x000c2a95:  66 39 d1                 cmpl     %edx, %ecx
0x000c2a98:  75 08                    jne      0xc2aa2

----------------
IN: 
0x000c2a9a:  66 05 e2 66 00 00        addl     $0x66e2, %eax
0x000c2aa0:  eb 0f                    jmp      0xc2ab1

----------------
IN: 
0x000c2ab1:  66 5b                    popl     %ebx
0x000c2ab3:  66 5d                    popl     %ebp
0x000c2ab5:  c2 02 00                 retw     $2

----------------
IN: 
0x000c30fc:  66 85 c0                 testl    %eax, %eax
0x000c30ff:  0f 84 5f 04              je       0xc3562

----------------
IN: 
0x000c3103:  66 89 c3                 movl     %eax, %ebx
0x000c3106:  2e 66 a1 cc 5a           movl     %cs:0x5acc, %eax
0x000c310b:  66 85 c0                 testl    %eax, %eax
0x000c310e:  74 17                    je       0xc3127

----------------
IN: 
0x000c3110:  66 b8 04 00 00 00        movl     $4, %eax
0x000c3116:  66 ba ce 01 00 00        movl     $0x1ce, %edx
0x000c311c:  ef                       outw     %ax, %dx

----------------
IN: 
0x000c311d:  66 31 c0                 xorl     %eax, %eax
0x000c3120:  66 ba cf 01 00 00        movl     $0x1cf, %edx
0x000c3126:  ef                       outw     %ax, %dx

----------------
IN: 
0x000c3127:  2e 66 a1 d0 5a           movl     %cs:0x5ad0, %eax
0x000c312c:  66 81 fb e2 5a 00 00     cmpl     $0x5ae2, %ebx
0x000c3133:  72 20                    jb       0xc3155

----------------
IN: 
0x000c3135:  66 6b c0 0e              imull    $0xe, %eax, %eax
0x000c3139:  66 05 d4 5a 00 00        addl     $0x5ad4, %eax
0x000c313f:  66 39 d8                 cmpl     %ebx, %eax
0x000c3142:  72 11                    jb       0xc3155

----------------
IN: 
0x000c3155:  67 66 8b 55 f0           movl     -0x10(%ebp), %edx
0x000c315a:  66 89 d8                 movl     %ebx, %eax
0x000c315d:  50                       pushw    %ax
0x000c315e:  e8 b7 f6                 callw    0xc2818

----------------
IN: 
0x000c2818:  66 55                    pushl    %ebp
0x000c281a:  66 89 e5                 movl     %esp, %ebp
0x000c281d:  66 57                    pushl    %edi
0x000c281f:  66 56                    pushl    %esi
0x000c2821:  66 53                    pushl    %ebx
0x000c2823:  66 51                    pushl    %ecx
0x000c2825:  67 66 89 55 f0           movl     %edx, -0x10(%ebp)
0x000c282a:  66 3d 76 69 00 00        cmpl     $0x6976, %eax
0x000c2830:  77 4b                    ja       0xc287d

----------------
IN: 
0x000c2832:  66 89 c3                 movl     %eax, %ebx
0x000c2835:  66 3d e2 66 00 00        cmpl     $0x66e2, %eax
0x000c283b:  72 40                    jb       0xc287d

----------------
IN: 
0x000c283d:  80 e2 08                 andb     $8, %dl
0x000c2840:  0f 85 91 00              jne      0xc28d5

----------------
IN: 
0x000c2844:  b0 ff                    movb     $0xff, %al
0x000c2846:  66 ba c6 03 00 00        movl     $0x3c6, %edx
0x000c284c:  ee                       outb     %al, %dx

----------------
IN: 
0x000c284d:  2e 67 66 8b 7b 0e        movl     %cs:0xe(%ebx), %edi
0x000c2853:  2e 67 8b 43 12           movw     %cs:0x12(%ebx), %ax
0x000c2858:  66 b9 03 00 00 00        movl     $3, %ecx
0x000c285e:  66 31 d2                 xorl     %edx, %edx
0x000c2861:  f7 f1                    divw     %cx
0x000c2863:  66 0f b7 f0              movzwl   %ax, %esi
0x000c2867:  8c c8                    movw     %cs, %ax
0x000c2869:  66 0f b7 c0              movzwl   %ax, %eax
0x000c286d:  66 56                    pushl    %esi
0x000c286f:  66 31 c9                 xorl     %ecx, %ecx
0x000c2872:  66 89 fa                 movl     %edi, %edx
0x000c2875:  50                       pushw    %ax
0x000c2876:  e8 e3 fa                 callw    0xc235c

----------------
IN: 
0x000c235c:  66 55                    pushl    %ebp
0x000c235e:  66 89 e5                 movl     %esp, %ebp
0x000c2361:  66 57                    pushl    %edi
0x000c2363:  66 56                    pushl    %esi
0x000c2365:  66 53                    pushl    %ebx
0x000c2367:  66 53                    pushl    %ebx
0x000c2369:  66 89 c7                 movl     %eax, %edi
0x000c236c:  66 89 d3                 movl     %edx, %ebx
0x000c236f:  66 89 c8                 movl     %ecx, %eax
0x000c2372:  67 66 8b 4d 08           movl     8(%ebp), %ecx
0x000c2377:  66 01 c8                 addl     %ecx, %eax
0x000c237a:  67 88 45 f0              movb     %al, -0x10(%ebp)
0x000c237e:  66 85 c9                 testl    %ecx, %ecx
0x000c2381:  74 47                    je       0xc23ca

----------------
IN: 
0x000c2383:  8e c7                    movw     %di, %es
0x000c2385:  26 67 8a 03              movb     %es:(%ebx), %al
0x000c2389:  67 88 45 f3              movb     %al, -0xd(%ebp)
0x000c238d:  26 67 8a 43 01           movb     %es:1(%ebx), %al
0x000c2392:  67 88 45 f2              movb     %al, -0xe(%ebp)
0x000c2396:  26 67 8a 43 02           movb     %es:2(%ebx), %al
0x000c239b:  67 88 45 f1              movb     %al, -0xf(%ebp)
0x000c239f:  66 83 c3 03              addl     $3, %ebx
0x000c23a3:  67 8a 45 f0              movb     -0x10(%ebp), %al
0x000c23a7:  66 29 c8                 subl     %ecx, %eax
0x000c23aa:  66 ba c8 03 00 00        movl     $0x3c8, %edx
0x000c23b0:  ee                       outb     %al, %dx

----------------
IN: 
0x000c23b1:  66 ba c9 03 00 00        movl     $0x3c9, %edx
0x000c23b7:  67 8a 45 f3              movb     -0xd(%ebp), %al
0x000c23bb:  ee                       outb     %al, %dx

----------------
IN: 
0x000c23bc:  67 8a 45 f2              movb     -0xe(%ebp), %al
0x000c23c0:  ee                       outb     %al, %dx

----------------
IN: 
0x000c23c1:  67 8a 45 f1              movb     -0xf(%ebp), %al
0x000c23c5:  ee                       outb     %al, %dx

----------------
IN: 
0x000c23c6:  66 49                    decl     %ecx
0x000c23c8:  eb b4                    jmp      0xc237e

----------------
IN: 
0x000c237e:  66 85 c9                 testl    %ecx, %ecx
0x000c2381:  74 47                    je       0xc23ca

----------------
IN: 
0x000c23ca:  66 58                    popl     %eax
0x000c23cc:  66 5b                    popl     %ebx
0x000c23ce:  66 5e                    popl     %esi
0x000c23d0:  66 5f                    popl     %edi
0x000c23d2:  66 5d                    popl     %ebp
0x000c23d4:  c2 02 00                 retw     $2

----------------
IN: 
0x000c2879:  66 58                    popl     %eax
0x000c287b:  eb 21                    jmp      0xc289e

----------------
IN: 
0x000c289e:  66 81 fe ff 00 00 00     cmpl     $0xff, %esi
0x000c28a5:  7f 1a                    jg       0xc28c1

----------------
IN: 
0x000c28a7:  66 89 f0                 movl     %esi, %eax
0x000c28aa:  66 ba c8 03 00 00        movl     $0x3c8, %edx
0x000c28b0:  ee                       outb     %al, %dx

----------------
IN: 
0x000c28b1:  66 ba c9 03 00 00        movl     $0x3c9, %edx
0x000c28b7:  66 31 c0                 xorl     %eax, %eax
0x000c28ba:  ee                       outb     %al, %dx

----------------
IN: 
0x000c28bb:  ee                       outb     %al, %dx

----------------
IN: 
0x000c28bc:  ee                       outb     %al, %dx

----------------
IN: 
0x000c28bd:  66 46                    incl     %esi
0x000c28bf:  eb dd                    jmp      0xc289e

----------------
IN: 
0x000c28c1:  67 f6 45 f0 02           testb    $2, -0x10(%ebp)
0x000c28c6:  74 0d                    je       0xc28d5

----------------
IN: 
0x000c28d5:  2e 67 66 8b 7b 22        movl     %cs:0x22(%ebx), %edi
0x000c28db:  66 31 f6                 xorl     %esi, %esi
0x000c28de:  2e 67 8a 14 37           movb     %cs:(%edi, %esi), %dl
0x000c28e3:  66 0f b6 d2              movzbl   %dl, %edx
0x000c28e7:  66 89 f0                 movl     %esi, %eax
0x000c28ea:  50                       pushw    %ax
0x000c28eb:  e8 24 e1                 callw    0xc0a12

----------------
IN: 
0x000c0a12:  66 55                    pushl    %ebp
0x000c0a14:  66 89 e5                 movl     %esp, %ebp
0x000c0a17:  66 56                    pushl    %esi
0x000c0a19:  66 53                    pushl    %ebx
0x000c0a1b:  88 c3                    movb     %al, %bl
0x000c0a1d:  88 d1                    movb     %dl, %cl
0x000c0a1f:  66 ba da 03 00 00        movl     $0x3da, %edx
0x000c0a25:  ec                       inb      %dx, %al

----------------
IN: 
0x000c0a26:  66 ba c0 03 00 00        movl     $0x3c0, %edx
0x000c0a2c:  ec                       inb      %dx, %al

----------------
IN: 
0x000c0a2d:  66 89 c6                 movl     %eax, %esi
0x000c0a30:  88 d8                    movb     %bl, %al
0x000c0a32:  ee                       outb     %al, %dx

----------------
IN: 
0x000c0a33:  88 c8                    movb     %cl, %al
0x000c0a35:  ee                       outb     %al, %dx

----------------
IN: 
0x000c0a36:  66 89 f0                 movl     %esi, %eax
0x000c0a39:  ee                       outb     %al, %dx

----------------
IN: 
0x000c0a3a:  66 5b                    popl     %ebx
0x000c0a3c:  66 5e                    popl     %esi
0x000c0a3e:  66 5d                    popl     %ebp
0x000c0a40:  c2 02 00                 retw     $2

----------------
IN: 
0x000c28ee:  66 46                    incl     %esi
0x000c28f0:  66 83 fe 14              cmpl     $0x14, %esi
0x000c28f4:  75 e8                    jne      0xc28de

----------------
IN: 
0x000c28de:  2e 67 8a 14 37           movb     %cs:(%edi, %esi), %dl
0x000c28e3:  66 0f b6 d2              movzbl   %dl, %edx
0x000c28e7:  66 89 f0                 movl     %esi, %eax
0x000c28ea:  50                       pushw    %ax
0x000c28eb:  e8 24 e1                 callw    0xc0a12

----------------
IN: 
0x000c28f6:  66 31 d2                 xorl     %edx, %edx
0x000c28f9:  66 b8 14 00 00 00        movl     $0x14, %eax
0x000c28ff:  50                       pushw    %ax
0x000c2900:  e8 0f e1                 callw    0xc0a12

----------------
IN: 
0x000c2903:  66 b8 00 03 00 00        movl     $0x300, %eax
0x000c2909:  66 ba c4 03 00 00        movl     $0x3c4, %edx
0x000c290f:  ef                       outw     %ax, %dx

----------------
IN: 
0x000c2910:  2e 67 66 8b 73 16        movl     %cs:0x16(%ebx), %esi
0x000c2916:  66 b9 01 00 00 00        movl     $1, %ecx
0x000c291c:  2e 67 8a 44 0e ff        movb     %cs:-1(%esi, %ecx), %al
0x000c2922:  66 c1 e0 08              shll     $8, %eax
0x000c2926:  66 09 c8                 orl      %ecx, %eax
0x000c2929:  ef                       outw     %ax, %dx

----------------
IN: 
0x000c292a:  66 41                    incl     %ecx
0x000c292c:  66 83 f9 05              cmpl     $5, %ecx
0x000c2930:  75 ea                    jne      0xc291c

----------------
IN: 
0x000c291c:  2e 67 8a 44 0e ff        movb     %cs:-1(%esi, %ecx), %al
0x000c2922:  66 c1 e0 08              shll     $8, %eax
0x000c2926:  66 09 c8                 orl      %ecx, %eax
0x000c2929:  ef                       outw     %ax, %dx

----------------
IN: 
0x000c2932:  2e 67 66 8b 73 26        movl     %cs:0x26(%ebx), %esi
0x000c2938:  66 31 c9                 xorl     %ecx, %ecx
0x000c293b:  66 ba ce 03 00 00        movl     $0x3ce, %edx
0x000c2941:  2e 67 8a 04 0e           movb     %cs:(%esi, %ecx), %al
0x000c2946:  66 c1 e0 08              shll     $8, %eax
0x000c294a:  66 09 c8                 orl      %ecx, %eax
0x000c294d:  ef                       outw     %ax, %dx

----------------
IN: 
0x000c294e:  66 41                    incl     %ecx
0x000c2950:  66 83 f9 09              cmpl     $9, %ecx
0x000c2954:  75 eb                    jne      0xc2941

----------------
IN: 
0x000c2941:  2e 67 8a 04 0e           movb     %cs:(%esi, %ecx), %al
0x000c2946:  66 c1 e0 08              shll     $8, %eax
0x000c294a:  66 09 c8                 orl      %ecx, %eax
0x000c294d:  ef                       outw     %ax, %dx

----------------
IN: 
0x000c2956:  2e 67 8a 43 1a           movb     %cs:0x1a(%ebx), %al
0x000c295b:  66 89 c6                 movl     %eax, %esi
0x000c295e:  66 ba b4 03 00 00        movl     $0x3b4, %edx
0x000c2964:  a8 01                    testb    $1, %al
0x000c2966:  74 06                    je       0xc296e

----------------
IN: 
0x000c2968:  66 ba d4 03 00 00        movl     $0x3d4, %edx
0x000c296e:  66 b8 11 00 00 00        movl     $0x11, %eax
0x000c2974:  ef                       outw     %ax, %dx

----------------
IN: 
0x000c2975:  2e 67 66 8b 7b 1e        movl     %cs:0x1e(%ebx), %edi
0x000c297b:  66 31 c9                 xorl     %ecx, %ecx
0x000c297e:  2e 67 8a 04 0f           movb     %cs:(%edi, %ecx), %al
0x000c2983:  66 c1 e0 08              shll     $8, %eax
0x000c2987:  66 09 c8                 orl      %ecx, %eax
0x000c298a:  ef                       outw     %ax, %dx

----------------
IN: 
0x000c298b:  66 41                    incl     %ecx
0x000c298d:  66 83 f9 19              cmpl     $0x19, %ecx
0x000c2991:  75 eb                    jne      0xc297e

----------------
IN: 
0x000c297e:  2e 67 8a 04 0f           movb     %cs:(%edi, %ecx), %al
0x000c2983:  66 c1 e0 08              shll     $8, %eax
0x000c2987:  66 09 c8                 orl      %ecx, %eax
0x000c298a:  ef                       outw     %ax, %dx

----------------
IN: 
0x000c2993:  66 ba c2 03 00 00        movl     $0x3c2, %edx
0x000c2999:  66 89 f0                 movl     %esi, %eax
0x000c299c:  ee                       outb     %al, %dx

----------------
IN: 
0x000c299d:  66 ba da 03 00 00        movl     $0x3da, %edx
0x000c29a3:  ec                       inb      %dx, %al

----------------
IN: 
0x000c29a4:  b0 20                    movb     $0x20, %al
0x000c29a6:  66 ba c0 03 00 00        movl     $0x3c0, %edx
0x000c29ac:  ee                       outb     %al, %dx

----------------
IN: 
0x000c29ad:  67 66 8b 7d f0           movl     -0x10(%ebp), %edi
0x000c29b2:  66 81 e7 00 80 00 00     andl     $0x8000, %edi
0x000c29b9:  75 42                    jne      0xc29fd

----------------
IN: 
0x000c29bb:  2e 67 8a 03              movb     %cs:(%ebx), %al
0x000c29bf:  84 c0                    testb    %al, %al
0x000c29c1:  74 13                    je       0xc29d6

----------------
IN: 
0x000c29d6:  2e 67 8b 43 0a           movw     %cs:0xa(%ebx), %ax
0x000c29db:  8e c0                    movw     %ax, %es
0x000c29dd:  66 b9 00 40 00 00        movl     $0x4000, %ecx
0x000c29e3:  66 b8 20 07 00 00        movl     $0x720, %eax
0x000c29e9:  eb 10                    jmp      0xc29fb

----------------
IN: 
0x000c29fb:  f3 ab                    rep stosw %ax, %es:(%di)

----------------
IN: 
0x000c29fd:  2e 67 8a 03              movb     %cs:(%ebx), %al
0x000c2a01:  84 c0                    testb    %al, %al
0x000c2a03:  74 05                    je       0xc2a0a

----------------
IN: 
0x000c2a0a:  8c c8                    movw     %cs, %ax
0x000c2a0c:  66 0f b7 c0              movzwl   %ax, %eax
0x000c2a10:  66 6a 10                 pushl    $0x10
0x000c2a13:  66 6a 00                 pushl    $0
0x000c2a16:  66 6a 00                 pushl    $0
0x000c2a19:  66 b9 00 01 00 00        movl     $0x100, %ecx
0x000c2a1f:  66 ba 60 72 00 00        movl     $0x7260, %edx
0x000c2a25:  50                       pushw    %ax
0x000c2a26:  e8 4c dd                 callw    0xc0775

----------------
IN: 
0x000c0775:  66 55                    pushl    %ebp
0x000c0777:  66 89 e5                 movl     %esp, %ebp
0x000c077a:  66 57                    pushl    %edi
0x000c077c:  66 56                    pushl    %esi
0x000c077e:  66 53                    pushl    %ebx
0x000c0780:  66 83 ec 10              subl     $0x10, %esp
0x000c0784:  66 89 d3                 movl     %edx, %ebx
0x000c0787:  67 66 89 4d e4           movl     %ecx, -0x1c(%ebp)
0x000c078c:  67 66 8b 4d 0c           movl     0xc(%ebp), %ecx
0x000c0791:  67 89 45 f0              movw     %ax, -0x10(%ebp)
0x000c0795:  66 ba c4 03 00 00        movl     $0x3c4, %edx
0x000c079b:  66 b8 00 01 00 00        movl     $0x100, %eax
0x000c07a1:  ef                       outw     %ax, %dx

----------------
IN: 
0x000c07a2:  66 b8 02 04 00 00        movl     $0x402, %eax
0x000c07a8:  ef                       outw     %ax, %dx

----------------
IN: 
0x000c07a9:  66 b8 04 07 00 00        movl     $0x704, %eax
0x000c07af:  ef                       outw     %ax, %dx

----------------
IN: 
0x000c07b0:  66 b8 00 03 00 00        movl     $0x300, %eax
0x000c07b6:  ef                       outw     %ax, %dx

----------------
IN: 
0x000c07b7:  66 ba ce 03 00 00        movl     $0x3ce, %edx
0x000c07bd:  66 b8 04 02 00 00        movl     $0x204, %eax
0x000c07c3:  ef                       outw     %ax, %dx

----------------
IN: 
0x000c07c4:  66 b8 05 00 00 00        movl     $5, %eax
0x000c07ca:  ef                       outw     %ax, %dx

----------------
IN: 
0x000c07cb:  66 b8 06 04 00 00        movl     $0x406, %eax
0x000c07d1:  ef                       outw     %ax, %dx

----------------
IN: 
0x000c07d2:  67 66 0f b6 45 10        movzbl   0x10(%ebp), %eax
0x000c07d8:  67 66 89 45 ec           movl     %eax, -0x14(%ebp)
0x000c07dd:  66 89 c8                 movl     %ecx, %eax
0x000c07e0:  66 c1 e0 0b              shll     $0xb, %eax
0x000c07e4:  25 00 20                 andw     $0x2000, %ax
0x000c07e7:  66 c1 e1 0e              shll     $0xe, %ecx
0x000c07eb:  66 01 c1                 addl     %eax, %ecx
0x000c07ee:  66 0f b7 c9              movzwl   %cx, %ecx
0x000c07f2:  67 66 0f b7 45 08        movzwl   8(%ebp), %eax
0x000c07f8:  66 c1 e0 05              shll     $5, %eax
0x000c07fc:  66 01 c8                 addl     %ecx, %eax
0x000c07ff:  67 66 89 45 e8           movl     %eax, -0x18(%ebp)
0x000c0804:  67 c7 45 f2 00 00        movw     $0, -0xe(%ebp)
0x000c080a:  67 66 8b 7d e4           movl     -0x1c(%ebp), %edi
0x000c080f:  67 39 7d f2              cmpw     %di, -0xe(%ebp)
0x000c0813:  74 33                    je       0xc0848

----------------
IN: 
0x000c0815:  66 be 00 a0 ff ff        movl     $0xffffa000, %esi
0x000c081b:  8e c6                    movw     %si, %es
0x000c081d:  67 66 8b 4d ec           movl     -0x14(%ebp), %ecx
0x000c0822:  66 89 de                 movl     %ebx, %esi
0x000c0825:  67 66 8b 7d e8           movl     -0x18(%ebp), %edi
0x000c082a:  67 66 8b 45 f0           movl     -0x10(%ebp), %eax
0x000c082f:  8c da                    movw     %ds, %dx
0x000c0831:  8e d8                    movw     %ax, %ds
0x000c0833:  f3 a4                    rep movsb (%si), %es:(%di)

----------------
IN: 
0x000c0835:  8e da                    movw     %dx, %ds
0x000c0837:  67 ff 45 f2              incw     -0xe(%ebp)
0x000c083b:  67 66 03 5d ec           addl     -0x14(%ebp), %ebx
0x000c0840:  67 66 83 45 e8 20        addl     $0x20, -0x18(%ebp)
0x000c0846:  eb c2                    jmp      0xc080a

----------------
IN: 
0x000c080a:  67 66 8b 7d e4           movl     -0x1c(%ebp), %edi
0x000c080f:  67 39 7d f2              cmpw     %di, -0xe(%ebp)
0x000c0813:  74 33                    je       0xc0848

----------------
IN: 
0x000c0848:  66 ba c4 03 00 00        movl     $0x3c4, %edx
0x000c084e:  66 b8 00 01 00 00        movl     $0x100, %eax
0x000c0854:  ef                       outw     %ax, %dx

----------------
IN: 
0x000c0855:  66 b8 02 03 00 00        movl     $0x302, %eax
0x000c085b:  ef                       outw     %ax, %dx

----------------
IN: 
0x000c085c:  66 b8 04 03 00 00        movl     $0x304, %eax
0x000c0862:  ef                       outw     %ax, %dx

----------------
IN: 
0x000c0863:  66 b8 00 03 00 00        movl     $0x300, %eax
0x000c0869:  ef                       outw     %ax, %dx

----------------
IN: 
0x000c086a:  66 ba cc 03 00 00        movl     $0x3cc, %edx
0x000c0870:  ec                       inb      %dx, %al

----------------
IN: 
0x000c0871:  66 ba 0a 00 00 00        movl     $0xa, %edx
0x000c0877:  a8 01                    testb    $1, %al
0x000c0879:  74 06                    je       0xc0881

----------------
IN: 
0x000c087b:  66 ba 0e 00 00 00        movl     $0xe, %edx
0x000c0881:  66 89 d0                 movl     %edx, %eax
0x000c0884:  66 c1 e0 08              shll     $8, %eax
0x000c0888:  66 83 c8 06              orl      $6, %eax
0x000c088c:  66 ba ce 03 00 00        movl     $0x3ce, %edx
0x000c0892:  ef                       outw     %ax, %dx

----------------
IN: 
0x000c0893:  66 b8 04 00 00 00        movl     $4, %eax
0x000c0899:  ef                       outw     %ax, %dx

----------------
IN: 
0x000c089a:  66 b8 05 10 00 00        movl     $0x1005, %eax
0x000c08a0:  ef                       outw     %ax, %dx

----------------
IN: 
0x000c08a1:  66 83 c4 10              addl     $0x10, %esp
0x000c08a5:  66 5b                    popl     %ebx
0x000c08a7:  66 5e                    popl     %esi
0x000c08a9:  66 5f                    popl     %edi
0x000c08ab:  66 5d                    popl     %ebp
0x000c08ad:  c2 02 00                 retw     $2

----------------
IN: 
0x000c2a29:  66 83 c4 0c              addl     $0xc, %esp
0x000c2a2d:  eb d6                    jmp      0xc2a05

----------------
IN: 
0x000c2a05:  66 31 c0                 xorl     %eax, %eax
0x000c2a08:  eb 25                    jmp      0xc2a2f

----------------
IN: 
0x000c2a2f:  8d 66 f4                 leaw     -0xc(%bp), %sp
0x000c2a32:  66 5b                    popl     %ebx
0x000c2a34:  66 5e                    popl     %esi
0x000c2a36:  66 5f                    popl     %edi
0x000c2a38:  66 5d                    popl     %ebp
0x000c2a3a:  c2 02 00                 retw     $2

----------------
IN: 
0x000c3161:  66 85 c0                 testl    %eax, %eax
0x000c3164:  75 e8                    jne      0xc314e

----------------
IN: 
0x000c3166:  e9 15 02                 jmp      0xc337e

----------------
IN: 
0x000c337e:  2e 67 8b 7b 02           movw     %cs:2(%ebx), %di
0x000c3383:  66 0f b7 c7              movzwl   %di, %eax
0x000c3387:  67 66 89 45 e0           movl     %eax, -0x20(%ebp)
0x000c338c:  2e 67 8b 73 04           movw     %cs:4(%ebx), %si
0x000c3391:  66 0f b7 c6              movzwl   %si, %eax
0x000c3395:  67 66 89 45 e4           movl     %eax, -0x1c(%ebp)
0x000c339a:  2e 67 8a 03              movb     %cs:(%ebx), %al
0x000c339e:  67 88 45 ee              movb     %al, -0x12(%ebp)
0x000c33a2:  2e 67 8a 43 08           movb     %cs:8(%ebx), %al
0x000c33a7:  67 88 45 ef              movb     %al, -0x11(%ebp)
0x000c33ab:  66 b8 40 00 00 00        movl     $0x40, %eax
0x000c33b1:  67 66 81 7d e8 ff 00 00  cmpl     $0xff, -0x18(%ebp)
0x000c33b9:  00
0x000c33ba:  7f 08                    jg       0xc33c4

----------------
IN: 
0x000c33bc:  8e c0                    movw     %ax, %es
0x000c33be:  67 8a 45 e8              movb     -0x18(%ebp), %al
0x000c33c2:  eb 04                    jmp      0xc33c8

----------------
IN: 
0x000c33c8:  26 a2 49 00              movb     %al, %es:0x49
0x000c33cc:  66 b9 40 00 00 00        movl     $0x40, %ecx
0x000c33d2:  8e c1                    movw     %cx, %es
0x000c33d4:  67 66 8b 45 f0           movl     -0x10(%ebp), %eax
0x000c33d9:  25 00 fe                 andw     $0xfe00, %ax
0x000c33dc:  67 66 0b 45 e8           orl      -0x18(%ebp), %eax
0x000c33e1:  26 a3 ba 00              movw     %ax, %es:0xba
0x000c33e5:  8e c1                    movw     %cx, %es
0x000c33e7:  26 89 1e bc 00           movw     %bx, %es:0xbc
0x000c33ec:  8e c1                    movw     %cx, %es
0x000c33ee:  26 8a 16 b9 00           movb     %es:0xb9, %dl
0x000c33f3:  67 8a 45 f0              movb     -0x10(%ebp), %al
0x000c33f7:  66 c1 e0 06              shll     $6, %eax
0x000c33fb:  66 83 e0 40              andl     $0x40, %eax
0x000c33ff:  66 83 e2 bf              andl     $0xffffffbf, %edx
0x000c3403:  66 09 d0                 orl      %edx, %eax
0x000c3406:  26 a2 b9 00              movb     %al, %es:0xb9
0x000c340a:  67 80 7d ee 00           cmpb     $0, -0x12(%ebp)
0x000c340f:  75 20                    jne      0xc3431

----------------
IN: 
0x000c3411:  8e c1                    movw     %cx, %es
0x000c3413:  26 89 3e 4a 00           movw     %di, %es:0x4a
0x000c3418:  8e c1                    movw     %cx, %es
0x000c341a:  66 89 f0                 movl     %esi, %eax
0x000c341d:  9c                       pushfw   
0x000c341e:  66 83 c0 ff              addl     $-1, %eax
0x000c3422:  9d                       popfw    

----------------
IN: 
0x000c3423:  26 a2 84 00              movb     %al, %es:0x84
0x000c3427:  8e c1                    movw     %cx, %es
0x000c3429:  66 b8 07 06 00 00        movl     $0x607, %eax
0x000c342f:  eb 36                    jmp      0xc3467

----------------
IN: 
0x000c3467:  26 a3 60 00              movw     %ax, %es:0x60
0x000c346b:  67 66 0f b6 45 ee        movzbl   -0x12(%ebp), %eax
0x000c3471:  67 66 8b 4d e4           movl     -0x1c(%ebp), %ecx
0x000c3476:  67 66 8b 55 e0           movl     -0x20(%ebp), %edx
0x000c347b:  50                       pushw    %ax
0x000c347c:  e8 b0 cb                 callw    0xc002f

----------------
IN: 
0x000c347f:  66 b9 40 00 00 00        movl     $0x40, %ecx
0x000c3485:  8e c1                    movw     %cx, %es
0x000c3487:  26 a3 4c 00              movw     %ax, %es:0x4c
0x000c348b:  50                       pushw    %ax
0x000c348c:  e8 21 d4                 callw    0xc08b0

----------------
IN: 
0x000c08b0:  66 ba cc 03 00 00        movl     $0x3cc, %edx
0x000c08b6:  ec                       inb      %dx, %al

----------------
IN: 
0x000c08b7:  66 ba d4 03 00 00        movl     $0x3d4, %edx
0x000c08bd:  a8 01                    testb    $1, %al
0x000c08bf:  75 06                    jne      0xc08c7

----------------
IN: 
0x000c08c7:  66 89 d0                 movl     %edx, %eax
0x000c08ca:  c2 02 00                 retw     $2

----------------
IN: 
0x000c348f:  8e c1                    movw     %cx, %es
0x000c3491:  26 a3 63 00              movw     %ax, %es:0x63
0x000c3495:  8e c1                    movw     %cx, %es
0x000c3497:  67 66 0f b6 45 ef        movzbl   -0x11(%ebp), %eax
0x000c349d:  26 a3 85 00              movw     %ax, %es:0x85
0x000c34a1:  8e c1                    movw     %cx, %es
0x000c34a3:  67 66 8b 45 f0           movl     -0x10(%ebp), %eax
0x000c34a8:  66 c1 f8 08              sarl     $8, %eax
0x000c34ac:  66 83 e0 80              andl     $0xffffff80, %eax
0x000c34b0:  66 83 c8 60              orl      $0x60, %eax
0x000c34b4:  26 a2 87 00              movb     %al, %es:0x87
0x000c34b8:  8e c1                    movw     %cx, %es
0x000c34ba:  b0 f9                    movb     $0xf9, %al
0x000c34bc:  26 a2 88 00              movb     %al, %es:0x88
0x000c34c0:  8e c1                    movw     %cx, %es
0x000c34c2:  26 a0 89 00              movb     %es:0x89, %al
0x000c34c6:  66 83 e0 7f              andl     $0x7f, %eax
0x000c34ca:  26 a2 89 00              movb     %al, %es:0x89
0x000c34ce:  66 31 d2                 xorl     %edx, %edx
0x000c34d1:  66 31 c0                 xorl     %eax, %eax
0x000c34d4:  8e c1                    movw     %cx, %es
0x000c34d6:  26 67 89 44 12 50        movw     %ax, %es:0x50(%edx, %edx)
0x000c34dc:  66 42                    incl     %edx
0x000c34de:  66 83 fa 08              cmpl     $8, %edx
0x000c34e2:  75 f0                    jne      0xc34d4

----------------
IN: 
0x000c34d4:  8e c1                    movw     %cx, %es
0x000c34d6:  26 67 89 44 12 50        movw     %ax, %es:0x50(%edx, %edx)
0x000c34dc:  66 42                    incl     %edx
0x000c34de:  66 83 fa 08              cmpl     $8, %edx
0x000c34e2:  75 f0                    jne      0xc34d4

----------------
IN: 
0x000c34e4:  8e c1                    movw     %cx, %es
0x000c34e6:  26 a3 4e 00              movw     %ax, %es:0x4e
0x000c34ea:  8e c1                    movw     %cx, %es
0x000c34ec:  66 31 d2                 xorl     %edx, %edx
0x000c34ef:  26 88 16 62 00           movb     %dl, %es:0x62
0x000c34f4:  8c c9                    movw     %cs, %cx
0x000c34f6:  66 c1 e1 10              shll     $0x10, %ecx
0x000c34fa:  66 ba 60 94 00 00        movl     $0x9460, %edx
0x000c3500:  66 0f b7 d2              movzwl   %dx, %edx
0x000c3504:  66 09 ca                 orl      %ecx, %edx
0x000c3507:  8e c0                    movw     %ax, %es
0x000c3509:  26 66 89 16 7c 00        movl     %edx, %es:0x7c
0x000c350f:  67 80 7d ef 0e           cmpb     $0xe, -0x11(%ebp)
0x000c3514:  74 21                    je       0xc3537

----------------
IN: 
0x000c3516:  67 80 7d ef 10           cmpb     $0x10, -0x11(%ebp)
0x000c351b:  74 28                    je       0xc3545

----------------
IN: 
0x000c3545:  8c c9                    movw     %cs, %cx
0x000c3547:  66 c1 e1 10              shll     $0x10, %ecx
0x000c354b:  66 ba 60 72 00 00        movl     $0x7260, %edx
0x000c3551:  66 0f b7 d2              movzwl   %dx, %edx
0x000c3555:  66 09 ca                 orl      %ecx, %edx
0x000c3558:  8e c0                    movw     %ax, %es
0x000c355a:  26 66 89 16 0c 01        movl     %edx, %es:0x10c
0x000c3560:  eb c2                    jmp      0xc3524

----------------
IN: 
0x000c3524:  66 31 c0                 xorl     %eax, %eax
0x000c3527:  eb 3f                    jmp      0xc3568

----------------
IN: 
0x000c3568:  8d 66 f4                 leaw     -0xc(%bp), %sp
0x000c356b:  66 5b                    popl     %ebx
0x000c356d:  66 5e                    popl     %esi
0x000c356f:  66 5f                    popl     %edi
0x000c3571:  66 5d                    popl     %ebp
0x000c3573:  c2 02 00                 retw     $2

----------------
IN: 
0x000c561f:  66 89 dc                 movl     %ebx, %esp
0x000c5622:  1f                       popw     %ds
0x000c5623:  07                       popw     %es
0x000c5624:  66 5f                    popl     %edi
0x000c5626:  66 5e                    popl     %esi
0x000c5628:  66 5d                    popl     %ebp
0x000c562a:  66 5b                    popl     %ebx
0x000c562c:  66 5a                    popl     %edx
0x000c562e:  66 59                    popl     %ecx
0x000c5630:  66 58                    popl     %eax
0x000c5632:  cf                       iretw    

----------------
IN: 
0x000fd061:  cb                       lretw    

----------------
IN: 
0x06fee4de:  e9 7e e6 0f f9           jmp      0xecb61

----------------
IN: 
0x06ff26c4:  68 c0 4a 0f 00           pushl    $0xf4ac0
0x06ff26c9:  68 53 0f 0f 00           pushl    $0xf0f53
0x06ff26ce:  e8 06 c8 0f f9           calll    0xeeed9

----------------
IN: 
0x000eeed9:  8d 4c 24 08              leal     8(%esp), %ecx
0x000eeedd:  8b 54 24 04              movl     4(%esp), %edx
0x000eeee1:  b8 44 4a 0f 00           movl     $0xf4a44, %eax
0x000eeee6:  e8 ef d7 ff ff           calll    0xec6da

----------------
IN: 
0x000eceef:  53                       pushl    %ebx
0x000ecef0:  89 d3                    movl     %edx, %ebx
0x000ecef2:  83 3d e8 4d 0f 00 00     cmpl     $0, 0xf4de8
0x000ecef9:  74 0f                    je       0xecf0a

----------------
IN: 
0x000ecefb:  88 d0                    movb     %dl, %al
0x000ecefd:  66 8b 15 d4 60 0f 00     movw     0xf60d4, %dx
0x000ecf04:  66 85 d2                 testw    %dx, %dx
0x000ecf07:  74 01                    je       0xecf0a

----------------
IN: 
0x000ecf0a:  80 fb 0a                 cmpb     $0xa, %bl
0x000ecf0d:  75 0a                    jne      0xecf19

----------------
IN: 
0x000ecf19:  0f be c3                 movsbl   %bl, %eax
0x000ecf1c:  5b                       popl     %ebx
0x000ecf1d:  e9 79 ff ff ff           jmp      0xece9b

----------------
IN: 
0x000ece9b:  ba 65 f0 0f 00           movl     $0xff065, %edx
0x000ecea0:  0f b7 d2                 movzwl   %dx, %edx
0x000ecea3:  81 ca 00 00 00 f0        orl      $0xf0000000, %edx
0x000ecea9:  39 15 40 00 00 00        cmpl     %edx, 0x40
0x000eceaf:  74 3d                    je       0xeceee

----------------
IN: 
0x000eceb1:  53                       pushl    %ebx
0x000eceb2:  83 ec 28                 subl     $0x28, %esp
0x000eceb5:  89 c3                    movl     %eax, %ebx
0x000eceb7:  b9 26 00 00 00           movl     $0x26, %ecx
0x000ecebc:  31 d2                    xorl     %edx, %edx
0x000ecebe:  8d 44 24 02              leal     2(%esp), %eax
0x000ecec2:  e8 5f e8 ff ff           calll    0xeb726

----------------
IN: 
0x000ecec7:  66 c7 44 24 26 00 02     movw     $0x200, 0x26(%esp)
0x000ecece:  c6 44 24 1f 0e           movb     $0xe, 0x1f(%esp)
0x000eced3:  88 5c 24 1e              movb     %bl, 0x1e(%esp)
0x000eced7:  c6 44 24 12 07           movb     $7, 0x12(%esp)
0x000ecedc:  ba 5f d0 0f 00           movl     $0xfd05f, %edx
0x000ecee1:  0f b7 d2                 movzwl   %dx, %edx
0x000ecee4:  e8 90 ff ff ff           calll    0xece79

----------------
IN: 
0x000fd2cd:  66 58                    popl     %eax
0x000fd2cf:  1f                       popw     %ds
0x000fd2d0:  66 68 91 c5 00 00        pushl    $0xc591
0x000fd2d6:  e9 9d 00                 jmp      0xfd376

----------------
IN: 
0x000fc5f2:  3c 0f                    cmpb     $0xf, %al
0x000fc5f4:  0f 84 40 03              je       0xfc938

----------------
IN: 
0x000fc5f8:  77 0f                    ja       0xfc609

----------------
IN: 
0x000fc5fa:  3c 09                    cmpb     $9, %al
0x000fc5fc:  0f 84 d4 01              je       0xfc7d4

----------------
IN: 
0x000fc600:  3c 0e                    cmpb     $0xe, %al
0x000fc602:  0f 84 85 02              je       0xfc88b

----------------
IN: 
0x000fc88b:  67 66 0f b6 43 1c        movzbl   0x1c(%ebx), %eax
0x000fc891:  3c 0a                    cmpb     $0xa, %al
0x000fc893:  0f 84 86 00              je       0xfc91d

----------------
IN: 
0x000fc897:  77 0b                    ja       0xfc8a4

----------------
IN: 
0x000fc8a4:  3c 0d                    cmpb     $0xd, %al
0x000fc8a6:  75 7e                    jne      0xfc926

----------------
IN: 
0x000fc926:  66 b9 01 00 00 00        movl     $1, %ecx
0x000fc92c:  66 31 d2                 xorl     %edx, %edx
0x000fc92f:  66 5b                    popl     %ebx
0x000fc931:  66 5e                    popl     %esi
0x000fc933:  66 5f                    popl     %edi
0x000fc935:  e9 28 c2                 jmp      0xf8b60

----------------
IN: 
0x000f8b60:  66 55                    pushl    %ebp
0x000f8b62:  66 57                    pushl    %edi
0x000f8b64:  66 56                    pushl    %esi
0x000f8b66:  66 53                    pushl    %ebx
0x000f8b68:  66 89 c5                 movl     %eax, %ebp
0x000f8b6b:  66 89 d6                 movl     %edx, %esi
0x000f8b6e:  66 89 cf                 movl     %ecx, %edi
0x000f8b71:  66 e8 b1 e1 ff ff        calll    0xf6d28

----------------
IN: 
0x000f6d28:  66 b8 40 00 00 00        movl     $0x40, %eax
0x000f6d2e:  8e c0                    movw     %ax, %es
0x000f6d30:  26 a1 50 00              movw     %es:0x50, %ax
0x000f6d34:  66 0f b6 c4              movzbl   %ah, %eax
0x000f6d38:  66 c3                    retl     

----------------
IN: 
0x000f8b77:  88 c2                    movb     %al, %dl
0x000f8b79:  66 bb 80 da 00 00        movl     $0xda80, %ebx
0x000f8b7f:  8e c3                    movw     %bx, %es
0x000f8b81:  26 a0 ce f1              movb     %es:0xf1ce, %al
0x000f8b85:  38 c2                    cmpb     %al, %dl
0x000f8b87:  74 08                    je       0xf8b91

----------------
IN: 
0x000f8b91:  66 b8 40 00 00 00        movl     $0x40, %eax
0x000f8b97:  8e c0                    movw     %ax, %es
0x000f8b99:  26 a1 50 00              movw     %es:0x50, %ax
0x000f8b9d:  8e c3                    movw     %bx, %es
0x000f8b9f:  26 8a 16 cf f1           movb     %es:0xf1cf, %dl
0x000f8ba4:  38 c2                    cmpb     %al, %dl
0x000f8ba6:  75 e1                    jne      0xf8b89

----------------
IN: 
0x000f8ba8:  8e c3                    movw     %bx, %es
0x000f8baa:  66 89 e8                 movl     %ebp, %eax
0x000f8bad:  26 a2 cd f1              movb     %al, %es:0xf1cd
0x000f8bb1:  66 89 f8                 movl     %edi, %eax
0x000f8bb4:  84 c0                    testb    %al, %al
0x000f8bb6:  74 4e                    je       0xf8c06

----------------
IN: 
0x000f8bb8:  66 b8 40 00 00 00        movl     $0x40, %eax
0x000f8bbe:  8e c0                    movw     %ax, %es
0x000f8bc0:  26 8b 16 50 00           movw     %es:0x50, %dx
0x000f8bc5:  66 42                    incl     %edx
0x000f8bc7:  26 a1 4a 00              movw     %es:0x4a, %ax
0x000f8bcb:  38 c2                    cmpb     %al, %dl
0x000f8bcd:  72 1e                    jb       0xf8bed

----------------
IN: 
0x000f8bed:  66 e8 35 e1 ff ff        calll    0xf6d28

----------------
IN: 
0x000f8bf3:  66 0f b6 d2              movzbl   %dl, %edx
0x000f8bf7:  66 0f b6 c0              movzbl   %al, %eax
0x000f8bfb:  66 5b                    popl     %ebx
0x000f8bfd:  66 5e                    popl     %esi
0x000f8bff:  66 5f                    popl     %edi
0x000f8c01:  66 5d                    popl     %ebp
0x000f8c03:  e9 f9 5a                 jmp      0xfe6ff

----------------
IN: 
0x000fe6ff:  66 b9 80 da 00 00        movl     $0xda80, %ecx
0x000fe705:  8e c1                    movw     %cx, %es
0x000fe707:  26 8a 0e d2 f1           movb     %es:0xf1d2, %cl
0x000fe70c:  84 c9                    testb    %cl, %cl
0x000fe70e:  75 17                    jne      0xfe727

----------------
IN: 
0x000fe727:  66 c3                    retl     

----------------
IN: 
0x000c5646:  2e 8e 1e 78 98           movw     %cs:0x9878, %ds
0x000c564b:  66 b8 d0 01 00 00        movl     $0x1d0, %eax
0x000c5651:  67 66 8f 40 1c           popl     0x1c(%eax)
0x000c5656:  67 8f 00                 popw     (%eax)
0x000c5659:  67 66 89 78 04           movl     %edi, 4(%eax)
0x000c565e:  67 66 89 70 08           movl     %esi, 8(%eax)
0x000c5663:  67 66 89 68 0c           movl     %ebp, 0xc(%eax)
0x000c5668:  67 66 89 58 10           movl     %ebx, 0x10(%eax)
0x000c566d:  67 66 89 50 14           movl     %edx, 0x14(%eax)
0x000c5672:  67 66 89 48 18           movl     %ecx, 0x18(%eax)
0x000c5677:  67 8c 40 02              movw     %es, 2(%eax)
0x000c567b:  67 66 89 60 28           movl     %esp, 0x28(%eax)
0x000c5680:  67 8c 50 2c              movw     %ss, 0x2c(%eax)
0x000c5684:  67 66 8f 40 20           popl     0x20(%eax)
0x000c5689:  67 8f 40 24              popw     0x24(%eax)
0x000c568d:  8c da                    movw     %ds, %dx
0x000c568f:  8e d2                    movw     %dx, %ss

----------------
IN: 
0x000c5691:  66 89 c4                 movl     %eax, %esp

----------------
IN: 
0x000c5694:  50                       pushw    %ax
0x000c5695:  e8 e5 f1                 callw    0xc487d

----------------
IN: 
0x000c491a:  3c 12                    cmpb     $0x12, %al
0x000c491c:  0f 84 ee 08              je       0xc520e

----------------
IN: 
0x000c4920:  77 32                    ja       0xc4954

----------------
IN: 
0x000c4922:  3c 0f                    cmpb     $0xf, %al
0x000c4924:  0f 84 db 02              je       0xc4c03

----------------
IN: 
0x000c4928:  77 1d                    ja       0xc4947

----------------
IN: 
0x000c492a:  3c 0d                    cmpb     $0xd, %al
0x000c492c:  0f 85 bd 02              jne      0xc4bed

----------------
IN: 
0x000c4bed:  67 8a 53 1c              movb     0x1c(%ebx), %dl
0x000c4bf1:  67 8a 43 10              movb     0x10(%ebx), %al
0x000c4bf5:  8d 66 f4                 leaw     -0xc(%bp), %sp
0x000c4bf8:  66 5b                    popl     %ebx
0x000c4bfa:  66 5e                    popl     %esi
0x000c4bfc:  66 5f                    popl     %edi
0x000c4bfe:  66 5d                    popl     %ebp
0x000c4c00:  e9 18 d6                 jmp      0xc221b

----------------
IN: 
0x000c221b:  66 55                    pushl    %ebp
0x000c221d:  66 89 e5                 movl     %esp, %ebp
0x000c2220:  66 53                    pushl    %ebx
0x000c2222:  66 51                    pushl    %ecx
0x000c2224:  88 c1                    movb     %al, %cl
0x000c2226:  88 d3                    movb     %dl, %bl
0x000c2228:  66 b8 40 00 00 00        movl     $0x40, %eax
0x000c222e:  8e c0                    movw     %ax, %es
0x000c2230:  26 a0 62 00              movb     %es:0x62, %al
0x000c2234:  66 0f b6 c0              movzbl   %al, %eax
0x000c2238:  50                       pushw    %ax
0x000c2239:  e8 3d e9                 callw    0xc0b79

----------------
IN: 
0x000c0b79:  3c 07                    cmpb     $7, %al
0x000c0b7b:  76 06                    jbe      0xc0b83

----------------
IN: 
0x000c0b83:  66 ba 40 00 00 00        movl     $0x40, %edx
0x000c0b89:  8e c2                    movw     %dx, %es
0x000c0b8b:  66 0f b6 c0              movzbl   %al, %eax
0x000c0b8f:  26 67 8b 54 00 50        movw     %es:0x50(%eax, %eax), %dx
0x000c0b95:  66 c1 e0 10              shll     $0x10, %eax
0x000c0b99:  66 0f b7 d2              movzwl   %dx, %edx
0x000c0b9d:  66 09 d0                 orl      %edx, %eax
0x000c0ba0:  c2 02 00                 retw     $2

----------------
IN: 
0x000c223c:  67 66 89 45 f8           movl     %eax, -8(%ebp)
0x000c2241:  66 89 e8                 movl     %ebp, %eax
0x000c2244:  9c                       pushfw   
0x000c2245:  66 83 c0 f8              addl     $-8, %eax
0x000c2249:  9d                       popfw    

----------------
IN: 
0x000c224a:  66 6a 00                 pushl    $0
0x000c224d:  88 da                    movb     %bl, %dl
0x000c224f:  50                       pushw    %ax
0x000c2250:  e8 0e ff                 callw    0xc2161

----------------
IN: 
0x000c2161:  66 55                    pushl    %ebp
0x000c2163:  66 89 e5                 movl     %esp, %ebp
0x000c2166:  66 57                    pushl    %edi
0x000c2168:  66 56                    pushl    %esi
0x000c216a:  66 53                    pushl    %ebx
0x000c216c:  66 89 c3                 movl     %eax, %ebx
0x000c216f:  80 fa 0a                 cmpb     $0xa, %dl
0x000c2172:  74 27                    je       0xc219b

----------------
IN: 
0x000c2174:  77 0c                    ja       0xc2182

----------------
IN: 
0x000c2182:  80 fa 0d                 cmpb     $0xd, %dl
0x000c2185:  75 1a                    jne      0xc21a1

----------------
IN: 
0x000c21a1:  67 8a 45 08              movb     8(%ebp), %al
0x000c21a5:  66 50                    pushl    %eax
0x000c21a7:  66 89 d8                 movl     %ebx, %eax
0x000c21aa:  50                       pushw    %ax
0x000c21ab:  e8 a3 f8                 callw    0xc1a51

----------------
IN: 
0x000c1a51:  66 55                    pushl    %ebp
0x000c1a53:  66 89 e5                 movl     %esp, %ebp
0x000c1a56:  66 57                    pushl    %edi
0x000c1a58:  66 56                    pushl    %esi
0x000c1a5a:  66 53                    pushl    %ebx
0x000c1a5c:  66 53                    pushl    %ebx
0x000c1a5e:  66 89 c3                 movl     %eax, %ebx
0x000c1a61:  66 89 d7                 movl     %edx, %edi
0x000c1a64:  67 88 4d f0              movb     %cl, -0x10(%ebp)
0x000c1a68:  67 8a 00                 movb     (%eax), %al
0x000c1a6b:  67 88 45 f3              movb     %al, -0xd(%ebp)
0x000c1a6f:  67 8a 53 01              movb     1(%ebx), %dl
0x000c1a73:  67 8a 4b 02              movb     2(%ebx), %cl
0x000c1a77:  66 b8 40 00 00 00        movl     $0x40, %eax
0x000c1a7d:  8e c0                    movw     %ax, %es
0x000c1a7f:  26 8b 36 bc 00           movw     %es:0xbc, %si
0x000c1a84:  85 f6                    testw    %si, %si
0x000c1a86:  74 62                    je       0xc1aea

----------------
IN: 
0x000c1a88:  66 0f b7 f6              movzwl   %si, %esi
0x000c1a8c:  2e 67 8a 06              movb     %cs:(%esi), %al
0x000c1a90:  84 c0                    testb    %al, %al
0x000c1a92:  74 1b                    je       0xc1aaf

----------------
IN: 
0x000c1aaf:  67 8a 45 f3              movb     -0xd(%ebp), %al
0x000c1ab3:  50                       pushw    %ax
0x000c1ab4:  e8 ac f4                 callw    0xc0f63

----------------
IN: 
0x000c0f63:  66 55                    pushl    %ebp
0x000c0f65:  66 89 e5                 movl     %esp, %ebp
0x000c0f68:  66 57                    pushl    %edi
0x000c0f6a:  66 56                    pushl    %esi
0x000c0f6c:  66 53                    pushl    %ebx
0x000c0f6e:  66 0f b6 da              movzbl   %dl, %ebx
0x000c0f72:  66 ba 40 00 00 00        movl     $0x40, %edx
0x000c0f78:  8e c2                    movw     %dx, %es
0x000c0f7a:  26 8b 16 4a 00           movw     %es:0x4a, %dx
0x000c0f7f:  66 0f b6 f1              movzbl   %cl, %esi
0x000c0f83:  26 8b 0e 4c 00           movw     %es:0x4c, %cx
0x000c0f88:  66 0f b7 c9              movzwl   %cx, %ecx
0x000c0f8c:  66 0f af ce              imull    %esi, %ecx
0x000c0f90:  66 0f b6 c0              movzbl   %al, %eax
0x000c0f94:  66 01 c0                 addl     %eax, %eax
0x000c0f97:  66 01 c1                 addl     %eax, %ecx
0x000c0f9a:  66 0f b7 d2              movzwl   %dx, %edx
0x000c0f9e:  66 0f af d3              imull    %ebx, %edx
0x000c0fa2:  66 01 d2                 addl     %edx, %edx
0x000c0fa5:  66 89 d0                 movl     %edx, %eax
0x000c0fa8:  9c                       pushfw   
0x000c0fa9:  66 01 c8                 addl     %ecx, %eax
0x000c0fac:  9d                       popfw    

----------------
IN: 
0x000c0fad:  66 5b                    popl     %ebx
0x000c0faf:  66 5e                    popl     %esi
0x000c0fb1:  66 5f                    popl     %edi
0x000c0fb3:  66 5d                    popl     %ebp
0x000c0fb5:  c2 02 00                 retw     $2

----------------
IN: 
0x000c1ab7:  66 89 c2                 movl     %eax, %edx
0x000c1aba:  2e 67 8b 46 0a           movw     %cs:0xa(%esi), %ax
0x000c1abf:  67 80 7d 08 00           cmpb     $0, 8(%ebp)
0x000c1ac4:  74 1b                    je       0xc1ae1

----------------
IN: 
0x000c1ae1:  8e c0                    movw     %ax, %es
0x000c1ae3:  66 89 f8                 movl     %edi, %eax
0x000c1ae6:  26 67 88 02              movb     %al, %es:(%edx)
0x000c1aea:  67 8a 03                 movb     (%ebx), %al
0x000c1aed:  66 40                    incl     %eax
0x000c1aef:  67 88 03                 movb     %al, (%ebx)
0x000c1af2:  66 ba 40 00 00 00        movl     $0x40, %edx
0x000c1af8:  8e c2                    movw     %dx, %es
0x000c1afa:  26 8b 16 4a 00           movw     %es:0x4a, %dx
0x000c1aff:  66 0f b6 c0              movzbl   %al, %eax
0x000c1b03:  39 d0                    cmpw     %dx, %ax
0x000c1b05:  75 08                    jne      0xc1b0f

----------------
IN: 
0x000c1ae6:  26 67 88 02              movb     %al, %es:(%edx)

----------------
IN: 
0x000c1aea:  67 8a 03                 movb     (%ebx), %al
0x000c1aed:  66 40                    incl     %eax
0x000c1aef:  67 88 03                 movb     %al, (%ebx)
0x000c1af2:  66 ba 40 00 00 00        movl     $0x40, %edx
0x000c1af8:  8e c2                    movw     %dx, %es
0x000c1afa:  26 8b 16 4a 00           movw     %es:0x4a, %dx
0x000c1aff:  66 0f b6 c0              movzbl   %al, %eax
0x000c1b03:  39 d0                    cmpw     %dx, %ax
0x000c1b05:  75 08                    jne      0xc1b0f

----------------
IN: 
0x000c1b0f:  8d 66 f4                 leaw     -0xc(%bp), %sp
0x000c1b12:  66 5b                    popl     %ebx
0x000c1b14:  66 5e                    popl     %esi
0x000c1b16:  66 5f                    popl     %edi
0x000c1b18:  66 5d                    popl     %ebp
0x000c1b1a:  c2 02 00                 retw     $2

----------------
IN: 
0x000c21ae:  66 58                    popl     %eax
0x000c21b0:  66 ba 40 00 00 00        movl     $0x40, %edx
0x000c21b6:  8e c2                    movw     %dx, %es
0x000c21b8:  26 a0 84 00              movb     %es:0x84, %al
0x000c21bc:  66 89 c6                 movl     %eax, %esi
0x000c21bf:  67 8a 43 01              movb     1(%ebx), %al
0x000c21c3:  66 89 f1                 movl     %esi, %ecx
0x000c21c6:  38 c1                    cmpb     %al, %cl
0x000c21c8:  73 43                    jae      0xc220d

----------------
IN: 
0x000c220d:  8d 66 f4                 leaw     -0xc(%bp), %sp
0x000c2210:  66 5b                    popl     %ebx
0x000c2212:  66 5e                    popl     %esi
0x000c2214:  66 5f                    popl     %edi
0x000c2216:  66 5d                    popl     %ebp
0x000c2218:  c2 02 00                 retw     $2

----------------
IN: 
0x000c2253:  66 5b                    popl     %ebx
0x000c2255:  67 8a 4d fa              movb     -6(%ebp), %cl
0x000c2259:  67 8a 55 f9              movb     -7(%ebp), %dl
0x000c225d:  67 8a 45 f8              movb     -8(%ebp), %al
0x000c2261:  50                       pushw    %ax
0x000c2262:  e8 53 ed                 callw    0xc0fb8

----------------
IN: 
0x000c0fb8:  80 f9 07                 cmpb     $7, %cl
0x000c0fbb:  77 7e                    ja       0xc103b

----------------
IN: 
0x000c0fbd:  66 55                    pushl    %ebp
0x000c0fbf:  66 89 e5                 movl     %esp, %ebp
0x000c0fc2:  66 57                    pushl    %edi
0x000c0fc4:  66 56                    pushl    %esi
0x000c0fc6:  66 53                    pushl    %ebx
0x000c0fc8:  66 0f b6 d9              movzbl   %cl, %ebx
0x000c0fcc:  66 89 d6                 movl     %edx, %esi
0x000c0fcf:  66 89 c7                 movl     %eax, %edi
0x000c0fd2:  66 b8 40 00 00 00        movl     $0x40, %eax
0x000c0fd8:  8e c0                    movw     %ax, %es
0x000c0fda:  26 a0 62 00              movb     %es:0x62, %al
0x000c0fde:  38 d8                    cmpb     %bl, %al
0x000c0fe0:  75 32                    jne      0xc1014

----------------
IN: 
0x000c0fe2:  88 d9                    movb     %bl, %cl
0x000c0fe4:  66 89 f8                 movl     %edi, %eax
0x000c0fe7:  50                       pushw    %ax
0x000c0fe8:  e8 78 ff                 callw    0xc0f63

----------------
IN: 
0x000c0feb:  66 89 c1                 movl     %eax, %ecx
0x000c0fee:  50                       pushw    %ax
0x000c0fef:  e8 be f8                 callw    0xc08b0

----------------
IN: 
0x000c0ff2:  66 89 c2                 movl     %eax, %edx
0x000c0ff5:  66 89 c8                 movl     %ecx, %eax
0x000c0ff8:  66 c1 f8 09              sarl     $9, %eax
0x000c0ffc:  66 c1 e0 08              shll     $8, %eax

----------------
IN: 
0x000c1000:  66 83 c8 0e              orl      $0xe, %eax
0x000c1004:  ef                       outw     %ax, %dx

----------------
IN: 
0x000c1005:  66 89 c8                 movl     %ecx, %eax
0x000c1008:  66 d1 f8                 sarl     $1, %eax
0x000c100b:  66 c1 e0 08              shll     $8, %eax
0x000c100f:  66 83 c8 0f              orl      $0xf, %eax
0x000c1013:  ef                       outw     %ax, %dx

----------------
IN: 
0x000c1014:  66 b8 40 00 00 00        movl     $0x40, %eax
0x000c101a:  8e c0                    movw     %ax, %es
0x000c101c:  66 c1 e6 08              shll     $8, %esi
0x000c1020:  66 89 f8                 movl     %edi, %eax
0x000c1023:  66 0f b6 f8              movzbl   %al, %edi
0x000c1027:  66 09 fe                 orl      %edi, %esi
0x000c102a:  26 67 89 74 1b 50        movw     %si, %es:0x50(%ebx, %ebx)
0x000c1030:  66 5b                    popl     %ebx
0x000c1032:  66 5e                    popl     %esi
0x000c1034:  66 5f                    popl     %edi
0x000c1036:  66 5d                    popl     %ebp
0x000c1038:  c2 02 00                 retw     $2

----------------
IN: 
0x000c2265:  67 66 8b 5d fc           movl     -4(%ebp), %ebx
0x000c226a:  66 89 ec                 movl     %ebp, %esp
0x000c226d:  66 5d                    popl     %ebp
0x000c226f:  c2 02 00                 retw     $2

----------------
IN: 
0x000c5698:  66 89 e0                 movl     %esp, %eax
0x000c569b:  67 8e 50 2c              movw     0x2c(%eax), %ss

----------------
IN: 
0x000c569f:  67 66 8b 60 28           movl     0x28(%eax), %esp

----------------
IN: 
0x000c56a4:  66 5a                    popl     %edx
0x000c56a6:  5a                       popw     %dx
0x000c56a7:  67 ff 70 24              pushw    0x24(%eax)
0x000c56ab:  67 66 ff 70 20           pushl    0x20(%eax)
0x000c56b0:  67 66 8b 78 04           movl     4(%eax), %edi
0x000c56b5:  67 66 8b 70 08           movl     8(%eax), %esi
0x000c56ba:  67 66 8b 68 0c           movl     0xc(%eax), %ebp
0x000c56bf:  67 66 8b 58 10           movl     0x10(%eax), %ebx
0x000c56c4:  67 66 8b 50 14           movl     0x14(%eax), %edx
0x000c56c9:  67 66 8b 48 18           movl     0x18(%eax), %ecx
0x000c56ce:  67 8e 40 02              movw     2(%eax), %es
0x000c56d2:  67 66 ff 70 1c           pushl    0x1c(%eax)
0x000c56d7:  67 8e 18                 movw     (%eax), %ds
0x000c56da:  66 58                    popl     %eax
0x000c56dc:  cf                       iretw    

----------------
IN: 
0x000ecee9:  83 c4 28                 addl     $0x28, %esp
0x000eceec:  5b                       popl     %ebx
0x000eceed:  c3                       retl     

----------------
IN: 
0x000f8b89:  66 e8 ba fe ff ff        calll    0xf8a49

----------------
IN: 
0x000f8a49:  66 57                    pushl    %edi
0x000f8a4b:  66 56                    pushl    %esi
0x000f8a4d:  66 53                    pushl    %ebx
0x000f8a4f:  66 bb 80 da 00 00        movl     $0xda80, %ebx
0x000f8a55:  8e c3                    movw     %bx, %es
0x000f8a57:  26 a0 cd f1              movb     %es:0xf1cd, %al
0x000f8a5b:  66 89 c6                 movl     %eax, %esi
0x000f8a5e:  26 a0 cc f1              movb     %es:0xf1cc, %al
0x000f8a62:  66 89 f1                 movl     %esi, %ecx
0x000f8a65:  84 c9                    testb    %cl, %cl
0x000f8a67:  74 23                    je       0xf8a8c

----------------
IN: 
0x000f8a69:  66 0f b6 c0              movzbl   %al, %eax
0x000f8a6d:  66 e8 75 58 00 00        calll    0xfe2e8

----------------
IN: 
0x000fe2e8:  66 ba 80 da 00 00        movl     $0xda80, %edx
0x000fe2ee:  8e c2                    movw     %dx, %es
0x000fe2f0:  26 8a 16 d0 f1           movb     %es:0xf1d0, %dl
0x000fe2f5:  38 c2                    cmpb     %al, %dl
0x000fe2f7:  0f 84 de 00              je       0xfe3d9

----------------
IN: 
0x000fe2fb:  66 57                    pushl    %edi
0x000fe2fd:  66 56                    pushl    %esi
0x000fe2ff:  66 53                    pushl    %ebx
0x000fe301:  66 89 c3                 movl     %eax, %ebx
0x000fe304:  26 a2 d0 f1              movb     %al, %es:0xf1d0
0x000fe308:  c0 e8 04                 shrb     $4, %al
0x000fe30b:  66 83 e0 07              andl     $7, %eax
0x000fe30f:  66 89 c6                 movl     %eax, %esi
0x000fe312:  66 89 df                 movl     %ebx, %edi
0x000fe315:  66 83 e7 07              andl     $7, %edi
0x000fe319:  66 b8 1b 00 00 00        movl     $0x1b, %eax
0x000fe31f:  66 e8 b6 0c 00 00        calll    0xfefdb

----------------
IN: 
0x000fe325:  66 b8 5b 00 00 00        movl     $0x5b, %eax
0x000fe32b:  66 e8 aa 0c 00 00        calll    0xfefdb

----------------
IN: 
0x000fe331:  66 b8 30 00 00 00        movl     $0x30, %eax
0x000fe337:  66 e8 9e 0c 00 00        calll    0xfefdb

----------------
IN: 
0x000fe33d:  66 89 f8                 movl     %edi, %eax
0x000fe340:  3c 07                    cmpb     $7, %al
0x000fe342:  74 31                    je       0xfe375

----------------
IN: 
0x000fe375:  66 89 f0                 movl     %esi, %eax
0x000fe378:  84 c0                    testb    %al, %al
0x000fe37a:  74 31                    je       0xfe3ad

----------------
IN: 
0x000fe3ad:  80 e3 08                 andb     $8, %bl
0x000fe3b0:  74 18                    je       0xfe3ca

----------------
IN: 
0x000fe3ca:  66 b8 6d 00 00 00        movl     $0x6d, %eax
0x000fe3d0:  66 5b                    popl     %ebx
0x000fe3d2:  66 5e                    popl     %esi
0x000fe3d4:  66 5f                    popl     %edi
0x000fe3d6:  e9 02 0c                 jmp      0xfefdb

----------------
IN: 
0x000f8a73:  66 89 f0                 movl     %esi, %eax
0x000f8a76:  66 0f b6 c0              movzbl   %al, %eax
0x000f8a7a:  66 e8 c4 fe ff ff        calll    0xf8944

----------------
IN: 
0x000f8944:  66 0f b6 c0              movzbl   %al, %eax
0x000f8948:  2e 67 8b 84 00 a0 da 00  movw     %cs:0xdaa0(%eax, %eax), %ax
0x000f8950:  00
0x000f8951:  83 f8 7e                 cmpw     $0x7e, %ax
0x000f8954:  77 06                    ja       0xf895c

----------------
IN: 
0x000f8956:  66 0f b7 c0              movzwl   %ax, %eax
0x000f895a:  eb 4d                    jmp      0xf89a9

----------------
IN: 
0x000f89a9:  e9 2f 66                 jmp      0xfefdb

----------------
IN: 
0x000f8a80:  8e c3                    movw     %bx, %es
0x000f8a82:  26 a0 cf f1              movb     %es:0xf1cf, %al
0x000f8a86:  66 40                    incl     %eax
0x000f8a88:  26 a2 cf f1              movb     %al, %es:0xf1cf
0x000f8a8c:  66 e8 96 e2 ff ff        calll    0xf6d28

----------------
IN: 
0x000f8a92:  66 89 c6                 movl     %eax, %esi
0x000f8a95:  66 b8 40 00 00 00        movl     $0x40, %eax
0x000f8a9b:  8e c0                    movw     %ax, %es
0x000f8a9d:  26 8b 3e 50 00           movw     %es:0x50, %di
0x000f8aa2:  8e c3                    movw     %bx, %es
0x000f8aa4:  26 a0 ce f1              movb     %es:0xf1ce, %al
0x000f8aa8:  66 89 f1                 movl     %esi, %ecx
0x000f8aab:  38 c1                    cmpb     %al, %cl
0x000f8aad:  74 09                    je       0xf8ab8

----------------
IN: 
0x000f8ab8:  26 a0 cf f1              movb     %es:0xf1cf, %al
0x000f8abc:  66 89 fa                 movl     %edi, %edx
0x000f8abf:  38 c2                    cmpb     %al, %dl
0x000f8ac1:  75 ec                    jne      0xf8aaf

----------------
IN: 
0x000f8ac3:  e9 83 00                 jmp      0xf8b49

----------------
IN: 
0x000f8b49:  8e c3                    movw     %bx, %es
0x000f8b4b:  b0 07                    movb     $7, %al
0x000f8b4d:  26 a2 cc f1              movb     %al, %es:0xf1cc
0x000f8b51:  66 31 c0                 xorl     %eax, %eax
0x000f8b54:  26 a2 cd f1              movb     %al, %es:0xf1cd
0x000f8b58:  66 5b                    popl     %ebx
0x000f8b5a:  66 5e                    popl     %esi
0x000f8b5c:  66 5f                    popl     %edi
0x000f8b5e:  66 c3                    retl     

----------------
IN: 
0x000f8b8f:  eb 17                    jmp      0xf8ba8

----------------
IN: 
0x000fe3d9:  66 c3                    retl     

----------------
IN: 
0x000ecf0f:  b8 0d 00 00 00           movl     $0xd, %eax
0x000ecf14:  e8 82 ff ff ff           calll    0xece9b

----------------
IN: 
0x000fc8a8:  66 e8 7a a4 ff ff        calll    0xf6d28

----------------
IN: 
0x000fc8ae:  66 0f b6 c0              movzbl   %al, %eax
0x000fc8b2:  66 31 d2                 xorl     %edx, %edx
0x000fc8b5:  eb 5d                    jmp      0xfc914

----------------
IN: 
0x000fc914:  66 5b                    popl     %ebx
0x000fc916:  66 5e                    popl     %esi
0x000fc918:  66 5f                    popl     %edi
0x000fc91a:  e9 e2 1d                 jmp      0xfe6ff

----------------
IN: 
0x000c2187:  67 c6 00 00              movb     $0, (%eax)
0x000c218b:  eb 23                    jmp      0xc21b0

----------------
IN: 
0x000c21b0:  66 ba 40 00 00 00        movl     $0x40, %edx
0x000c21b6:  8e c2                    movw     %dx, %es
0x000c21b8:  26 a0 84 00              movb     %es:0x84, %al
0x000c21bc:  66 89 c6                 movl     %eax, %esi
0x000c21bf:  67 8a 43 01              movb     1(%ebx), %al
0x000c21c3:  66 89 f1                 movl     %esi, %ecx
0x000c21c6:  38 c1                    cmpb     %al, %cl
0x000c21c8:  73 43                    jae      0xc220d

----------------
IN: 
0x000fc91d:  66 5b                    popl     %ebx
0x000fc91f:  66 5e                    popl     %esi
0x000fc921:  66 5f                    popl     %edi
0x000fc923:  e9 da 35                 jmp      0xfff00

----------------
IN: 
0x000fff00:  66 e8 22 6e ff ff        calll    0xf6d28

----------------
IN: 
0x000fff06:  66 40                    incl     %eax
0x000fff08:  66 ba 40 00 00 00        movl     $0x40, %edx
0x000fff0e:  8e c2                    movw     %dx, %es
0x000fff10:  26 8a 16 84 00           movb     %es:0x84, %dl
0x000fff15:  67 66 8d 4a 01           leal     1(%edx), %ecx
0x000fff1a:  38 c8                    cmpb     %cl, %al
0x000fff1c:  72 1a                    jb       0xfff38

----------------
IN: 
0x000fff38:  66 ba 40 00 00 00        movl     $0x40, %edx
0x000fff3e:  8e c2                    movw     %dx, %es
0x000fff40:  26 8b 16 50 00           movw     %es:0x50, %dx
0x000fff45:  66 0f b6 d2              movzbl   %dl, %edx
0x000fff49:  66 0f b6 c0              movzbl   %al, %eax
0x000fff4d:  e9 af e7                 jmp      0xfe6ff

----------------
IN: 
0x000c219b:  67 fe 40 01              incb     1(%eax)
0x000c219f:  eb 0f                    jmp      0xc21b0

----------------
IN: 
0x000eeeeb:  c3                       retl     

----------------
IN: 
0x06ff26d3:  31 c0                    xorl     %eax, %eax
0x06ff26d5:  89 44 24 38              movl     %eax, 0x38(%esp)
0x06ff26d9:  8d 44 24 38              leal     0x38(%esp), %eax
0x06ff26dd:  e8 c8 a0 ff ff           calll    0x6fec7aa

----------------
IN: 
0x06fec7aa:  89 c1                    movl     %eax, %ecx
0x06fec7ac:  8b 15 2c ff ff 06        movl     0x6ffff2c, %edx
0x06fec7b2:  85 d2                    testl    %edx, %edx
0x06fec7b4:  74 0f                    je       0x6fec7c5

----------------
IN: 
0x06fec7c5:  a1 30 ff ff 06           movl     0x6ffff30, %eax
0x06fec7ca:  85 c0                    testl    %eax, %eax
0x06fec7cc:  74 09                    je       0x6fec7d7

----------------
IN: 
0x06fec7ce:  0f b7 50 16              movzwl   0x16(%eax), %edx
0x06fec7d2:  89 11                    movl     %edx, (%ecx)
0x06fec7d4:  8b 40 18                 movl     0x18(%eax), %eax
0x06fec7d7:  c3                       retl     

----------------
IN: 
0x06ff26e2:  89 c7                    movl     %eax, %edi
0x06ff26e4:  8b 74 24 38              movl     0x38(%esp), %esi
0x06ff26e8:  31 c9                    xorl     %ecx, %ecx
0x06ff26ea:  89 f2                    movl     %esi, %edx
0x06ff26ec:  e8 58 a0 ff ff           calll    0x6fec749

----------------
IN: 
0x06ff26f1:  89 c3                    movl     %eax, %ebx
0x06ff26f3:  83 c4 0c                 addl     $0xc, %esp
0x06ff26f6:  85 db                    testl    %ebx, %ebx
0x06ff26f8:  0f 84 69 01 00 00        je       0x6ff2867

----------------
IN: 
0x06ff26fe:  80 3b 01                 cmpb     $1, (%ebx)
0x06ff2701:  0f 85 4e 01 00 00        jne      0x6ff2855

----------------
IN: 
0x06ff2855:  89 d9                    movl     %ebx, %ecx
0x06ff2857:  89 f2                    movl     %esi, %edx
0x06ff2859:  89 f8                    movl     %edi, %eax
0x06ff285b:  e8 e9 9e ff ff           calll    0x6fec749

----------------
IN: 
0x06ff2860:  89 c3                    movl     %eax, %ebx
0x06ff2862:  e9 8f fe ff ff           jmp      0x6ff26f6

----------------
IN: 
0x06ff26f6:  85 db                    testl    %ebx, %ebx
0x06ff26f8:  0f 84 69 01 00 00        je       0x6ff2867

----------------
IN: 
0x06ff2707:  80 7b 01 17              cmpb     $0x17, 1(%ebx)
0x06ff270b:  0f 86 44 01 00 00        jbe      0x6ff2855

----------------
IN: 
0x06ff2711:  8d 7c 24 32              leal     0x32(%esp), %edi
0x06ff2715:  b9 04 00 00 00           movl     $4, %ecx
0x06ff271a:  31 c0                    xorl     %eax, %eax
0x06ff271c:  f3 ab                    rep stosl %eax, %es:(%edi)

----------------
IN: 
0x06ff271e:  8d 54 24 32              leal     0x32(%esp), %edx
0x06ff2722:  8d 43 08                 leal     8(%ebx), %eax
0x06ff2725:  b9 10 00 00 00           movl     $0x10, %ecx
0x06ff272a:  e8 de 7c 0f f9           calll    0xea40d

----------------
IN: 
0x06ff272f:  85 c0                    testl    %eax, %eax
0x06ff2731:  0f 84 30 01 00 00        je       0x6ff2867

----------------
IN: 
0x06ff2867:  83 c4 68                 addl     $0x68, %esp
0x06ff286a:  5b                       popl     %ebx
0x06ff286b:  5e                       popl     %esi
0x06ff286c:  5f                       popl     %edi
0x06ff286d:  5d                       popl     %ebp
0x06ff286e:  c3                       retl     

----------------
IN: 
0x06ffbed9:  e8 87 e3 0e f9           calll    0xea265

----------------
IN: 
0x06ffbede:  85 c0                    testl    %eax, %eax
0x06ffbee0:  75 0a                    jne      0x6ffbeec

----------------
IN: 
0x06ffbee2:  e8 4a a8 ff ff           calll    0x6ff6731

----------------
IN: 
0x06ff6731:  55                       pushl    %ebp
0x06ff6732:  57                       pushl    %edi
0x06ff6733:  56                       pushl    %esi
0x06ff6734:  53                       pushl    %ebx
0x06ff6735:  83 ec 14                 subl     $0x14, %esp
0x06ff6738:  ba 64 00 00 00           movl     $0x64, %edx
0x06ff673d:  31 c9                    xorl     %ecx, %ecx
0x06ff673f:  b8 71 28 0f 00           movl     $0xf2871, %eax
0x06ff6744:  e8 72 7a ff ff           calll    0x6fee1bb

----------------
IN: 
0x06ff6749:  a3 58 ff ff 06           movl     %eax, 0x6ffff58
0x06ff674e:  a1 f8 fd ff 06           movl     0x6fffdf8, %eax
0x06ff6753:  8d 58 fc                 leal     -4(%eax), %ebx
0x06ff6756:  83 fb fc                 cmpl     $-4, %ebx
0x06ff6759:  74 5e                    je       0x6ff67b9

----------------
IN: 
0x06ff675b:  0f b7 43 14              movzwl   0x14(%ebx), %eax
0x06ff675f:  c1 e0 08                 shll     $8, %eax
0x06ff6762:  0f b6 53 16              movzbl   0x16(%ebx), %edx
0x06ff6766:  09 d0                    orl      %edx, %eax
0x06ff6768:  3d 30 03 0c 00           cmpl     $0xc0330, %eax
0x06ff676d:  75 42                    jne      0x6ff67b1

----------------
IN: 
0x06ff67b1:  8b 5b 04                 movl     4(%ebx), %ebx
0x06ff67b4:  83 eb 04                 subl     $4, %ebx
0x06ff67b7:  eb 9d                    jmp      0x6ff6756

----------------
IN: 
0x06ff6756:  83 fb fc                 cmpl     $-4, %ebx
0x06ff6759:  74 5e                    je       0x6ff67b9

----------------
IN: 
0x06ff67b9:  ba 10 0d 00 00           movl     $0xd10, %edx
0x06ff67be:  31 c0                    xorl     %eax, %eax
0x06ff67c0:  e8 57 c4 ff ff           calll    0x6ff2c1c

----------------
IN: 
0x06ff2c1c:  55                       pushl    %ebp
0x06ff2c1d:  57                       pushl    %edi
0x06ff2c1e:  56                       pushl    %esi
0x06ff2c1f:  53                       pushl    %ebx
0x06ff2c20:  83 ec 10                 subl     $0x10, %esp
0x06ff2c23:  89 c3                    movl     %eax, %ebx
0x06ff2c25:  66 c7 44 24 01 0c 41     movw     $0x410c, 1(%esp)
0x06ff2c2c:  c6 44 24 03 d0           movb     $0xd0, 3(%esp)
0x06ff2c31:  89 d0                    movl     %edx, %eax
0x06ff2c33:  86 e0                    xchgb    %ah, %al
0x06ff2c35:  66 89 44 24 04           movw     %ax, 4(%esp)
0x06ff2c3a:  0f b7 d2                 movzwl   %dx, %edx
0x06ff2c3d:  52                       pushl    %edx
0x06ff2c3e:  68 cc 1e 0f 00           pushl    $0xf1ecc
0x06ff2c43:  6a 0a                    pushl    $0xa
0x06ff2c45:  8d 7c 24 12              leal     0x12(%esp), %edi
0x06ff2c49:  57                       pushl    %edi
0x06ff2c4a:  e8 14 fd ff ff           calll    0x6ff2963

----------------
IN: 
0x000ec747:  3c 2e                    cmpb     $0x2e, %al
0x000ec749:  0f 84 8e 01 00 00        je       0xec8dd

----------------
IN: 
0x000ec74f:  7f 19                    jg       0xec76a

----------------
IN: 
0x000ec76a:  3c 58                    cmpb     $0x58, %al
0x000ec76c:  0f 84 05 01 00 00        je       0xec877

----------------
IN: 
0x000ea304:  8d 50 37                 leal     0x37(%eax), %edx
0x000ea307:  0f be d2                 movsbl   %dl, %edx
0x000ea30a:  89 d8                    movl     %ebx, %eax
0x000ea30c:  5b                       popl     %ebx
0x000ea30d:  e9 89 ff ff ff           jmp      0xea29b

----------------
IN: 
0x06ff2c4f:  89 c5                    movl     %eax, %ebp
0x06ff2c51:  83 c4 10                 addl     $0x10, %esp
0x06ff2c54:  85 db                    testl    %ebx, %ebx
0x06ff2c56:  75 11                    jne      0x6ff2c69

----------------
IN: 
0x06ff2c58:  8b 1d 30 fd ff 06        movl     0x6fffd30, %ebx
0x06ff2c5e:  85 db                    testl    %ebx, %ebx
0x06ff2c60:  74 30                    je       0x6ff2c92

----------------
IN: 
0x06ff2c62:  8b 73 18                 movl     0x18(%ebx), %esi
0x06ff2c65:  85 f6                    testl    %esi, %esi
0x06ff2c67:  75 04                    jne      0x6ff2c6d

----------------
IN: 
0x06ff2c69:  8b 1b                    movl     (%ebx), %ebx
0x06ff2c6b:  eb f1                    jmp      0x6ff2c5e

----------------
IN: 
0x06ff2c5e:  85 db                    testl    %ebx, %ebx
0x06ff2c60:  74 30                    je       0x6ff2c92

----------------
IN: 
0x06ff2c6d:  b9 05 00 00 00           movl     $5, %ecx
0x06ff2c72:  8d 54 24 01              leal     1(%esp), %edx
0x06ff2c76:  8d 46 05                 leal     5(%esi), %eax
0x06ff2c79:  e8 8f 77 0f f9           calll    0xea40d

----------------
IN: 
0x06ff2c7e:  85 c0                    testl    %eax, %eax
0x06ff2c80:  74 10                    je       0x6ff2c92

----------------
IN: 
0x06ff2c82:  89 e9                    movl     %ebp, %ecx
0x06ff2c84:  89 fa                    movl     %edi, %edx
0x06ff2c86:  8d 46 05                 leal     5(%esi), %eax
0x06ff2c89:  e8 7f 77 0f f9           calll    0xea40d

----------------
IN: 
0x06ff2c8e:  85 c0                    testl    %eax, %eax
0x06ff2c90:  75 d7                    jne      0x6ff2c69

----------------
IN: 
0x06ff2c92:  89 d8                    movl     %ebx, %eax
0x06ff2c94:  83 c4 10                 addl     $0x10, %esp
0x06ff2c97:  5b                       popl     %ebx
0x06ff2c98:  5e                       popl     %esi
0x06ff2c99:  5f                       popl     %edi
0x06ff2c9a:  5d                       popl     %ebp
0x06ff2c9b:  c3                       retl     

----------------
IN: 
0x06ff67c5:  89 04 24                 movl     %eax, (%esp)
0x06ff67c8:  83 3c 24 00              cmpl     $0, (%esp)
0x06ff67cc:  74 62                    je       0x6ff6830

----------------
IN: 
0x06ff6830:  a1 f8 fd ff 06           movl     0x6fffdf8, %eax
0x06ff6835:  8d 58 fc                 leal     -4(%eax), %ebx
0x06ff6838:  83 fb fc                 cmpl     $-4, %ebx
0x06ff683b:  0f 84 b2 00 00 00        je       0x6ff68f3

----------------
IN: 
0x06ff6841:  0f b7 43 14              movzwl   0x14(%ebx), %eax
0x06ff6845:  c1 e0 08                 shll     $8, %eax
0x06ff6848:  0f b6 53 16              movzbl   0x16(%ebx), %edx
0x06ff684c:  09 d0                    orl      %edx, %eax
0x06ff684e:  3d 20 03 0c 00           cmpl     $0xc0320, %eax
0x06ff6853:  0f 85 8f 00 00 00        jne      0x6ff68e8

----------------
IN: 
0x06ff68e8:  8b 5b 04                 movl     4(%ebx), %ebx
0x06ff68eb:  83 eb 04                 subl     $4, %ebx
0x06ff68ee:  e9 45 ff ff ff           jmp      0x6ff6838

----------------
IN: 
0x06ff6838:  83 fb fc                 cmpl     $-4, %ebx
0x06ff683b:  0f 84 b2 00 00 00        je       0x6ff68f3

----------------
IN: 
0x06ff68f3:  a1 f8 fd ff 06           movl     0x6fffdf8, %eax
0x06ff68f8:  8d 58 fc                 leal     -4(%eax), %ebx
0x06ff68fb:  83 fb fc                 cmpl     $-4, %ebx
0x06ff68fe:  0f 84 c9 00 00 00        je       0x6ff69cd

----------------
IN: 
0x06ff6904:  0f b7 43 14              movzwl   0x14(%ebx), %eax
0x06ff6908:  c1 e0 08                 shll     $8, %eax
0x06ff690b:  0f b6 53 16              movzbl   0x16(%ebx), %edx
0x06ff690f:  09 d0                    orl      %edx, %eax
0x06ff6911:  3d 00 03 0c 00           cmpl     $0xc0300, %eax
0x06ff6916:  0f 85 a6 00 00 00        jne      0x6ff69c2

----------------
IN: 
0x06ff69c2:  8b 5b 04                 movl     4(%ebx), %ebx
0x06ff69c5:  83 eb 04                 subl     $4, %ebx
0x06ff69c8:  e9 2e ff ff ff           jmp      0x6ff68fb

----------------
IN: 
0x06ff68fb:  83 fb fc                 cmpl     $-4, %ebx
0x06ff68fe:  0f 84 c9 00 00 00        je       0x6ff69cd

----------------
IN: 
0x06ff69cd:  a1 f8 fd ff 06           movl     0x6fffdf8, %eax
0x06ff69d2:  8d 58 fc                 leal     -4(%eax), %ebx
0x06ff69d5:  83 fb fc                 cmpl     $-4, %ebx
0x06ff69d8:  0f 84 9e 00 00 00        je       0x6ff6a7c

----------------
IN: 
0x06ff69de:  0f b7 43 14              movzwl   0x14(%ebx), %eax
0x06ff69e2:  c1 e0 08                 shll     $8, %eax
0x06ff69e5:  0f b6 53 16              movzbl   0x16(%ebx), %edx
0x06ff69e9:  09 d0                    orl      %edx, %eax
0x06ff69eb:  3d 10 03 0c 00           cmpl     $0xc0310, %eax
0x06ff69f0:  75 7f                    jne      0x6ff6a71

----------------
IN: 
0x06ff6a71:  8b 5b 04                 movl     4(%ebx), %ebx
0x06ff6a74:  83 eb 04                 subl     $4, %ebx
0x06ff6a77:  e9 59 ff ff ff           jmp      0x6ff69d5

----------------
IN: 
0x06ff69d5:  83 fb fc                 cmpl     $-4, %ebx
0x06ff69d8:  0f 84 9e 00 00 00        je       0x6ff6a7c

----------------
IN: 
0x06ff6a7c:  83 3d 30 fd ff 06 00     cmpl     $0, 0x6fffd30
0x06ff6a83:  74 4f                    je       0x6ff6ad4

----------------
IN: 
0x06ff6a85:  ba 03 03 00 00           movl     $0x303, %edx
0x06ff6a8a:  31 c0                    xorl     %eax, %eax
0x06ff6a8c:  e8 8b c1 ff ff           calll    0x6ff2c1c

----------------
IN: 
0x06ff6a91:  85 c0                    testl    %eax, %eax
0x06ff6a93:  74 32                    je       0x6ff6ac7

----------------
IN: 
0x06ff6a95:  8b 40 1c                 movl     0x1c(%eax), %eax
0x06ff6a98:  85 c0                    testl    %eax, %eax
0x06ff6a9a:  74 38                    je       0x6ff6ad4

----------------
IN: 
0x06ff6a9c:  80 38 08                 cmpb     $8, (%eax)
0x06ff6a9f:  75 33                    jne      0x6ff6ad4

----------------
IN: 
0x06ff6aa1:  31 d2                    xorl     %edx, %edx
0x06ff6aa3:  89 54 24 0c              movl     %edx, 0xc(%esp)
0x06ff6aa7:  89 54 24 10              movl     %edx, 0x10(%esp)
0x06ff6aab:  8d 4c 24 0c              leal     0xc(%esp), %ecx
0x06ff6aaf:  83 c0 05                 addl     $5, %eax
0x06ff6ab2:  31 d2                    xorl     %edx, %edx
0x06ff6ab4:  e8 d8 68 ff ff           calll    0x6fed391

----------------
IN: 
0x06ff6ab9:  83 7c 24 10 00           cmpl     $0, 0x10(%esp)
0x06ff6abe:  75 14                    jne      0x6ff6ad4

----------------
IN: 
0x06ff6ac0:  83 7c 24 0c 00           cmpl     $0, 0xc(%esp)
0x06ff6ac5:  75 0d                    jne      0x6ff6ad4

----------------
IN: 
0x06ff6ad4:  ba 87 e9 0f 00           movl     $0xfe987, %edx
0x06ff6ad9:  0f b7 d2                 movzwl   %dx, %edx
0x06ff6adc:  81 ca 00 00 00 f0        orl      $0xf0000000, %edx
0x06ff6ae2:  b8 01 00 00 00           movl     $1, %eax
0x06ff6ae7:  e8 d3 69 ff ff           calll    0x6fed4bf

----------------
IN: 
0x06ff6aec:  ba 33 d4 0f 00           movl     $0xfd433, %edx
0x06ff6af1:  0f b7 d2                 movzwl   %dx, %edx
0x06ff6af4:  81 ca 00 00 00 f0        orl      $0xf0000000, %edx
0x06ff6afa:  b8 0c 00 00 00           movl     $0xc, %eax
0x06ff6aff:  e8 bb 69 ff ff           calll    0x6fed4bf

----------------
IN: 
0x06ff6b04:  31 d2                    xorl     %edx, %edx
0x06ff6b06:  b8 77 23 ff 06           movl     $0x6ff2377, %eax
0x06ff6b0b:  e8 87 7e ff ff           calll    0x6fee997

----------------
IN: 
0x06fee997:  55                       pushl    %ebp
0x06fee998:  57                       pushl    %edi
0x06fee999:  56                       pushl    %esi
0x06fee99a:  53                       pushl    %ebx
0x06fee99b:  89 c6                    movl     %eax, %esi
0x06fee99d:  89 d7                    movl     %edx, %edi
0x06fee99f:  80 3d 00 4e 0f 00 00     cmpb     $0, 0xf4e00
0x06fee9a6:  74 7a                    je       0x6feea22

----------------
IN: 
0x06fee9a8:  b9 00 10 00 00           movl     $0x1000, %ecx
0x06fee9ad:  ba 00 10 00 00           movl     $0x1000, %edx
0x06fee9b2:  b8 78 fe ff 06           movl     $0x6fffe78, %eax
0x06fee9b7:  e8 9b ff ff ff           calll    0x6fee957

----------------
IN: 
0x06fee9bc:  89 c3                    movl     %eax, %ebx
0x06fee9be:  85 c0                    testl    %eax, %eax
0x06fee9c0:  74 60                    je       0x6feea22

----------------
IN: 
0x06fee9c2:  8d 80 00 10 00 00        leal     0x1000(%eax), %eax
0x06fee9c8:  89 03                    movl     %eax, (%ebx)
0x06fee9ca:  89 e0                    movl     %esp, %eax
0x06fee9cc:  bd 08 62 0f 00           movl     $0xf6208, %ebp
0x06fee9d1:  3d 00 00 10 00           cmpl     $0x100000, %eax
0x06fee9d6:  76 07                    jbe      0x6fee9df

----------------
IN: 
0x06fee9df:  8d 55 04                 leal     4(%ebp), %edx
0x06fee9e2:  8d 43 04                 leal     4(%ebx), %eax
0x06fee9e5:  e8 a7 d6 ff ff           calll    0x6fec091

----------------
IN: 
0x06fee9ea:  89 f8                    movl     %edi, %eax
0x06fee9ec:  89 f1                    movl     %esi, %ecx
0x06fee9ee:  89 ea                    movl     %ebp, %edx
0x06fee9f0:  68 11 ea fe 06           pushl    $0x6feea11
0x06fee9f5:  55                       pushl    %ebp
0x06fee9f6:  89 22                    movl     %esp, (%edx)
0x06fee9f8:  8b 23                    movl     (%ebx), %esp
0x06fee9fa:  ff d1                    calll    *%ecx

----------------
IN: 
0x06ff2377:  57                       pushl    %edi
0x06ff2378:  56                       pushl    %esi
0x06ff2379:  53                       pushl    %ebx
0x06ff237a:  57                       pushl    %edi
0x06ff237b:  e8 cf ce ff ff           calll    0x6fef24f

----------------
IN: 
0x06fef24f:  53                       pushl    %ebx
0x06fef250:  bb 10 00 00 00           movl     $0x10, %ebx
0x06fef255:  e4 64                    inb      $0x64, %al

----------------
IN: 
0x06fef257:  a8 01                    testb    $1, %al
0x06fef259:  74 23                    je       0x6fef27e

----------------
IN: 
0x06fef27e:  31 c0                    xorl     %eax, %eax
0x06fef280:  5b                       popl     %ebx
0x06fef281:  c3                       retl     

----------------
IN: 
0x06ff2380:  85 c0                    testl    %eax, %eax
0x06ff2382:  0f 85 43 01 00 00        jne      0x6ff24cb

----------------
IN: 
0x06ff2388:  31 d2                    xorl     %edx, %edx
0x06ff238a:  b8 ad 00 00 00           movl     $0xad, %eax
0x06ff238f:  e8 48 ce ff ff           calll    0x6fef1dc

----------------
IN: 
0x06fef1dc:  57                       pushl    %edi
0x06fef1dd:  56                       pushl    %esi
0x06fef1de:  53                       pushl    %ebx
0x06fef1df:  89 c3                    movl     %eax, %ebx
0x06fef1e1:  89 d7                    movl     %edx, %edi
0x06fef1e3:  e8 0b de 0f f9           calll    0xecff3

----------------
IN: 
0x000ecff3:  53                       pushl    %ebx
0x000ecff4:  bb 10 27 00 00           movl     $0x2710, %ebx
0x000ecff9:  e4 64                    inb      $0x64, %al

----------------
IN: 
0x000ecffb:  a8 02                    testb    $2, %al
0x000ecffd:  74 21                    je       0xed020

----------------
IN: 
0x000ed020:  31 c0                    xorl     %eax, %eax
0x000ed022:  5b                       popl     %ebx
0x000ed023:  c3                       retl     

----------------
IN: 
0x06fef1e8:  85 c0                    testl    %eax, %eax
0x06fef1ea:  75 5a                    jne      0x6fef246

----------------
IN: 
0x06fef1ec:  89 c6                    movl     %eax, %esi
0x06fef1ee:  88 d8                    movb     %bl, %al
0x06fef1f0:  e6 64                    outb     %al, $0x64

----------------
IN: 
0x06fef1f2:  89 d8                    movl     %ebx, %eax
0x06fef1f4:  c1 f8 0c                 sarl     $0xc, %eax
0x06fef1f7:  48                       decl     %eax
0x06fef1f8:  75 0f                    jne      0x6fef209

----------------
IN: 
0x06fef209:  81 e3 00 0f 00 00        andl     $0xf00, %ebx
0x06fef20f:  81 fb 00 01 00 00        cmpl     $0x100, %ebx
0x06fef215:  75 32                    jne      0x6fef249

----------------
IN: 
0x06fef249:  89 f0                    movl     %esi, %eax
0x06fef24b:  5b                       popl     %ebx
0x06fef24c:  5e                       popl     %esi
0x06fef24d:  5f                       popl     %edi
0x06fef24e:  c3                       retl     

----------------
IN: 
0x06ff2394:  85 c0                    testl    %eax, %eax
0x06ff2396:  0f 85 2f 01 00 00        jne      0x6ff24cb

----------------
IN: 
0x06ff239c:  31 d2                    xorl     %edx, %edx
0x06ff239e:  b8 a7 00 00 00           movl     $0xa7, %eax
0x06ff23a3:  e8 34 ce ff ff           calll    0x6fef1dc

----------------
IN: 
0x06ff23a8:  85 c0                    testl    %eax, %eax
0x06ff23aa:  0f 85 1b 01 00 00        jne      0x6ff24cb

----------------
IN: 
0x06ff23b0:  e8 9a ce ff ff           calll    0x6fef24f

----------------
IN: 
0x06ff23b5:  85 c0                    testl    %eax, %eax
0x06ff23b7:  0f 85 0e 01 00 00        jne      0x6ff24cb

----------------
IN: 
0x06ff23bd:  c6 44 24 02 00           movb     $0, 2(%esp)
0x06ff23c2:  8d 54 24 02              leal     2(%esp), %edx
0x06ff23c6:  b8 aa 01 00 00           movl     $0x1aa, %eax
0x06ff23cb:  e8 0c ce ff ff           calll    0x6fef1dc

----------------
IN: 
0x06fef217:  bb 10 27 00 00           movl     $0x2710, %ebx
0x06fef21c:  e4 64                    inb      $0x64, %al

----------------
IN: 
0x06fef21e:  a8 01                    testb    $1, %al
0x06fef220:  75 1e                    jne      0x6fef240

----------------
IN: 
0x06fef240:  e4 60                    inb      $0x60, %al

----------------
IN: 
0x06fef242:  88 07                    movb     %al, (%edi)
0x06fef244:  eb 03                    jmp      0x6fef249

----------------
IN: 
0x06ff23d0:  85 c0                    testl    %eax, %eax
0x06ff23d2:  0f 85 f3 00 00 00        jne      0x6ff24cb

----------------
IN: 
0x06ff23d8:  0f b6 44 24 02           movzbl   2(%esp), %eax
0x06ff23dd:  3c 55                    cmpb     $0x55, %al
0x06ff23df:  74 08                    je       0x6ff23e9

----------------
IN: 
0x06ff23e9:  8d 54 24 02              leal     2(%esp), %edx
0x06ff23ed:  b8 ab 01 00 00           movl     $0x1ab, %eax
0x06ff23f2:  e8 e5 cd ff ff           calll    0x6fef1dc

----------------
IN: 
0x06ff23f7:  85 c0                    testl    %eax, %eax
0x06ff23f9:  0f 85 cc 00 00 00        jne      0x6ff24cb

----------------
IN: 
0x06ff23ff:  0f b6 5c 24 02           movzbl   2(%esp), %ebx
0x06ff2404:  84 db                    testb    %bl, %bl
0x06ff2406:  74 12                    je       0x6ff241a

----------------
IN: 
0x06ff241a:  31 d2                    xorl     %edx, %edx
0x06ff241c:  31 c9                    xorl     %ecx, %ecx
0x06ff241e:  b8 8c 1c 0f 00           movl     $0xf1c8c, %eax
0x06ff2423:  e8 93 bd ff ff           calll    0x6fee1bb

----------------
IN: 
0x06ff2428:  89 c6                    movl     %eax, %esi
0x06ff242a:  e8 c4 a0 0f f9           calll    0xec4f3

----------------
IN: 
0x000ec4f3:  53                       pushl    %ebx
0x000ec4f4:  89 c3                    movl     %eax, %ebx
0x000ec4f6:  e8 88 ff ff ff           calll    0xec483

----------------
IN: 
0x000ec483:  66 8b 15 d8 60 0f 00     movw     0xf60d8, %dx
0x000ec48a:  66 85 d2                 testw    %dx, %dx
0x000ec48d:  75 18                    jne      0xec4a7

----------------
IN: 
0x000ec4a7:  8b 0d b4 99 0e 00        movl     0xe99b4, %ecx
0x000ec4ad:  66 83 fa 40              cmpw     $0x40, %dx
0x000ec4b1:  74 15                    je       0xec4c8

----------------
IN: 
0x000ec4b3:  ed                       inl      %dx, %eax

----------------
IN: 
0x000ec4b4:  31 c8                    xorl     %ecx, %eax
0x000ec4b6:  25 ff ff ff 00           andl     $0xffffff, %eax
0x000ec4bb:  31 c8                    xorl     %ecx, %eax
0x000ec4bd:  39 c8                    cmpl     %ecx, %eax
0x000ec4bf:  73 2c                    jae      0xec4ed

----------------
IN: 
0x000ec4ed:  a3 b4 99 0e 00           movl     %eax, 0xe99b4
0x000ec4f2:  c3                       retl     

----------------
IN: 
0x000ec4fb:  0f af 1d dc 60 0f 00     imull    0xf60dc, %ebx
0x000ec502:  01 d8                    addl     %ebx, %eax
0x000ec504:  5b                       popl     %ebx
0x000ec505:  c3                       retl     

----------------
IN: 
0x06ff242f:  89 c7                    movl     %eax, %edi
0x06ff2431:  88 5c 24 02              movb     %bl, 2(%esp)
0x06ff2435:  8d 54 24 02              leal     2(%esp), %edx
0x06ff2439:  b8 ff 01 00 00           movl     $0x1ff, %eax
0x06ff243e:  e8 3b fe ff ff           calll    0x6ff227e

----------------
IN: 
0x06ff227e:  55                       pushl    %ebp
0x06ff227f:  57                       pushl    %edi
0x06ff2280:  56                       pushl    %esi
0x06ff2281:  53                       pushl    %ebx
0x06ff2282:  51                       pushl    %ecx
0x06ff2283:  89 c6                    movl     %eax, %esi
0x06ff2285:  89 d5                    movl     %edx, %ebp
0x06ff2287:  0f b6 3d ac 99 0e 00     movzbl   0xe99ac, %edi
0x06ff228e:  89 f8                    movl     %edi, %eax
0x06ff2290:  88 44 24 02              movb     %al, 2(%esp)
0x06ff2294:  83 e0 fc                 andl     $0xfffffffc, %eax
0x06ff2297:  83 c8 30                 orl      $0x30, %eax
0x06ff229a:  88 44 24 03              movb     %al, 3(%esp)
0x06ff229e:  8d 54 24 03              leal     3(%esp), %edx
0x06ff22a2:  b8 60 10 00 00           movl     $0x1060, %eax
0x06ff22a7:  e8 30 cf ff ff           calll    0x6fef1dc

----------------
IN: 
0x06fef1fa:  e8 f4 dd 0f f9           calll    0xecff3

----------------
IN: 
0x06fef1ff:  85 c0                    testl    %eax, %eax
0x06fef201:  75 43                    jne      0x6fef246

----------------
IN: 
0x06fef203:  8a 07                    movb     (%edi), %al
0x06fef205:  e6 60                    outb     %al, $0x60

----------------
IN: 
0x06fef207:  eb 40                    jmp      0x6fef249

----------------
IN: 
0x06ff22ac:  85 c0                    testl    %eax, %eax
0x06ff22ae:  74 08                    je       0x6ff22b8

----------------
IN: 
0x06ff22b8:  e8 77 a8 0f f9           calll    0xecb34

----------------
IN: 
0x000ecb43:  25 00 f0 ff ff           andl     $0xfffff000, %eax
0x000ecb48:  89 c3                    movl     %eax, %ebx
0x000ecb4a:  89 d8                    movl     %ebx, %eax
0x000ecb4c:  e8 2c d7 ff ff           calll    0xea27d

----------------
IN: 
0x000ea287:  57                       pushl    %edi
0x000ea288:  56                       pushl    %esi
0x000ea289:  53                       pushl    %ebx
0x000ea28a:  68 96 a2 0e 00           pushl    $0xea296
0x000ea28f:  55                       pushl    %ebp
0x000ea290:  89 20                    movl     %esp, (%eax)
0x000ea292:  8b 21                    movl     (%ecx), %esp
0x000ea294:  5d                       popl     %ebp
0x000ea295:  c3                       retl     

----------------
IN: 
0x06feea11:  81 fd 08 62 0f 00        cmpl     $0xf6208, %ebp
0x06feea17:  75 13                    jne      0x6feea2c

----------------
IN: 
0x06feea19:  5b                       popl     %ebx
0x06feea1a:  5e                       popl     %esi
0x06feea1b:  5f                       popl     %edi
0x06feea1c:  5d                       popl     %ebp
0x06feea1d:  e9 f8 e0 0f f9           jmp      0xecb1a

----------------
IN: 
0x06ff6b10:  b8 bc 60 0f 00           movl     $0xf60bc, %eax
0x06ff6b15:  bf c7 ef 0f 00           movl     $0xfefc7, %edi
0x06ff6b1a:  b9 0b 00 00 00           movl     $0xb, %ecx
0x06ff6b1f:  89 c6                    movl     %eax, %esi
0x06ff6b21:  f3 a4                    rep movsb (%esi), %es:(%edi)

----------------
IN: 
0x06ff6b23:  66 a3 78 00 00 00        movw     %ax, 0x78
0x06ff6b29:  66 c7 05 7a 00 00 00 00  movw     $0xf000, 0x7a
0x06ff6b31:  f0
0x06ff6b32:  b0 90                    movb     $0x90, %al
0x06ff6b34:  e6 70                    outb     %al, $0x70

----------------
IN: 
0x06ff6b36:  e4 71                    inb      $0x71, %al

----------------
IN: 
0x06ff6b38:  88 c3                    movb     %al, %bl
0x06ff6b3a:  3c 0f                    cmpb     $0xf, %al
0x06ff6b3c:  76 0f                    jbe      0x6ff6b4d

----------------
IN: 
0x06ff6b3e:  88 c2                    movb     %al, %dl
0x06ff6b40:  c0 ea 04                 shrb     $4, %dl
0x06ff6b43:  0f b6 d2                 movzbl   %dl, %edx
0x06ff6b46:  31 c0                    xorl     %eax, %eax
0x06ff6b48:  e8 2c e4 ff ff           calll    0x6ff4f79

----------------
IN: 
0x06ff4f79:  57                       pushl    %edi
0x06ff4f7a:  56                       pushl    %esi
0x06ff4f7b:  53                       pushl    %ebx
0x06ff4f7c:  81 ec 00 01 00 00        subl     $0x100, %esp
0x06ff4f82:  89 c3                    movl     %eax, %ebx
0x06ff4f84:  e8 cf c9 ff ff           calll    0x6ff1958

----------------
IN: 
0x06ff1958:  56                       pushl    %esi
0x06ff1959:  53                       pushl    %ebx
0x06ff195a:  89 c6                    movl     %eax, %esi
0x06ff195c:  89 d3                    movl     %edx, %ebx
0x06ff195e:  8d 42 ff                 leal     -1(%edx), %eax
0x06ff1961:  83 f8 07                 cmpl     $7, %eax
0x06ff1964:  76 0f                    jbe      0x6ff1975

----------------
IN: 
0x06ff1975:  b8 2c 00 00 00           movl     $0x2c, %eax
0x06ff197a:  e8 f4 d0 ff ff           calll    0x6feea73

----------------
IN: 
0x06ff197f:  85 c0                    testl    %eax, %eax
0x06ff1981:  75 13                    jne      0x6ff1996

----------------
IN: 
0x06ff1996:  b9 2c 00 00 00           movl     $0x2c, %ecx
0x06ff199b:  31 d2                    xorl     %edx, %edx
0x06ff199d:  e8 84 9d 0f f9           calll    0xeb726

----------------
IN: 
0x06ff19a2:  89 70 14                 movl     %esi, 0x14(%eax)
0x06ff19a5:  c6 00 10                 movb     $0x10, (%eax)
0x06ff19a8:  66 c7 40 1a 00 02        movw     $0x200, 0x1a(%eax)
0x06ff19ae:  88 58 01                 movb     %bl, 1(%eax)
0x06ff19b1:  c7 40 0c ff ff ff ff     movl     $0xffffffff, 0xc(%eax)
0x06ff19b8:  c7 40 10 ff ff ff ff     movl     $0xffffffff, 0x10(%eax)
0x06ff19bf:  6b db 0a                 imull    $0xa, %ebx, %ebx
0x06ff19c2:  8b 93 60 60 0f 00        movl     0xf6060(%ebx), %edx
0x06ff19c8:  89 50 02                 movl     %edx, 2(%eax)
0x06ff19cb:  8b 93 64 60 0f 00        movl     0xf6064(%ebx), %edx
0x06ff19d1:  89 50 06                 movl     %edx, 6(%eax)
0x06ff19d4:  5b                       popl     %ebx
0x06ff19d5:  5e                       popl     %esi
0x06ff19d6:  c3                       retl     

----------------
IN: 
0x06ff4f89:  85 c0                    testl    %eax, %eax
0x06ff4f8b:  0f 84 86 00 00 00        je       0x6ff5017

----------------
IN: 
0x06ff4f91:  89 c6                    movl     %eax, %esi
0x06ff4f93:  8d 43 41                 leal     0x41(%ebx), %eax
0x06ff4f96:  50                       pushl    %eax
0x06ff4f97:  68 cc 24 0f 00           pushl    $0xf24cc
0x06ff4f9c:  6a 50                    pushl    $0x50
0x06ff4f9e:  e8 5f f1 ff ff           calll    0x6ff4102

----------------
IN: 
0x06ff4102:  56                       pushl    %esi
0x06ff4103:  53                       pushl    %ebx
0x06ff4104:  83 ec 0c                 subl     $0xc, %esp
0x06ff4107:  8b 74 24 18              movl     0x18(%esp), %esi
0x06ff410b:  89 f0                    movl     %esi, %eax
0x06ff410d:  e8 30 a9 ff ff           calll    0x6feea42

----------------
IN: 
0x06ff4112:  89 c3                    movl     %eax, %ebx
0x06ff4114:  85 c0                    testl    %eax, %eax
0x06ff4116:  75 11                    jne      0x6ff4129

----------------
IN: 
0x06ff4129:  c7 04 24 a2 c0 fe 06     movl     $0x6fec0a2, (%esp)
0x06ff4130:  89 44 24 04              movl     %eax, 4(%esp)
0x06ff4134:  01 c6                    addl     %eax, %esi
0x06ff4136:  89 74 24 08              movl     %esi, 8(%esp)
0x06ff413a:  8d 4c 24 20              leal     0x20(%esp), %ecx
0x06ff413e:  89 e0                    movl     %esp, %eax
0x06ff4140:  8b 54 24 1c              movl     0x1c(%esp), %edx
0x06ff4144:  e8 91 85 0f f9           calll    0xec6da

----------------
IN: 
0x000ec772:  3c 63                    cmpb     $0x63, %al
0x000ec774:  0f 85 9f 01 00 00        jne      0xec919

----------------
IN: 
0x000ec77a:  0f be 13                 movsbl   (%ebx), %edx
0x000ec77d:  89 e8                    movl     %ebp, %eax
0x000ec77f:  e8 17 db ff ff           calll    0xea29b

----------------
IN: 
0x000ec784:  e9 4f 01 00 00           jmp      0xec8d8

----------------
IN: 
0x06ff4149:  8b 44 24 04              movl     4(%esp), %eax
0x06ff414d:  8b 54 24 08              movl     8(%esp), %edx
0x06ff4151:  39 d0                    cmpl     %edx, %eax
0x06ff4153:  72 03                    jb       0x6ff4158

----------------
IN: 
0x06ff4158:  c6 00 00                 movb     $0, (%eax)
0x06ff415b:  89 d8                    movl     %ebx, %eax
0x06ff415d:  83 c4 0c                 addl     $0xc, %esp
0x06ff4160:  5b                       popl     %ebx
0x06ff4161:  5e                       popl     %esi
0x06ff4162:  c3                       retl     

----------------
IN: 
0x06ff4fa3:  89 c7                    movl     %eax, %edi
0x06ff4fa5:  a1 f8 fd ff 06           movl     0x6fffdf8, %eax
0x06ff4faa:  8d 48 fc                 leal     -4(%eax), %ecx
0x06ff4fad:  83 c4 0c                 addl     $0xc, %esp
0x06ff4fb0:  83 f9 fc                 cmpl     $-4, %ecx
0x06ff4fb3:  74 4e                    je       0x6ff5003

----------------
IN: 
0x06ff4fb5:  66 81 79 14 01 06        cmpw     $0x601, 0x14(%ecx)
0x06ff4fbb:  74 08                    je       0x6ff4fc5

----------------
IN: 
0x06ff4fbd:  8b 49 04                 movl     4(%ecx), %ecx
0x06ff4fc0:  83 e9 04                 subl     $4, %ecx
0x06ff4fc3:  eb eb                    jmp      0x6ff4fb0

----------------
IN: 
0x06ff4fb0:  83 f9 fc                 cmpl     $-4, %ecx
0x06ff4fb3:  74 4e                    je       0x6ff5003

----------------
IN: 
0x06ff4fc5:  85 c9                    testl    %ecx, %ecx
0x06ff4fc7:  74 3a                    je       0x6ff5003

----------------
IN: 
0x06ff4fc9:  ba de 24 0f 00           movl     $0xf24de, %edx
0x06ff4fce:  89 e0                    movl     %esp, %eax
0x06ff4fd0:  e8 c4 ed ff ff           calll    0x6ff3d99

----------------
IN: 
0x06ff3d99:  55                       pushl    %ebp
0x06ff3d9a:  57                       pushl    %edi
0x06ff3d9b:  56                       pushl    %esi
0x06ff3d9c:  53                       pushl    %ebx
0x06ff3d9d:  89 c6                    movl     %eax, %esi
0x06ff3d9f:  89 d5                    movl     %edx, %ebp
0x06ff3da1:  89 cf                    movl     %ecx, %edi
0x06ff3da3:  8b 49 0c                 movl     0xc(%ecx), %ecx
0x06ff3da6:  85 c9                    testl    %ecx, %ecx
0x06ff3da8:  74 0e                    je       0x6ff3db8

----------------
IN: 
0x06ff3db8:  68 c0 20 0f 00           pushl    $0xf20c0
0x06ff3dbd:  68 cb 20 0f 00           pushl    $0xf20cb
0x06ff3dc2:  68 00 01 00 00           pushl    $0x100
0x06ff3dc7:  50                       pushl    %eax
0x06ff3dc8:  e8 96 eb ff ff           calll    0x6ff2963

----------------
IN: 
0x06ff3dcd:  89 c2                    movl     %eax, %edx
0x06ff3dcf:  8d 1c 06                 leal     (%esi, %eax), %ebx
0x06ff3dd2:  0f b6 47 02              movzbl   2(%edi), %eax
0x06ff3dd6:  83 c4 10                 addl     $0x10, %esp
0x06ff3dd9:  84 c0                    testb    %al, %al
0x06ff3ddb:  74 19                    je       0x6ff3df6

----------------
IN: 
0x06ff3df6:  8b 07                    movl     (%edi), %eax
0x06ff3df8:  89 c7                    movl     %eax, %edi
0x06ff3dfa:  83 e7 07                 andl     $7, %edi
0x06ff3dfd:  81 c6 00 01 00 00        addl     $0x100, %esi
0x06ff3e03:  c0 e8 03                 shrb     $3, %al
0x06ff3e06:  0f b6 c0                 movzbl   %al, %eax
0x06ff3e09:  50                       pushl    %eax
0x06ff3e0a:  55                       pushl    %ebp
0x06ff3e0b:  68 d2 20 0f 00           pushl    $0xf20d2
0x06ff3e10:  89 f0                    movl     %esi, %eax
0x06ff3e12:  29 d8                    subl     %ebx, %eax
0x06ff3e14:  50                       pushl    %eax
0x06ff3e15:  53                       pushl    %ebx
0x06ff3e16:  e8 48 eb ff ff           calll    0x6ff2963

----------------
IN: 
0x06ff3e1b:  01 c3                    addl     %eax, %ebx
0x06ff3e1d:  83 c4 14                 addl     $0x14, %esp
0x06ff3e20:  89 f8                    movl     %edi, %eax
0x06ff3e22:  84 c0                    testb    %al, %al
0x06ff3e24:  74 17                    je       0x6ff3e3d

----------------
IN: 
0x06ff3e3d:  89 d8                    movl     %ebx, %eax
0x06ff3e3f:  5b                       popl     %ebx
0x06ff3e40:  5e                       popl     %esi
0x06ff3e41:  5f                       popl     %edi
0x06ff3e42:  5d                       popl     %ebp
0x06ff3e43:  c3                       retl     

----------------
IN: 
0x06ff4fd5:  53                       pushl    %ebx
0x06ff4fd6:  68 f0 03 00 00           pushl    $0x3f0
0x06ff4fdb:  68 e2 24 0f 00           pushl    $0xf24e2
0x06ff4fe0:  8d 94 24 0c 01 00 00     leal     0x10c(%esp), %edx
0x06ff4fe7:  29 c2                    subl     %eax, %edx
0x06ff4fe9:  52                       pushl    %edx
0x06ff4fea:  50                       pushl    %eax
0x06ff4feb:  e8 73 d9 ff ff           calll    0x6ff2963

----------------
IN: 
0x06ff4ff0:  8d 44 24 14              leal     0x14(%esp), %eax
0x06ff4ff4:  e8 91 ae ff ff           calll    0x6fefe8a

----------------
IN: 
0x06fefe8a:  55                       pushl    %ebp
0x06fefe8b:  57                       pushl    %edi
0x06fefe8c:  56                       pushl    %esi
0x06fefe8d:  53                       pushl    %ebx
0x06fefe8e:  89 c6                    movl     %eax, %esi
0x06fefe90:  50                       pushl    %eax
0x06fefe91:  68 df 11 0f 00           pushl    $0xf11df
0x06fefe96:  e8 87 d0 0f f9           calll    0xecf22

----------------
IN: 
0x06fefe9b:  8b 3d 44 ff ff 06        movl     0x6ffff44, %edi
0x06fefea1:  8b 2d 54 fe ff 06        movl     0x6fffe54, %ebp
0x06fefea7:  58                       popl     %eax
0x06fefea8:  5a                       popl     %edx
0x06fefea9:  31 db                    xorl     %ebx, %ebx
0x06fefeab:  39 df                    cmpl     %ebx, %edi
0x06fefead:  7e 12                    jle      0x6fefec1

----------------
IN: 
0x06fefeaf:  8b 54 9d 00              movl     (%ebp, %ebx, 4), %edx
0x06fefeb3:  89 f0                    movl     %esi, %eax
0x06fefeb5:  e8 98 c6 ff ff           calll    0x6fec552

----------------
IN: 
0x06fec552:  53                       pushl    %ebx
0x06fec553:  89 c1                    movl     %eax, %ecx
0x06fec555:  89 d0                    movl     %edx, %eax
0x06fec557:  8a 19                    movb     (%ecx), %bl
0x06fec559:  8a 10                    movb     (%eax), %dl
0x06fec55b:  84 db                    testb    %bl, %bl
0x06fec55d:  75 0b                    jne      0x6fec56a

----------------
IN: 
0x06fec56a:  80 fb 2a                 cmpb     $0x2a, %bl
0x06fec56d:  75 11                    jne      0x6fec580

----------------
IN: 
0x06fec580:  38 d3                    cmpb     %dl, %bl
0x06fec582:  75 04                    jne      0x6fec588

----------------
IN: 
0x06fec584:  41                       incl     %ecx
0x06fec585:  40                       incl     %eax
0x06fec586:  eb cf                    jmp      0x6fec557

----------------
IN: 
0x06fec557:  8a 19                    movb     (%ecx), %bl
0x06fec559:  8a 10                    movb     (%eax), %dl
0x06fec55b:  84 db                    testb    %bl, %bl
0x06fec55d:  75 0b                    jne      0x6fec56a

----------------
IN: 
0x06fec588:  31 c0                    xorl     %eax, %eax
0x06fec58a:  5b                       popl     %ebx
0x06fec58b:  c3                       retl     

----------------
IN: 
0x06fefeba:  43                       incl     %ebx
0x06fefebb:  85 c0                    testl    %eax, %eax
0x06fefebd:  74 ec                    je       0x6fefeab

----------------
IN: 
0x06fefeab:  39 df                    cmpl     %ebx, %edi
0x06fefead:  7e 12                    jle      0x6fefec1

----------------
IN: 
0x06fefec1:  83 cb ff                 orl      $0xffffffff, %ebx
0x06fefec4:  89 d8                    movl     %ebx, %eax
0x06fefec6:  5b                       popl     %ebx
0x06fefec7:  5e                       popl     %esi
0x06fefec8:  5f                       popl     %edi
0x06fefec9:  5d                       popl     %ebp
0x06fefeca:  c3                       retl     

----------------
IN: 
0x06ff4ff9:  89 c2                    movl     %eax, %edx
0x06ff4ffb:  83 c4 14                 addl     $0x14, %esp

----------------
IN: 
0x06ff4ffe:  83 f8 ff                 cmpl     $-1, %eax

----------------
IN: 
0x06ff5001:  75 06                    jne      0x6ff5009

----------------
IN: 
0x06ff5003:  8b 15 50 fe ff 06        movl     0x6fffe50, %edx
0x06ff5009:  57                       pushl    %edi
0x06ff500a:  89 f1                    movl     %esi, %ecx
0x06ff500c:  b8 01 00 00 00           movl     $1, %eax
0x06ff5011:  e8 d0 9b ff ff           calll    0x6feebe6

----------------
IN: 
0x06feebe6:  55                       pushl    %ebp
0x06feebe7:  57                       pushl    %edi
0x06feebe8:  56                       pushl    %esi
0x06feebe9:  53                       pushl    %ebx
0x06feebea:  83 ec 08                 subl     $8, %esp
0x06feebed:  89 04 24                 movl     %eax, (%esp)
0x06feebf0:  89 d6                    movl     %edx, %esi
0x06feebf2:  89 cf                    movl     %ecx, %edi
0x06feebf4:  8b 6c 24 1c              movl     0x1c(%esp), %ebp
0x06feebf8:  b8 18 00 00 00           movl     $0x18, %eax
0x06feebfd:  e8 40 fe ff ff           calll    0x6feea42

----------------
IN: 
0x06feec02:  85 c0                    testl    %eax, %eax
0x06feec04:  75 16                    jne      0x6feec1c

----------------
IN: 
0x06feec1c:  8b 0c 24                 movl     (%esp), %ecx
0x06feec1f:  89 08                    movl     %ecx, (%eax)
0x06feec21:  89 70 08                 movl     %esi, 8(%eax)
0x06feec24:  89 78 04                 movl     %edi, 4(%eax)
0x06feec27:  85 ed                    testl    %ebp, %ebp
0x06feec29:  75 05                    jne      0x6feec30

----------------
IN: 
0x06feec30:  89 68 0c                 movl     %ebp, 0xc(%eax)
0x06feec33:  8b 0d 40 fe ff 06        movl     0x6fffe40, %ecx
0x06feec39:  83 3c 24 03              cmpl     $3, (%esp)
0x06feec3d:  0f 9e 44 24 07           setle    7(%esp)
0x06feec42:  ba 40 fe ff 06           movl     $0x6fffe40, %edx
0x06feec47:  85 c9                    testl    %ecx, %ecx
0x06feec49:  75 0f                    jne      0x6feec5a

----------------
IN: 
0x06feec4b:  83 c0 10                 addl     $0x10, %eax
0x06feec4e:  83 c4 08                 addl     $8, %esp
0x06feec51:  5b                       popl     %ebx
0x06feec52:  5e                       popl     %esi
0x06feec53:  5f                       popl     %edi
0x06feec54:  5d                       popl     %ebp
0x06feec55:  e9 37 d4 ff ff           jmp      0x6fec091

----------------
IN: 
0x06ff5016:  58                       popl     %eax
0x06ff5017:  81 c4 00 01 00 00        addl     $0x100, %esp
0x06ff501d:  5b                       popl     %ebx
0x06ff501e:  5e                       popl     %esi
0x06ff501f:  5f                       popl     %edi
0x06ff5020:  c3                       retl     

----------------
IN: 
0x06ff6b4d:  80 e3 0f                 andb     $0xf, %bl
0x06ff6b50:  74 0d                    je       0x6ff6b5f

----------------
IN: 
0x06ff6b5f:  ba 57 ef 0f 00           movl     $0xfef57, %edx
0x06ff6b64:  0f b7 d2                 movzwl   %dx, %edx
0x06ff6b67:  81 ca 00 00 00 f0        orl      $0xf0000000, %edx
0x06ff6b6d:  b8 06 00 00 00           movl     $6, %eax
0x06ff6b72:  e8 48 69 ff ff           calll    0x6fed4bf

----------------
IN: 
0x06ff6b77:  b8 00 7d 00 00           movl     $0x7d00, %eax
0x06ff6b7c:  e8 72 59 0f f9           calll    0xec4f3

----------------
IN: 
0x06ff6b81:  a3 50 ff ff 06           movl     %eax, 0x6ffff50
0x06ff6b86:  a1 f8 fd ff 06           movl     0x6fffdf8, %eax
0x06ff6b8b:  8d 58 fc                 leal     -4(%eax), %ebx
0x06ff6b8e:  85 c0                    testl    %eax, %eax
0x06ff6b90:  75 36                    jne      0x6ff6bc8

----------------
IN: 
0x06ff6bc8:  83 fb fc                 cmpl     $-4, %ebx
0x06ff6bcb:  74 14                    je       0x6ff6be1

----------------
IN: 
0x06ff6bcd:  89 da                    movl     %ebx, %edx
0x06ff6bcf:  b8 e0 fc ff 06           movl     $0x6fffce0, %eax
0x06ff6bd4:  e8 1e 69 ff ff           calll    0x6fed4f7

----------------
IN: 
0x06ff6bd9:  8b 5b 04                 movl     4(%ebx), %ebx
0x06ff6bdc:  83 eb 04                 subl     $4, %ebx
0x06ff6bdf:  eb e7                    jmp      0x6ff6bc8

----------------
IN: 
0x06ff25d3:  55                       pushl    %ebp
0x06ff25d4:  57                       pushl    %edi
0x06ff25d5:  56                       pushl    %esi
0x06ff25d6:  53                       pushl    %ebx
0x06ff25d7:  89 c3                    movl     %eax, %ebx
0x06ff25d9:  0f b6 68 16              movzbl   0x16(%eax), %ebp
0x06ff25dd:  0f b7 00                 movzwl   (%eax), %eax
0x06ff25e0:  ba 3c 00 00 00           movl     $0x3c, %edx
0x06ff25e5:  e8 97 7f 0f f9           calll    0xea581

----------------
IN: 
0x06ff25ea:  89 c6                    movl     %eax, %esi
0x06ff25ec:  f7 c5 01 00 00 00        testl    $1, %ebp
0x06ff25f2:  74 2f                    je       0x6ff2623

----------------
IN: 
0x06ff2623:  b9 0e 00 00 00           movl     $0xe, %ecx
0x06ff2628:  b8 f4 03 00 00           movl     $0x3f4, %eax
0x06ff262d:  bf f0 01 00 00           movl     $0x1f0, %edi
0x06ff2632:  50                       pushl    %eax
0x06ff2633:  57                       pushl    %edi
0x06ff2634:  31 d2                    xorl     %edx, %edx
0x06ff2636:  89 d8                    movl     %ebx, %eax
0x06ff2638:  e8 f9 fe ff ff           calll    0x6ff2536

----------------
IN: 
0x06ff2536:  55                       pushl    %ebp
0x06ff2537:  57                       pushl    %edi
0x06ff2538:  56                       pushl    %esi
0x06ff2539:  53                       pushl    %ebx
0x06ff253a:  83 ec 08                 subl     $8, %esp
0x06ff253d:  89 c6                    movl     %eax, %esi
0x06ff253f:  89 14 24                 movl     %edx, (%esp)
0x06ff2542:  89 4c 24 04              movl     %ecx, 4(%esp)
0x06ff2546:  8b 7c 24 1c              movl     0x1c(%esp), %edi
0x06ff254a:  8b 6c 24 20              movl     0x20(%esp), %ebp
0x06ff254e:  b8 14 00 00 00           movl     $0x14, %eax
0x06ff2553:  e8 1b c5 ff ff           calll    0x6feea73

----------------
IN: 
0x06ff2558:  85 c0                    testl    %eax, %eax
0x06ff255a:  8b 4c 24 04              movl     4(%esp), %ecx
0x06ff255e:  75 16                    jne      0x6ff2576

----------------
IN: 
0x06ff2576:  89 c3                    movl     %eax, %ebx
0x06ff2578:  8b 15 00 ff ff 06        movl     0x6ffff00, %edx
0x06ff257e:  8d 42 01                 leal     1(%edx), %eax
0x06ff2581:  a3 00 ff ff 06           movl     %eax, 0x6ffff00
0x06ff2586:  88 53 08                 movb     %dl, 8(%ebx)
0x06ff2589:  8a 14 24                 movb     (%esp), %dl
0x06ff258c:  88 53 07                 movb     %dl, 7(%ebx)
0x06ff258f:  88 4b 06                 movb     %cl, 6(%ebx)
0x06ff2592:  83 ca ff                 orl      $0xffffffff, %edx
0x06ff2595:  85 f6                    testl    %esi, %esi
0x06ff2597:  74 03                    je       0x6ff259c

----------------
IN: 
0x06ff2599:  0f b7 16                 movzwl   (%esi), %edx
0x06ff259c:  89 53 0c                 movl     %edx, 0xc(%ebx)
0x06ff259f:  89 73 10                 movl     %esi, 0x10(%ebx)
0x06ff25a2:  66 89 3b                 movw     %di, (%ebx)
0x06ff25a5:  66 89 6b 02              movw     %bp, 2(%ebx)
0x06ff25a9:  66 c7 43 04 00 00        movw     $0, 4(%ebx)
0x06ff25af:  52                       pushl    %edx
0x06ff25b0:  51                       pushl    %ecx
0x06ff25b1:  6a 00                    pushl    $0
0x06ff25b3:  55                       pushl    %ebp
0x06ff25b4:  57                       pushl    %edi
0x06ff25b5:  50                       pushl    %eax
0x06ff25b6:  68 12 1d 0f 00           pushl    $0xf1d12
0x06ff25bb:  e8 62 a9 0f f9           calll    0xecf22

----------------
IN: 
0x06ff25c0:  89 da                    movl     %ebx, %edx
0x06ff25c2:  b8 c8 99 ff 06           movl     $0x6ff99c8, %eax
0x06ff25c7:  83 c4 24                 addl     $0x24, %esp
0x06ff25ca:  5b                       popl     %ebx
0x06ff25cb:  5e                       popl     %esi
0x06ff25cc:  5f                       popl     %edi
0x06ff25cd:  5d                       popl     %ebp
0x06ff25ce:  e9 c4 c3 ff ff           jmp      0x6fee997

----------------
IN: 
0x06ff99c8:  55                       pushl    %ebp
0x06ff99c9:  57                       pushl    %edi
0x06ff99ca:  56                       pushl    %esi
0x06ff99cb:  53                       pushl    %ebx
0x06ff99cc:  81 ec 74 02 00 00        subl     $0x274, %esp
0x06ff99d2:  89 44 24 0c              movl     %eax, 0xc(%esp)
0x06ff99d6:  8d 44 24 40              leal     0x40(%esp), %eax
0x06ff99da:  b9 34 00 00 00           movl     $0x34, %ecx
0x06ff99df:  31 d2                    xorl     %edx, %edx
0x06ff99e1:  e8 40 1d 0f f9           calll    0xeb726

----------------
IN: 
0x06ff99e6:  8b 44 24 0c              movl     0xc(%esp), %eax
0x06ff99ea:  89 44 24 6c              movl     %eax, 0x6c(%esp)
0x06ff99ee:  c6 44 24 03 00           movb     $0, 3(%esp)
0x06ff99f3:  31 f6                    xorl     %esi, %esi
0x06ff99f5:  8b 44 24 0c              movl     0xc(%esp), %eax
0x06ff99f9:  0f b7 00                 movzwl   (%eax), %eax
0x06ff99fc:  89 c5                    movl     %eax, %ebp
0x06ff99fe:  89 44 24 04              movl     %eax, 4(%esp)
0x06ff9a02:  e8 ab 5d ff ff           calll    0x6fef7b2

----------------
IN: 
0x06fef7b2:  56                       pushl    %esi
0x06fef7b3:  53                       pushl    %ebx
0x06fef7b4:  89 c6                    movl     %eax, %esi
0x06fef7b6:  31 db                    xorl     %ebx, %ebx
0x06fef7b8:  8d 56 07                 leal     7(%esi), %edx
0x06fef7bb:  ec                       inb      %dx, %al

----------------
IN: 
0x06fef7bc:  84 c0                    testb    %al, %al
0x06fef7be:  79 30                    jns      0x6fef7f0

----------------
IN: 
0x06fef7f0:  0f b6 c0                 movzbl   %al, %eax
0x06fef7f3:  eb 05                    jmp      0x6fef7fa

----------------
IN: 
0x06fef7fa:  5b                       popl     %ebx
0x06fef7fb:  5e                       popl     %esi
0x06fef7fc:  c3                       retl     

----------------
IN: 
0x06ff9a07:  40                       incl     %eax
0x06ff9a08:  0f 84 b1 03 00 00        je       0x6ff9dbf

----------------
IN: 
0x06ff9a0e:  b3 a0                    movb     $0xa0, %bl
0x06ff9a10:  80 7c 24 03 00           cmpb     $0, 3(%esp)
0x06ff9a15:  74 02                    je       0x6ff9a19

----------------
IN: 
0x06ff9a19:  88 d8                    movb     %bl, %al
0x06ff9a1b:  8d 55 06                 leal     6(%ebp), %edx
0x06ff9a1e:  ee                       outb     %al, %dx

----------------
IN: 
0x06ff9a1f:  e8 5f 2a 0f f9           calll    0xec483

----------------
IN: 
0x06ff9a24:  89 44 24 10              movl     %eax, 0x10(%esp)
0x06ff9a28:  69 05 dc 60 0f 00 90 01  imull    $0x190, 0xf60dc, %eax
0x06ff9a30:  00 00
0x06ff9a32:  05 3f 42 0f 00           addl     $0xf423f, %eax
0x06ff9a37:  b9 40 42 0f 00           movl     $0xf4240, %ecx
0x06ff9a3c:  31 d2                    xorl     %edx, %edx
0x06ff9a3e:  f7 f1                    divl     %ecx
0x06ff9a40:  03 44 24 10              addl     0x10(%esp), %eax
0x06ff9a44:  e8 15 2b 0f f9           calll    0xec55e

----------------
IN: 
0x000ec55e:  53                       pushl    %ebx
0x000ec55f:  89 c3                    movl     %eax, %ebx
0x000ec561:  89 d8                    movl     %ebx, %eax
0x000ec563:  e8 e2 ff ff ff           calll    0xec54a

----------------
IN: 
0x000ec54a:  53                       pushl    %ebx
0x000ec54b:  89 c3                    movl     %eax, %ebx
0x000ec54d:  e8 31 ff ff ff           calll    0xec483

----------------
IN: 
0x000ec552:  29 d8                    subl     %ebx, %eax
0x000ec554:  85 c0                    testl    %eax, %eax
0x000ec556:  0f 9f c0                 setg     %al
0x000ec559:  0f b6 c0                 movzbl   %al, %eax
0x000ec55c:  5b                       popl     %ebx
0x000ec55d:  c3                       retl     

----------------
IN: 
0x000ec568:  85 c0                    testl    %eax, %eax
0x000ec56a:  75 04                    jne      0xec570

----------------
IN: 
0x000ec570:  5b                       popl     %ebx
0x000ec571:  c3                       retl     

----------------
IN: 
0x06ff9a49:  0f b7 c5                 movzwl   %bp, %eax
0x06ff9a4c:  e8 61 5d ff ff           calll    0x6fef7b2

----------------
IN: 
0x06ff9a51:  40                       incl     %eax
0x06ff9a52:  0f 84 67 03 00 00        je       0x6ff9dbf

----------------
IN: 
0x06ff9a58:  88 d8                    movb     %bl, %al
0x06ff9a5a:  8d 55 06                 leal     6(%ebp), %edx
0x06ff9a5d:  ee                       outb     %al, %dx

----------------
IN: 
0x06ff9a5e:  ec                       inb      %dx, %al

----------------
IN: 
0x06ff9a5f:  88 44 24 10              movb     %al, 0x10(%esp)
0x06ff9a63:  b0 55                    movb     $0x55, %al
0x06ff9a65:  8d 55 02                 leal     2(%ebp), %edx
0x06ff9a68:  ee                       outb     %al, %dx

----------------
IN: 
0x06ff9a69:  b0 aa                    movb     $0xaa, %al
0x06ff9a6b:  8d 55 03                 leal     3(%ebp), %edx
0x06ff9a6e:  ee                       outb     %al, %dx

----------------
IN: 
0x06ff9a6f:  8d 55 02                 leal     2(%ebp), %edx
0x06ff9a72:  ec                       inb      %dx, %al

----------------
IN: 
0x06ff9a73:  8d 55 03                 leal     3(%ebp), %edx
0x06ff9a76:  88 c1                    movb     %al, %cl
0x06ff9a78:  ec                       inb      %dx, %al

----------------
IN: 
0x06ff9a79:  3c aa                    cmpb     $0xaa, %al
0x06ff9a7b:  0f 95 c0                 setne    %al
0x06ff9a7e:  80 f9 55                 cmpb     $0x55, %cl
0x06ff9a81:  0f 95 c2                 setne    %dl
0x06ff9a84:  08 d0                    orb      %dl, %al
0x06ff9a86:  0f 85 33 03 00 00        jne      0x6ff9dbf

----------------
IN: 
0x06ff9dbf:  80 7c 24 03 01           cmpb     $1, 3(%esp)
0x06ff9dc4:  74 0a                    je       0x6ff9dd0

----------------
IN: 
0x06ff9dc6:  c6 44 24 03 01           movb     $1, 3(%esp)
0x06ff9dcb:  e9 25 fc ff ff           jmp      0x6ff99f5

----------------
IN: 
0x06ff99f5:  8b 44 24 0c              movl     0xc(%esp), %eax
0x06ff99f9:  0f b7 00                 movzwl   (%eax), %eax
0x06ff99fc:  89 c5                    movl     %eax, %ebp
0x06ff99fe:  89 44 24 04              movl     %eax, 4(%esp)
0x06ff9a02:  e8 ab 5d ff ff           calll    0x6fef7b2

----------------
IN: 
0x06ff9a17:  b3 b0                    movb     $0xb0, %bl
0x06ff9a19:  88 d8                    movb     %bl, %al
0x06ff9a1b:  8d 55 06                 leal     6(%ebp), %edx
0x06ff9a1e:  ee                       outb     %al, %dx

----------------
IN: 
0x000ec56c:  f3 90                    pause    

----------------
IN: 
0x000ec56e:  eb f1                    jmp      0xec561

----------------
IN: 
0x000ec561:  89 d8                    movl     %ebx, %eax
0x000ec563:  e8 e2 ff ff ff           calll    0xec54a

----------------
IN: 
0x06ff9dd0:  81 c4 74 02 00 00        addl     $0x274, %esp
0x06ff9dd6:  5b                       popl     %ebx
0x06ff9dd7:  5e                       popl     %esi
0x06ff9dd8:  5f                       popl     %edi
0x06ff9dd9:  5d                       popl     %ebp
0x06ff9dda:  c3                       retl     

----------------
IN: 
0x06fee9fc:  89 d8                    movl     %ebx, %eax
0x06fee9fe:  8b 5b 04                 movl     4(%ebx), %ebx
0x06feea01:  8b 25 08 62 0f 00        movl     0xf6208, %esp
0x06feea07:  e8 59 fb ff ff           calll    0x6fee565

----------------
IN: 
0x06fee565:  89 c1                    movl     %eax, %ecx
0x06fee567:  8d 40 04                 leal     4(%eax), %eax
0x06fee56a:  e8 11 db ff ff           calll    0x6fec080

----------------
IN: 
0x06fee56f:  89 c8                    movl     %ecx, %eax
0x06fee571:  e8 6d ff ff ff           calll    0x6fee4e3

----------------
IN: 
0x06fee576:  81 3d 0c 62 0f 00 0c 62  cmpl     $0xf620c, 0xf620c
0x06fee57e:  0f 00
0x06fee580:  75 0b                    jne      0x6fee58d

----------------
IN: 
0x06fee58d:  c3                       retl     

----------------
IN: 
0x06feea0c:  8b 63 fc                 movl     -4(%ebx), %esp
0x06feea0f:  5d                       popl     %ebp
0x06feea10:  c3                       retl     

----------------
IN: 
0x000ea296:  5b                       popl     %ebx
0x000ea297:  5e                       popl     %esi
0x000ea298:  5f                       popl     %edi
0x000ea299:  c3                       retl     

----------------
IN: 
0x000ecb5f:  5b                       popl     %ebx
0x000ecb60:  c3                       retl     

----------------
IN: 
0x06ff22bd:  8a 44 24 03              movb     3(%esp), %al
0x06ff22c1:  a2 ac 99 0e 00           movb     %al, 0xe99ac
0x06ff22c6:  83 e0 ef                 andl     $0xffffffef, %eax
0x06ff22c9:  88 44 24 03              movb     %al, 3(%esp)
0x06ff22cd:  8d 54 24 03              leal     3(%esp), %edx
0x06ff22d1:  b8 60 10 00 00           movl     $0x1060, %eax
0x06ff22d6:  e8 01 cf ff ff           calll    0x6fef1dc

----------------
IN: 
0x06ff22db:  89 c3                    movl     %eax, %ebx
0x06ff22dd:  85 c0                    testl    %eax, %eax
0x06ff22df:  74 05                    je       0x6ff22e6

----------------
IN: 
0x06ff22e6:  89 f0                    movl     %esi, %eax
0x06ff22e8:  0f b6 c0                 movzbl   %al, %eax
0x06ff22eb:  89 f1                    movl     %esi, %ecx
0x06ff22ed:  fe c1                    incb     %cl
0x06ff22ef:  75 15                    jne      0x6ff2306

----------------
IN: 
0x06ff22f1:  ba e8 03 00 00           movl     $0x3e8, %edx
0x06ff22f6:  e8 4f ff ff ff           calll    0x6ff224a

----------------
IN: 
0x06ff224a:  56                       pushl    %esi
0x06ff224b:  53                       pushl    %ebx
0x06ff224c:  89 d6                    movl     %edx, %esi
0x06ff224e:  88 c3                    movb     %al, %bl
0x06ff2250:  e8 9e ad 0f f9           calll    0xecff3

----------------
IN: 
0x06ff2255:  85 c0                    testl    %eax, %eax
0x06ff2257:  75 1f                    jne      0x6ff2278

----------------
IN: 
0x06ff2259:  88 d8                    movb     %bl, %al
0x06ff225b:  e6 60                    outb     %al, $0x60

----------------
IN: 
0x06ff225d:  89 f2                    movl     %esi, %edx
0x06ff225f:  b8 01 00 00 00           movl     $1, %eax
0x06ff2264:  e8 5e ff ff ff           calll    0x6ff21c7

----------------
IN: 
0x06ff21c7:  56                       pushl    %esi
0x06ff21c8:  53                       pushl    %ebx
0x06ff21c9:  89 c3                    movl     %eax, %ebx
0x06ff21cb:  89 d0                    movl     %edx, %eax
0x06ff21cd:  e8 21 a3 0f f9           calll    0xec4f3

----------------
IN: 
0x06ff21d2:  89 c6                    movl     %eax, %esi
0x06ff21d4:  e4 64                    inb      $0x64, %al

----------------
IN: 
0x06ff21d6:  0f b6 d0                 movzbl   %al, %edx
0x06ff21d9:  f6 c2 01                 testb    $1, %dl
0x06ff21dc:  74 3e                    je       0x6ff221c

----------------
IN: 
0x06ff21de:  e4 60                    inb      $0x60, %al

----------------
IN: 
0x06ff21e0:  f6 c2 20                 testb    $0x20, %dl
0x06ff21e3:  75 25                    jne      0x6ff220a

----------------
IN: 
0x06ff21e5:  85 db                    testl    %ebx, %ebx
0x06ff21e7:  75 05                    jne      0x6ff21ee

----------------
IN: 
0x06ff21ee:  3c fa                    cmpb     $0xfa, %al
0x06ff21f0:  74 50                    je       0x6ff2242

----------------
IN: 
0x06ff2242:  b8 fa 00 00 00           movl     $0xfa, %eax
0x06ff2247:  5b                       popl     %ebx
0x06ff2248:  5e                       popl     %esi
0x06ff2249:  c3                       retl     

----------------
IN: 
0x06ff2269:  3d fa 00 00 00           cmpl     $0xfa, %eax
0x06ff226e:  0f 95 c0                 setne    %al
0x06ff2271:  0f b6 c0                 movzbl   %al, %eax
0x06ff2274:  f7 d8                    negl     %eax
0x06ff2276:  eb 03                    jmp      0x6ff227b

----------------
IN: 
0x06ff227b:  5b                       popl     %ebx
0x06ff227c:  5e                       popl     %esi
0x06ff227d:  c3                       retl     

----------------
IN: 
0x06ff22fb:  ba a0 0f 00 00           movl     $0xfa0, %edx
0x06ff2300:  85 c0                    testl    %eax, %eax
0x06ff2302:  75 dd                    jne      0x6ff22e1

----------------
IN: 
0x06ff2304:  eb 3f                    jmp      0x6ff2345

----------------
IN: 
0x06ff2345:  e8 7d fe ff ff           calll    0x6ff21c7

----------------
IN: 
0x06ff21e9:  0f b6 c0                 movzbl   %al, %eax
0x06ff21ec:  eb 59                    jmp      0x6ff2247

----------------
IN: 
0x06ff2247:  5b                       popl     %ebx
0x06ff2248:  5e                       popl     %esi
0x06ff2249:  c3                       retl     

----------------
IN: 
0x06ff234a:  83 f8 ff                 cmpl     $-1, %eax
0x06ff234d:  74 92                    je       0x6ff22e1

----------------
IN: 
0x06ff234f:  88 45 00                 movb     %al, (%ebp)
0x06ff2352:  89 f8                    movl     %edi, %eax
0x06ff2354:  a2 ac 99 0e 00           movb     %al, 0xe99ac
0x06ff2359:  8d 54 24 02              leal     2(%esp), %edx
0x06ff235d:  b8 60 10 00 00           movl     $0x1060, %eax
0x06ff2362:  e8 75 ce ff ff           calll    0x6fef1dc

----------------
IN: 
0x06ff2367:  85 c0                    testl    %eax, %eax
0x06ff2369:  0f 85 41 ff ff ff        jne      0x6ff22b0

----------------
IN: 
0x06ff236f:  89 d8                    movl     %ebx, %eax
0x06ff2371:  5a                       popl     %edx
0x06ff2372:  5b                       popl     %ebx
0x06ff2373:  5e                       popl     %esi
0x06ff2374:  5f                       popl     %edi
0x06ff2375:  5d                       popl     %ebp
0x06ff2376:  c3                       retl     

----------------
IN: 
0x06ff2443:  0f b6 5c 24 02           movzbl   2(%esp), %ebx
0x06ff2448:  85 c0                    testl    %eax, %eax
0x06ff244a:  74 29                    je       0x6ff2475

----------------
IN: 
0x06ff2475:  80 fb aa                 cmpb     $0xaa, %bl
0x06ff2478:  74 08                    je       0x6ff2482

----------------
IN: 
0x06ff2482:  31 d2                    xorl     %edx, %edx
0x06ff2484:  b8 f5 00 00 00           movl     $0xf5, %eax
0x06ff2489:  e8 f0 fd ff ff           calll    0x6ff227e

----------------
IN: 
0x000ff3b6:  67 66 8d 6b 05           leal     5(%ebx), %ebp
0x000ff3bb:  66 89 ea                 movl     %ebp, %edx
0x000ff3be:  ec                       inb      %dx, %al

----------------
IN: 
0x000ff3bf:  fe c0                    incb     %al
0x000ff3c1:  0f 84 3f 01              je       0xff504

----------------
IN: 
0x000ff3c5:  66 e8 7e 96 ff ff        calll    0xf8a49

----------------
IN: 
0x000f8aaf:  66 89 f8                 movl     %edi, %eax
0x000f8ab2:  84 c0                    testb    %al, %al
0x000f8ab4:  74 10                    je       0xf8ac6

----------------
IN: 
0x000f8ac6:  8e c3                    movw     %bx, %es
0x000f8ac8:  26 a0 ce f1              movb     %es:0xf1ce, %al
0x000f8acc:  66 89 f1                 movl     %esi, %ecx
0x000f8acf:  38 c1                    cmpb     %al, %cl
0x000f8ad1:  73 26                    jae      0xf8af9

----------------
IN: 
0x000f8af9:  26 a0 cf f1              movb     %es:0xf1cf, %al
0x000f8afd:  84 c0                    testb    %al, %al
0x000f8aff:  74 15                    je       0xf8b16

----------------
IN: 
0x000f8b01:  66 b8 0d 00 00 00        movl     $0xd, %eax
0x000f8b07:  66 e8 ce 64 00 00        calll    0xfefdb

----------------
IN: 
0x000f8b0d:  8e c3                    movw     %bx, %es
0x000f8b0f:  66 89 f8                 movl     %edi, %eax
0x000f8b12:  26 a2 cf f1              movb     %al, %es:0xf1cf
0x000f8b16:  8e c3                    movw     %bx, %es
0x000f8b18:  26 a0 ce f1              movb     %es:0xf1ce, %al
0x000f8b1c:  66 89 f2                 movl     %esi, %edx
0x000f8b1f:  38 d0                    cmpb     %dl, %al
0x000f8b21:  73 1a                    jae      0xf8b3d

----------------
IN: 
0x000f8b23:  66 b8 0a 00 00 00        movl     $0xa, %eax
0x000f8b29:  66 e8 ac 64 00 00        calll    0xfefdb

----------------
IN: 
0x000f8b2f:  8e c3                    movw     %bx, %es
0x000f8b31:  26 a0 ce f1              movb     %es:0xf1ce, %al
0x000f8b35:  66 40                    incl     %eax
0x000f8b37:  26 a2 ce f1              movb     %al, %es:0xf1ce
0x000f8b3b:  eb d9                    jmp      0xf8b16

----------------
IN: 
0x000f8b16:  8e c3                    movw     %bx, %es
0x000f8b18:  26 a0 ce f1              movb     %es:0xf1ce, %al
0x000f8b1c:  66 89 f2                 movl     %esi, %edx
0x000f8b1f:  38 d0                    cmpb     %dl, %al
0x000f8b21:  73 1a                    jae      0xf8b3d

----------------
IN: 
0x000f8b3d:  38 c2                    cmpb     %al, %dl
0x000f8b3f:  75 92                    jne      0xf8ad3

----------------
IN: 
0x000f8b41:  26 a0 cf f1              movb     %es:0xf1cf, %al
0x000f8b45:  84 c0                    testb    %al, %al
0x000f8b47:  75 8a                    jne      0xf8ad3

----------------
IN: 
0x000ff3cb:  66 31 ff                 xorl     %edi, %edi
0x000ff3ce:  66 89 ea                 movl     %ebp, %edx
0x000ff3d1:  ec                       inb      %dx, %al

----------------
IN: 
0x000ff3d2:  a8 01                    testb    $1, %al
0x000ff3d4:  0f 84 8e 00              je       0xff466

----------------
IN: 
0x000ff466:  8e c6                    movw     %si, %es
0x000ff468:  26 a0 b9 f1              movb     %es:0xf1b9, %al
0x000ff46c:  84 c0                    testb    %al, %al
0x000ff46e:  75 8f                    jne      0xff3ff

----------------
IN: 
0x000ff470:  e9 91 00                 jmp      0xff504

----------------
IN: 
0x06ff263d:  59                       popl     %ecx
0x06ff263e:  5f                       popl     %edi
0x06ff263f:  83 e5 04                 andl     $4, %ebp
0x06ff2642:  74 2f                    je       0x6ff2673

----------------
IN: 
0x06ff2673:  b9 0f 00 00 00           movl     $0xf, %ecx
0x06ff2678:  b8 74 03 00 00           movl     $0x374, %eax
0x06ff267d:  bf 70 01 00 00           movl     $0x170, %edi
0x06ff2682:  50                       pushl    %eax
0x06ff2683:  57                       pushl    %edi
0x06ff2684:  ba 01 00 00 00           movl     $1, %edx
0x06ff2689:  89 d8                    movl     %ebx, %eax
0x06ff268b:  e8 a6 fe ff ff           calll    0x6ff2536

----------------
IN: 
0x06ff9a8c:  3a 5c 24 10              cmpb     0x10(%esp), %bl
0x06ff9a90:  0f 85 29 03 00 00        jne      0x6ff9dbf

----------------
IN: 
0x06ff9a96:  8a 44 24 03              movb     3(%esp), %al
0x06ff9a9a:  88 44 24 70              movb     %al, 0x70(%esp)
0x06ff9a9e:  85 f6                    testl    %esi, %esi
0x06ff9aa0:  0f 85 a6 00 00 00        jne      0x6ff9b4c

----------------
IN: 
0x06ff9aa6:  8b 44 24 6c              movl     0x6c(%esp), %eax
0x06ff9aaa:  0f b7 38                 movzwl   (%eax), %edi
0x06ff9aad:  89 fb                    movl     %edi, %ebx
0x06ff9aaf:  66 8b 70 02              movw     2(%eax), %si
0x06ff9ab3:  83 c6 02                 addl     $2, %esi
0x06ff9ab6:  b0 0e                    movb     $0xe, %al
0x06ff9ab8:  89 f2                    movl     %esi, %edx
0x06ff9aba:  ee                       outb     %al, %dx

----------------
IN: 
0x06ff9abb:  b8 05 00 00 00           movl     $5, %eax
0x06ff9ac0:  e8 ad 2a 0f f9           calll    0xec572

----------------
IN: 
0x000ec572:  e8 8f ff ff ff           calll    0xec506

----------------
IN: 
0x000ec506:  56                       pushl    %esi
0x000ec507:  53                       pushl    %ebx
0x000ec508:  89 c3                    movl     %eax, %ebx
0x000ec50a:  e8 74 ff ff ff           calll    0xec483

----------------
IN: 
0x000ec50f:  89 c1                    movl     %eax, %ecx
0x000ec511:  8b 35 dc 60 0f 00        movl     0xf60dc, %esi
0x000ec517:  81 fb 20 a1 07 00        cmpl     $0x7a120, %ebx
0x000ec51d:  76 14                    jbe      0xec533

----------------
IN: 
0x000ec533:  0f af f3                 imull    %ebx, %esi
0x000ec536:  8d 86 e7 03 00 00        leal     0x3e7(%esi), %eax
0x000ec53c:  bb e8 03 00 00           movl     $0x3e8, %ebx
0x000ec541:  31 d2                    xorl     %edx, %edx
0x000ec543:  f7 f3                    divl     %ebx
0x000ec545:  01 c8                    addl     %ecx, %eax
0x000ec547:  5b                       popl     %ebx
0x000ec548:  5e                       popl     %esi
0x000ec549:  c3                       retl     

----------------
IN: 
0x000ec577:  e9 e2 ff ff ff           jmp      0xec55e

----------------
IN: 
0x06ff9ac5:  b0 0a                    movb     $0xa, %al
0x06ff9ac7:  89 f2                    movl     %esi, %edx
0x06ff9ac9:  ee                       outb     %al, %dx

----------------
IN: 
0x06ff9aca:  b8 02 00 00 00           movl     $2, %eax
0x06ff9acf:  e8 80 48 ff ff           calll    0x6fee354

----------------
IN: 
0x06fee354:  53                       pushl    %ebx
0x06fee355:  e8 99 e1 0f f9           calll    0xec4f3

----------------
IN: 
0x06fee35a:  89 c3                    movl     %eax, %ebx
0x06fee35c:  89 d8                    movl     %ebx, %eax
0x06fee35e:  e8 e7 e1 0f f9           calll    0xec54a

----------------
IN: 
0x06fee363:  85 c0                    testl    %eax, %eax
0x06fee365:  75 07                    jne      0x6fee36e

----------------
IN: 
0x06fee367:  e8 c8 e7 0f f9           calll    0xecb34

----------------
IN: 
0x06ff2306:  ba c8 00 00 00           movl     $0xc8, %edx
0x06ff230b:  e8 3a ff ff ff           calll    0x6ff224a

----------------
IN: 
0x06ff2310:  85 c0                    testl    %eax, %eax
0x06ff2312:  75 cd                    jne      0x6ff22e1

----------------
IN: 
0x06ff2314:  89 f0                    movl     %esi, %eax
0x06ff2316:  c1 f8 0c                 sarl     $0xc, %eax
0x06ff2319:  48                       decl     %eax
0x06ff231a:  75 14                    jne      0x6ff2330

----------------
IN: 
0x06ff2330:  81 e6 00 0f 00 00        andl     $0xf00, %esi
0x06ff2336:  81 fe 00 01 00 00        cmpl     $0x100, %esi
0x06ff233c:  75 14                    jne      0x6ff2352

----------------
IN: 
0x06ff2352:  89 f8                    movl     %edi, %eax
0x06ff2354:  a2 ac 99 0e 00           movb     %al, 0xe99ac
0x06ff2359:  8d 54 24 02              leal     2(%esp), %edx
0x06ff235d:  b8 60 10 00 00           movl     $0x1060, %eax
0x06ff2362:  e8 75 ce ff ff           calll    0x6fef1dc

----------------
IN: 
0x06ff248e:  85 c0                    testl    %eax, %eax
0x06ff2490:  75 39                    jne      0x6ff24cb

----------------
IN: 
0x06ff2492:  c6 44 24 02 02           movb     $2, 2(%esp)
0x06ff2497:  8d 54 24 02              leal     2(%esp), %edx
0x06ff249b:  b8 f0 10 00 00           movl     $0x10f0, %eax
0x06ff24a0:  e8 d9 fd ff ff           calll    0x6ff227e

----------------
IN: 
0x06ff2690:  58                       popl     %eax
0x06ff2691:  5a                       popl     %edx
0x06ff2692:  5b                       popl     %ebx
0x06ff2693:  5e                       popl     %esi
0x06ff2694:  5f                       popl     %edi
0x06ff2695:  5d                       popl     %ebp
0x06ff2696:  c3                       retl     

----------------
IN: 
0x06ff6be1:  c6 05 76 04 00 00 c0     movb     $0xc0, 0x476
0x06ff6be8:  ba 21 d4 0f 00           movl     $0xfd421, %edx
0x06ff6bed:  0f b7 d2                 movzwl   %dx, %edx
0x06ff6bf0:  81 ca 00 00 00 f0        orl      $0xf0000000, %edx
0x06ff6bf6:  b8 0e 00 00 00           movl     $0xe, %eax
0x06ff6bfb:  e8 bf 68 ff ff           calll    0x6fed4bf

----------------
IN: 
0x06ff6c00:  a1 f8 fd ff 06           movl     0x6fffdf8, %eax
0x06ff6c05:  8d 70 fc                 leal     -4(%eax), %esi
0x06ff6c08:  83 fe fc                 cmpl     $-4, %esi
0x06ff6c0b:  0f 84 3d 02 00 00        je       0x6ff6e4e

----------------
IN: 
0x06ff6c11:  66 81 7e 14 06 01        cmpw     $0x106, 0x14(%esi)
0x06ff6c17:  0f 85 26 02 00 00        jne      0x6ff6e43

----------------
IN: 
0x06ff6e43:  8b 76 04                 movl     4(%esi), %esi
0x06ff6e46:  83 ee 04                 subl     $4, %esi
0x06ff6e49:  e9 ba fd ff ff           jmp      0x6ff6c08

----------------
IN: 
0x06ff6c08:  83 fe fc                 cmpl     $-4, %esi
0x06ff6c0b:  0f 84 3d 02 00 00        je       0x6ff6e4e

----------------
IN: 
0x06ff6e4e:  31 db                    xorl     %ebx, %ebx
0x06ff6e50:  8b 14 24                 movl     (%esp), %edx
0x06ff6e53:  b8 80 29 0f 00           movl     $0xf2980, %eax
0x06ff6e58:  e8 79 56 ff ff           calll    0x6fec4d6

----------------
IN: 
0x06ff6e5d:  89 04 24                 movl     %eax, (%esp)
0x06ff6e60:  85 c0                    testl    %eax, %eax
0x06ff6e62:  74 0f                    je       0x6ff6e73

----------------
IN: 
0x06ff6e73:  85 db                    testl    %ebx, %ebx
0x06ff6e75:  74 28                    je       0x6ff6e9f

----------------
IN: 
0x06ff6e9f:  a1 f8 fd ff 06           movl     0x6fffdf8, %eax
0x06ff6ea4:  8d 58 fc                 leal     -4(%eax), %ebx
0x06ff6ea7:  83 fb fc                 cmpl     $-4, %ebx
0x06ff6eaa:  74 cb                    je       0x6ff6e77

----------------
IN: 
0x06ff6eac:  66 81 7b 14 05 08        cmpw     $0x805, 0x14(%ebx)
0x06ff6eb2:  75 12                    jne      0x6ff6ec6

----------------
IN: 
0x06ff6ec6:  8b 5b 04                 movl     4(%ebx), %ebx
0x06ff6ec9:  83 eb 04                 subl     $4, %ebx
0x06ff6ecc:  eb d9                    jmp      0x6ff6ea7

----------------
IN: 
0x06ff6ea7:  83 fb fc                 cmpl     $-4, %ebx
0x06ff6eaa:  74 cb                    je       0x6ff6e77

----------------
IN: 
0x06ff6e77:  31 d2                    xorl     %edx, %edx
0x06ff6e79:  b8 8b 29 0f 00           movl     $0xf298b, %eax
0x06ff6e7e:  e8 53 56 ff ff           calll    0x6fec4d6

----------------
IN: 
0x06ff6e83:  89 c3                    movl     %eax, %ebx
0x06ff6e85:  85 c0                    testl    %eax, %eax
0x06ff6e87:  0f 84 8d 00 00 00        je       0x6ff6f1a

----------------
IN: 
0x06ff6f1a:  e8 ac 8f ff ff           calll    0x6fefecb

----------------
IN: 
0x06fefecb:  a1 2c fd ff 06           movl     0x6fffd2c, %eax
0x06fefed0:  83 f8 fe                 cmpl     $-2, %eax
0x06fefed3:  75 0f                    jne      0x6fefee4

----------------
IN: 
0x06fefed5:  b8 fc 11 0f 00           movl     $0xf11fc, %eax
0x06fefeda:  e8 ab ff ff ff           calll    0x6fefe8a

----------------
IN: 
0x06fefedf:  a3 2c fd ff 06           movl     %eax, 0x6fffd2c
0x06fefee4:  f7 d0                    notl     %eax
0x06fefee6:  c1 e8 1f                 shrl     $0x1f, %eax
0x06fefee9:  c3                       retl     

----------------
IN: 
0x06ff6f1f:  89 c6                    movl     %eax, %esi
0x06ff6f21:  a1 f8 fd ff 06           movl     0x6fffdf8, %eax
0x06ff6f26:  8d 58 fc                 leal     -4(%eax), %ebx
0x06ff6f29:  83 fb fc                 cmpl     $-4, %ebx
0x06ff6f2c:  74 4b                    je       0x6ff6f79

----------------
IN: 
0x06ff6f2e:  66 81 7b 10 f4 1a        cmpw     $0x1af4, 0x10(%ebx)
0x06ff6f34:  75 3b                    jne      0x6ff6f71

----------------
IN: 
0x06ff6f71:  8b 5b 04                 movl     4(%ebx), %ebx
0x06ff6f74:  83 eb 04                 subl     $4, %ebx
0x06ff6f77:  eb b0                    jmp      0x6ff6f29

----------------
IN: 
0x06ff6f29:  83 fb fc                 cmpl     $-4, %ebx
0x06ff6f2c:  74 4b                    je       0x6ff6f79

----------------
IN: 
0x06ff6f79:  e8 4d 8f ff ff           calll    0x6fefecb

----------------
IN: 
0x06fefee4:  f7 d0                    notl     %eax
0x06fefee6:  c1 e8 1f                 shrl     $0x1f, %eax
0x06fefee9:  c3                       retl     

----------------
IN: 
0x06ff6f7e:  89 c6                    movl     %eax, %esi
0x06ff6f80:  a1 f8 fd ff 06           movl     0x6fffdf8, %eax
0x06ff6f85:  8d 58 fc                 leal     -4(%eax), %ebx
0x06ff6f88:  83 fb fc                 cmpl     $-4, %ebx
0x06ff6f8b:  74 4b                    je       0x6ff6fd8

----------------
IN: 
0x06ff6f8d:  66 81 7b 10 f4 1a        cmpw     $0x1af4, 0x10(%ebx)
0x06ff6f93:  75 3b                    jne      0x6ff6fd0

----------------
IN: 
0x06ff6fd0:  8b 5b 04                 movl     4(%ebx), %ebx
0x06ff6fd3:  83 eb 04                 subl     $4, %ebx
0x06ff6fd6:  eb b0                    jmp      0x6ff6f88

----------------
IN: 
0x06ff6f88:  83 fb fc                 cmpl     $-4, %ebx
0x06ff6f8b:  74 4b                    je       0x6ff6fd8

----------------
IN: 
0x06ff6fd8:  a1 f8 fd ff 06           movl     0x6fffdf8, %eax
0x06ff6fdd:  8d 58 fc                 leal     -4(%eax), %ebx
0x06ff6fe0:  83 fb fc                 cmpl     $-4, %ebx
0x06ff6fe3:  74 23                    je       0x6ff7008

----------------
IN: 
0x06ff6fe5:  66 81 7b 10 00 10        cmpw     $0x1000, 0x10(%ebx)
0x06ff6feb:  75 13                    jne      0x6ff7000

----------------
IN: 
0x06ff7000:  8b 5b 04                 movl     4(%ebx), %ebx
0x06ff7003:  83 eb 04                 subl     $4, %ebx
0x06ff7006:  eb d8                    jmp      0x6ff6fe0

----------------
IN: 
0x06ff6fe0:  83 fb fc                 cmpl     $-4, %ebx
0x06ff6fe3:  74 23                    je       0x6ff7008

----------------
IN: 
0x06ff7008:  a1 f8 fd ff 06           movl     0x6fffdf8, %eax
0x06ff700d:  8d 58 fc                 leal     -4(%eax), %ebx
0x06ff7010:  83 fb fc                 cmpl     $-4, %ebx
0x06ff7013:  74 24                    je       0x6ff7039

----------------
IN: 
0x06ff7015:  66 81 7b 10 22 10        cmpw     $0x1022, 0x10(%ebx)
0x06ff701b:  75 14                    jne      0x6ff7031

----------------
IN: 
0x06ff7031:  8b 5b 04                 movl     4(%ebx), %ebx
0x06ff7034:  83 eb 04                 subl     $4, %ebx
0x06ff7037:  eb d7                    jmp      0x6ff7010

----------------
IN: 
0x06ff7010:  83 fb fc                 cmpl     $-4, %ebx
0x06ff7013:  74 24                    je       0x6ff7039

----------------
IN: 
0x06ff7039:  a1 f8 fd ff 06           movl     0x6fffdf8, %eax
0x06ff703e:  8d 58 fc                 leal     -4(%eax), %ebx
0x06ff7041:  83 fb fc                 cmpl     $-4, %ebx
0x06ff7044:  74 59                    je       0x6ff709f

----------------
IN: 
0x06ff7046:  8b 43 10                 movl     0x10(%ebx), %eax
0x06ff7049:  66 3d 28 10              cmpw     $0x1028, %ax
0x06ff704d:  74 06                    je       0x6ff7055

----------------
IN: 
0x06ff704f:  66 3d 00 10              cmpw     $0x1000, %ax
0x06ff7053:  75 42                    jne      0x6ff7097

----------------
IN: 
0x06ff7097:  8b 5b 04                 movl     4(%ebx), %ebx
0x06ff709a:  83 eb 04                 subl     $4, %ebx
0x06ff709d:  eb a2                    jmp      0x6ff7041

----------------
IN: 
0x06ff7041:  83 fb fc                 cmpl     $-4, %ebx
0x06ff7044:  74 59                    je       0x6ff709f

----------------
IN: 
0x06ff709f:  a1 f8 fd ff 06           movl     0x6fffdf8, %eax
0x06ff70a4:  8d 58 fc                 leal     -4(%eax), %ebx
0x06ff70a7:  83 fb fc                 cmpl     $-4, %ebx
0x06ff70aa:  74 24                    je       0x6ff70d0

----------------
IN: 
0x06ff70ac:  66 81 7b 10 ad 15        cmpw     $0x15ad, 0x10(%ebx)
0x06ff70b2:  75 14                    jne      0x6ff70c8

----------------
IN: 
0x06ff70c8:  8b 5b 04                 movl     4(%ebx), %ebx
0x06ff70cb:  83 eb 04                 subl     $4, %ebx
0x06ff70ce:  eb d7                    jmp      0x6ff70a7

----------------
IN: 
0x06ff70a7:  83 fb fc                 cmpl     $-4, %ebx
0x06ff70aa:  74 24                    je       0x6ff70d0

----------------
IN: 
0x06ff70d0:  a1 f8 fd ff 06           movl     0x6fffdf8, %eax
0x06ff70d5:  8d 58 fc                 leal     -4(%eax), %ebx
0x06ff70d8:  83 fb fc                 cmpl     $-4, %ebx
0x06ff70db:  74 30                    je       0x6ff710d

----------------
IN: 
0x06ff70dd:  66 81 7b 10 00 10        cmpw     $0x1000, 0x10(%ebx)
0x06ff70e3:  75 20                    jne      0x6ff7105

----------------
IN: 
0x06ff7105:  8b 5b 04                 movl     4(%ebx), %ebx
0x06ff7108:  83 eb 04                 subl     $4, %ebx
0x06ff710b:  eb cb                    jmp      0x6ff70d8

----------------
IN: 
0x06ff70d8:  83 fb fc                 cmpl     $-4, %ebx
0x06ff70db:  74 30                    je       0x6ff710d

----------------
IN: 
0x06ff710d:  a1 f8 fd ff 06           movl     0x6fffdf8, %eax
0x06ff7112:  8d 58 fc                 leal     -4(%eax), %ebx
0x06ff7115:  83 fb fc                 cmpl     $-4, %ebx
0x06ff7118:  74 22                    je       0x6ff713c

----------------
IN: 
0x06ff711a:  66 81 7b 14 08 01        cmpw     $0x108, 0x14(%ebx)
0x06ff7120:  75 12                    jne      0x6ff7134

----------------
IN: 
0x06ff7134:  8b 5b 04                 movl     4(%ebx), %ebx
0x06ff7137:  83 eb 04                 subl     $4, %ebx
0x06ff713a:  eb d9                    jmp      0x6ff7115

----------------
IN: 
0x06ff7115:  83 fb fc                 cmpl     $-4, %ebx
0x06ff7118:  74 22                    je       0x6ff713c

----------------
IN: 
0x06ff713c:  ba 7a 03 00 00           movl     $0x37a, %edx
0x06ff7141:  ec                       inb      %dx, %al

----------------
IN: 
0x06ff7142:  83 e0 df                 andl     $0xffffffdf, %eax
0x06ff7145:  ee                       outb     %al, %dx

----------------
IN: 
0x06ff7146:  ba 78 03 00 00           movl     $0x378, %edx
0x06ff714b:  b0 aa                    movb     $0xaa, %al
0x06ff714d:  ee                       outb     %al, %dx

----------------
IN: 
0x06ff714e:  ec                       inb      %dx, %al

----------------
IN: 
0x06ff714f:  31 c9                    xorl     %ecx, %ecx
0x06ff7151:  3c aa                    cmpb     $0xaa, %al
0x06ff7153:  75 15                    jne      0x6ff716a

----------------
IN: 
0x06ff7155:  66 c7 05 08 04 00 00 78  movw     $0x378, 0x408
0x06ff715d:  03
0x06ff715e:  c6 05 78 04 00 00 14     movb     $0x14, 0x478
0x06ff7165:  b9 01 00 00 00           movl     $1, %ecx
0x06ff716a:  ba 7a 02 00 00           movl     $0x27a, %edx
0x06ff716f:  ec                       inb      %dx, %al

----------------
IN: 
0x06ff7170:  83 e0 df                 andl     $0xffffffdf, %eax
0x06ff7173:  ee                       outb     %al, %dx

----------------
IN: 
0x06ff7174:  ba 78 02 00 00           movl     $0x278, %edx
0x06ff7179:  b0 aa                    movb     $0xaa, %al
0x06ff717b:  ee                       outb     %al, %dx

----------------
IN: 
0x06ff717c:  ec                       inb      %dx, %al

----------------
IN: 
0x06ff717d:  31 d2                    xorl     %edx, %edx
0x06ff717f:  3c aa                    cmpb     $0xaa, %al
0x06ff7181:  75 19                    jne      0x6ff719c

----------------
IN: 
0x06ff719c:  8d 1c 0a                 leal     (%edx, %ecx), %ebx
0x06ff719f:  0f b7 c3                 movzwl   %bx, %eax
0x06ff71a2:  50                       pushl    %eax
0x06ff71a3:  68 28 2a 0f 00           pushl    $0xf2a28
0x06ff71a8:  e8 75 5d 0f f9           calll    0xecf22

----------------
IN: 
0x06ff71ad:  a1 10 04 00 00           movl     0x410, %eax
0x06ff71b2:  66 25 ff 3f              andw     $0x3fff, %ax
0x06ff71b6:  89 da                    movl     %ebx, %edx
0x06ff71b8:  c1 e2 0e                 shll     $0xe, %edx
0x06ff71bb:  09 d0                    orl      %edx, %eax
0x06ff71bd:  66 a3 10 04 00 00        movw     %ax, 0x410
0x06ff71c3:  31 d2                    xorl     %edx, %edx
0x06ff71c5:  b8 f8 03 00 00           movl     $0x3f8, %eax
0x06ff71ca:  e8 26 62 ff ff           calll    0x6fed3f5

----------------
IN: 
0x06fed3f5:  56                       pushl    %esi
0x06fed3f6:  53                       pushl    %ebx
0x06fed3f7:  89 c3                    movl     %eax, %ebx
0x06fed3f9:  89 d1                    movl     %edx, %ecx
0x06fed3fb:  b0 02                    movb     $2, %al
0x06fed3fd:  8d 53 01                 leal     1(%ebx), %edx
0x06fed400:  ee                       outb     %al, %dx

----------------
IN: 
0x06fed401:  ec                       inb      %dx, %al

----------------
IN: 
0x06fed402:  3c 02                    cmpb     $2, %al
0x06fed404:  75 2d                    jne      0x6fed433

----------------
IN: 
0x06fed406:  8d 53 02                 leal     2(%ebx), %edx
0x06fed409:  ec                       inb      %dx, %al

----------------
IN: 
0x06fed40a:  83 e0 3f                 andl     $0x3f, %eax
0x06fed40d:  3c 02                    cmpb     $2, %al
0x06fed40f:  b8 00 00 00 00           movl     $0, %eax
0x06fed414:  75 1f                    jne      0x6fed435

----------------
IN: 
0x06fed416:  8d 53 01                 leal     1(%ebx), %edx
0x06fed419:  ee                       outb     %al, %dx

----------------
IN: 
0x06fed41a:  0f b6 c1                 movzbl   %cl, %eax
0x06fed41d:  66 89 9c 00 00 04 00 00  movw     %bx, 0x400(%eax, %eax)
0x06fed425:  c6 80 7c 04 00 00 0a     movb     $0xa, 0x47c(%eax)
0x06fed42c:  b8 01 00 00 00           movl     $1, %eax
0x06fed431:  eb 02                    jmp      0x6fed435

----------------
IN: 
0x06fed435:  5b                       popl     %ebx
0x06fed436:  5e                       popl     %esi
0x06fed437:  c3                       retl     

----------------
IN: 
0x06ff71cf:  0f b7 d0                 movzwl   %ax, %edx
0x06ff71d2:  89 d3                    movl     %edx, %ebx
0x06ff71d4:  b8 f8 02 00 00           movl     $0x2f8, %eax
0x06ff71d9:  e8 17 62 ff ff           calll    0x6fed3f5

----------------
IN: 
0x06fed433:  31 c0                    xorl     %eax, %eax
0x06fed435:  5b                       popl     %ebx
0x06fed436:  5e                       popl     %esi
0x06fed437:  c3                       retl     

----------------
IN: 
0x06ff71de:  01 c3                    addl     %eax, %ebx
0x06ff71e0:  0f b7 d3                 movzwl   %bx, %edx
0x06ff71e3:  b8 e8 03 00 00           movl     $0x3e8, %eax
0x06ff71e8:  e8 08 62 ff ff           calll    0x6fed3f5

----------------
IN: 
0x06ff71ed:  01 c3                    addl     %eax, %ebx
0x06ff71ef:  0f b7 d3                 movzwl   %bx, %edx
0x06ff71f2:  b8 e8 02 00 00           movl     $0x2e8, %eax
0x06ff71f7:  e8 f9 61 ff ff           calll    0x6fed3f5

----------------
IN: 
0x06ff71fc:  01 c3                    addl     %eax, %ebx
0x06ff71fe:  0f b7 c3                 movzwl   %bx, %eax
0x06ff7201:  50                       pushl    %eax
0x06ff7202:  68 3c 2a 0f 00           pushl    $0xf2a3c
0x06ff7207:  e8 16 5d 0f f9           calll    0xecf22

----------------
IN: 
0x06ff720c:  a1 10 04 00 00           movl     0x410, %eax
0x06ff7211:  80 e4 f1                 andb     $0xf1, %ah
0x06ff7214:  c1 e3 09                 shll     $9, %ebx
0x06ff7217:  09 d8                    orl      %ebx, %eax
0x06ff7219:  66 a3 10 04 00 00        movw     %ax, 0x410
0x06ff721f:  83 c4 24                 addl     $0x24, %esp
0x06ff7222:  5b                       popl     %ebx
0x06ff7223:  5e                       popl     %esi
0x06ff7224:  5f                       popl     %edi
0x06ff7225:  5d                       popl     %ebp
0x06ff7226:  c3                       retl     

----------------
IN: 
0x06ffbee7:  e8 5c 23 ff ff           calll    0x6fee248

----------------
IN: 
0x06fee248:  81 3d 0c 62 0f 00 0c 62  cmpl     $0xf620c, 0xf620c
0x06fee250:  0f 00
0x06fee252:  74 07                    je       0x6fee25b

----------------
IN: 
0x06fee254:  e8 db e8 0f f9           calll    0xecb34

----------------
IN: 
0x06fee36c:  eb ee                    jmp      0x6fee35c

----------------
IN: 
0x06fee35c:  89 d8                    movl     %ebx, %eax
0x06fee35e:  e8 e7 e1 0f f9           calll    0xec54a

----------------
IN: 
0x06fee36e:  5b                       popl     %ebx
0x06fee36f:  c3                       retl     

----------------
IN: 
0x06ff9ad4:  89 f8                    movl     %edi, %eax
0x06ff9ad6:  e8 b1 36 0f f9           calll    0xed18c

----------------
IN: 
0x000ed18c:  0f b7 c8                 movzwl   %ax, %ecx
0x000ed18f:  31 d2                    xorl     %edx, %edx
0x000ed191:  b8 80 00 00 00           movl     $0x80, %eax
0x000ed196:  e9 9d ff ff ff           jmp      0xed138

----------------
IN: 
0x000ed138:  55                       pushl    %ebp
0x000ed139:  57                       pushl    %edi
0x000ed13a:  56                       pushl    %esi
0x000ed13b:  53                       pushl    %ebx
0x000ed13c:  89 c3                    movl     %eax, %ebx
0x000ed13e:  89 d6                    movl     %edx, %esi
0x000ed140:  89 cf                    movl     %ecx, %edi
0x000ed142:  b8 00 7d 00 00           movl     $0x7d00, %eax
0x000ed147:  e8 a7 f3 ff ff           calll    0xec4f3

----------------
IN: 
0x000ed14c:  89 c5                    movl     %eax, %ebp
0x000ed14e:  8d 57 07                 leal     7(%edi), %edx
0x000ed151:  ec                       inb      %dx, %al

----------------
IN: 
0x000ed152:  88 c2                    movb     %al, %dl
0x000ed154:  21 da                    andl     %ebx, %edx
0x000ed156:  89 f1                    movl     %esi, %ecx
0x000ed158:  38 ca                    cmpb     %cl, %dl
0x000ed15a:  75 05                    jne      0xed161

----------------
IN: 
0x000ed15c:  0f b6 c0                 movzbl   %al, %eax
0x000ed15f:  eb 26                    jmp      0xed187

----------------
IN: 
0x000ed187:  5b                       popl     %ebx
0x000ed188:  5e                       popl     %esi
0x000ed189:  5f                       popl     %edi
0x000ed18a:  5d                       popl     %ebp
0x000ed18b:  c3                       retl     

----------------
IN: 
0x06ff9adb:  40                       incl     %eax
0x06ff9adc:  74 69                    je       0x6ff9b47

----------------
IN: 
0x06ff9ade:  83 c3 06                 addl     $6, %ebx
0x06ff9ae1:  80 7c 24 03 00           cmpb     $0, 3(%esp)
0x06ff9ae6:  74 42                    je       0x6ff9b2a

----------------
IN: 
0x06ff9b2a:  b0 a0                    movb     $0xa0, %al
0x06ff9b2c:  89 da                    movl     %ebx, %edx
0x06ff9b2e:  ee                       outb     %al, %dx

----------------
IN: 
0x06ff9b2f:  80 7c 24 40 20           cmpb     $0x20, 0x40(%esp)
0x06ff9b34:  75 11                    jne      0x6ff9b47

----------------
IN: 
0x06ff9b47:  b0 08                    movb     $8, %al
0x06ff9b49:  89 f2                    movl     %esi, %edx
0x06ff9b4b:  ee                       outb     %al, %dx

----------------
IN: 
0x06ff9b4c:  b9 a1 00 00 00           movl     $0xa1, %ecx
0x06ff9b51:  8d 54 24 74              leal     0x74(%esp), %edx
0x06ff9b55:  8d 44 24 40              leal     0x40(%esp), %eax
0x06ff9b59:  e8 af 5b ff ff           calll    0x6fef70d

----------------
IN: 
0x06fef70d:  57                       pushl    %edi
0x06fef70e:  56                       pushl    %esi
0x06fef70f:  53                       pushl    %ebx
0x06fef710:  83 ec 20                 subl     $0x20, %esp
0x06fef713:  89 c7                    movl     %eax, %edi
0x06fef715:  89 d3                    movl     %edx, %ebx
0x06fef717:  89 ce                    movl     %ecx, %esi
0x06fef719:  b9 00 02 00 00           movl     $0x200, %ecx
0x06fef71e:  31 d2                    xorl     %edx, %edx
0x06fef720:  89 d8                    movl     %ebx, %eax
0x06fef722:  e8 ff bf 0f f9           calll    0xeb726

----------------
IN: 
0x06fef727:  b9 14 00 00 00           movl     $0x14, %ecx
0x06fef72c:  8d 44 24 0c              leal     0xc(%esp), %eax
0x06fef730:  e8 f1 bf 0f f9           calll    0xeb726

----------------
IN: 
0x06fef735:  89 7c 24 10              movl     %edi, 0x10(%esp)
0x06fef739:  66 c7 44 24 16 01 00     movw     $1, 0x16(%esp)
0x06fef740:  c7 44 24 18 01 00 00 00  movl     $1, 0x18(%esp)
0x06fef748:  31 c0                    xorl     %eax, %eax
0x06fef74a:  89 44 24 1c              movl     %eax, 0x1c(%esp)
0x06fef74e:  89 5c 24 0c              movl     %ebx, 0xc(%esp)
0x06fef752:  b9 0c 00 00 00           movl     $0xc, %ecx
0x06fef757:  89 e0                    movl     %esp, %eax
0x06fef759:  e8 c8 bf 0f f9           calll    0xeb726

----------------
IN: 
0x06fef75e:  89 f0                    movl     %esi, %eax
0x06fef760:  88 44 24 06              movb     %al, 6(%esp)
0x06fef764:  8b 47 2c                 movl     0x2c(%edi), %eax
0x06fef767:  66 8b 30                 movw     (%eax), %si
0x06fef76a:  66 8b 58 02              movw     2(%eax), %bx
0x06fef76e:  83 c3 02                 addl     $2, %ebx
0x06fef771:  b0 0a                    movb     $0xa, %al
0x06fef773:  89 da                    movl     %ebx, %edx
0x06fef775:  ee                       outb     %al, %dx

----------------
IN: 
0x06fef776:  89 e2                    movl     %esp, %edx
0x06fef778:  89 f8                    movl     %edi, %eax
0x06fef77a:  e8 73 da 0f f9           calll    0xed1f2

----------------
IN: 
0x000ed1f2:  55                       pushl    %ebp
0x000ed1f3:  57                       pushl    %edi
0x000ed1f4:  56                       pushl    %esi
0x000ed1f5:  53                       pushl    %ebx
0x000ed1f6:  83 ec 08                 subl     $8, %esp
0x000ed1f9:  89 d3                    movl     %edx, %ebx
0x000ed1fb:  0f b6 78 30              movzbl   0x30(%eax), %edi
0x000ed1ff:  8b 40 2c                 movl     0x2c(%eax), %eax
0x000ed202:  0f b7 00                 movzwl   (%eax), %eax
0x000ed205:  89 c5                    movl     %eax, %ebp
0x000ed207:  e8 80 ff ff ff           calll    0xed18c

----------------
IN: 
0x000ed20c:  40                       incl     %eax
0x000ed20d:  75 08                    jne      0xed217

----------------
IN: 
0x000ed217:  8a 43 05                 movb     5(%ebx), %al
0x000ed21a:  83 e0 4f                 andl     $0x4f, %eax
0x000ed21d:  b1 a0                    movb     $0xa0, %cl
0x000ed21f:  89 fa                    movl     %edi, %edx
0x000ed221:  84 d2                    testb    %dl, %dl
0x000ed223:  74 02                    je       0xed227

----------------
IN: 
0x000ed227:  09 c1                    orl      %eax, %ecx
0x000ed229:  8d 55 06                 leal     6(%ebp), %edx
0x000ed22c:  ec                       inb      %dx, %al

----------------
IN: 
0x000ed22d:  89 c7                    movl     %eax, %edi
0x000ed22f:  88 c8                    movb     %cl, %al
0x000ed231:  ee                       outb     %al, %dx

----------------
IN: 
0x000ed232:  31 f9                    xorl     %edi, %ecx
0x000ed234:  80 e1 10                 andb     $0x10, %cl
0x000ed237:  75 4b                    jne      0xed284

----------------
IN: 
0x000ed239:  8a 43 06                 movb     6(%ebx), %al
0x000ed23c:  88 04 24                 movb     %al, (%esp)
0x000ed23f:  8d 45 01                 leal     1(%ebp), %eax
0x000ed242:  66 89 44 24 04           movw     %ax, 4(%esp)
0x000ed247:  8d 45 05                 leal     5(%ebp), %eax
0x000ed24a:  66 89 44 24 06           movw     %ax, 6(%esp)
0x000ed24f:  8b 04 24                 movl     (%esp), %eax
0x000ed252:  25 ee 00 00 00           andl     $0xee, %eax
0x000ed257:  83 f8 24                 cmpl     $0x24, %eax
0x000ed25a:  75 38                    jne      0xed294

----------------
IN: 
0x000ed294:  8a 03                    movb     (%ebx), %al
0x000ed296:  8b 54 24 04              movl     4(%esp), %edx
0x000ed29a:  ee                       outb     %al, %dx

----------------
IN: 
0x000ed29b:  8a 43 01                 movb     1(%ebx), %al
0x000ed29e:  8d 55 02                 leal     2(%ebp), %edx
0x000ed2a1:  ee                       outb     %al, %dx

----------------
IN: 
0x000ed2a2:  8a 43 02                 movb     2(%ebx), %al
0x000ed2a5:  8d 55 03                 leal     3(%ebp), %edx
0x000ed2a8:  ee                       outb     %al, %dx

----------------
IN: 
0x000ed2a9:  8a 43 03                 movb     3(%ebx), %al
0x000ed2ac:  8d 55 04                 leal     4(%ebp), %edx
0x000ed2af:  ee                       outb     %al, %dx

----------------
IN: 
0x000ed2b0:  8a 43 04                 movb     4(%ebx), %al
0x000ed2b3:  66 8b 54 24 06           movw     6(%esp), %dx
0x000ed2b8:  ee                       outb     %al, %dx

----------------
IN: 
0x000ed2b9:  8d 55 07                 leal     7(%ebp), %edx
0x000ed2bc:  8a 04 24                 movb     (%esp), %al
0x000ed2bf:  ee                       outb     %al, %dx

----------------
IN: 
0x000ed2c0:  31 c0                    xorl     %eax, %eax
0x000ed2c2:  83 c4 08                 addl     $8, %esp
0x000ed2c5:  5b                       popl     %ebx
0x000ed2c6:  5e                       popl     %esi
0x000ed2c7:  5f                       popl     %edi
0x000ed2c8:  5d                       popl     %ebp
0x000ed2c9:  c3                       retl     

----------------
IN: 
0x06fef77f:  83 c9 ff                 orl      $0xffffffff, %ecx
0x06fef782:  85 c0                    testl    %eax, %eax
0x06fef784:  75 1e                    jne      0x6fef7a4

----------------
IN: 
0x06fef786:  0f b7 c6                 movzwl   %si, %eax
0x06fef789:  e8 41 da 0f f9           calll    0xed1cf

----------------
IN: 
0x000ed1cf:  0f b7 c0                 movzwl   %ax, %eax
0x000ed1d2:  e8 c4 ff ff ff           calll    0xed19b

----------------
IN: 
0x000ed19b:  56                       pushl    %esi
0x000ed19c:  53                       pushl    %ebx
0x000ed19d:  89 c3                    movl     %eax, %ebx
0x000ed19f:  e8 df f2 ff ff           calll    0xec483

----------------
IN: 
0x000ed1a4:  89 c1                    movl     %eax, %ecx
0x000ed1a6:  69 05 dc 60 0f 00 90 01  imull    $0x190, 0xf60dc, %eax
0x000ed1ae:  00 00
0x000ed1b0:  05 3f 42 0f 00           addl     $0xf423f, %eax
0x000ed1b5:  be 40 42 0f 00           movl     $0xf4240, %esi
0x000ed1ba:  31 d2                    xorl     %edx, %edx
0x000ed1bc:  f7 f6                    divl     %esi
0x000ed1be:  01 c8                    addl     %ecx, %eax
0x000ed1c0:  e8 99 f3 ff ff           calll    0xec55e

----------------
IN: 
0x000ed1c5:  0f b7 c3                 movzwl   %bx, %eax
0x000ed1c8:  5b                       popl     %ebx
0x000ed1c9:  5e                       popl     %esi
0x000ed1ca:  e9 bd ff ff ff           jmp      0xed18c

----------------
IN: 
0x000ed1d7:  83 f8 ff                 cmpl     $-1, %eax
0x000ed1da:  74 15                    je       0xed1f1

----------------
IN: 
0x000ed1dc:  a8 01                    testb    $1, %al
0x000ed1de:  75 0c                    jne      0xed1ec

----------------
IN: 
0x000ed1e0:  83 e0 08                 andl     $8, %eax
0x000ed1e3:  83 f8 01                 cmpl     $1, %eax
0x000ed1e6:  19 c0                    sbbl     %eax, %eax
0x000ed1e8:  83 e0 fb                 andl     $0xfffffffb, %eax
0x000ed1eb:  c3                       retl     

----------------
IN: 
0x06fef78e:  89 c1                    movl     %eax, %ecx
0x06fef790:  85 c0                    testl    %eax, %eax
0x06fef792:  75 10                    jne      0x6fef7a4

----------------
IN: 
0x06fef794:  ba 00 02 00 00           movl     $0x200, %edx
0x06fef799:  8d 44 24 0c              leal     0xc(%esp), %eax
0x06fef79d:  e8 28 db 0f f9           calll    0xed2ca

----------------
IN: 
0x000ed2ca:  55                       pushl    %ebp
0x000ed2cb:  57                       pushl    %edi
0x000ed2cc:  56                       pushl    %esi
0x000ed2cd:  53                       pushl    %ebx
0x000ed2ce:  83 ec 10                 subl     $0x10, %esp
0x000ed2d1:  89 c3                    movl     %eax, %ebx
0x000ed2d3:  89 14 24                 movl     %edx, (%esp)
0x000ed2d6:  8b 40 04                 movl     4(%eax), %eax
0x000ed2d9:  8b 40 2c                 movl     0x2c(%eax), %eax
0x000ed2dc:  66 8b 08                 movw     (%eax), %cx
0x000ed2df:  66 89 4c 24 04           movw     %cx, 4(%esp)
0x000ed2e4:  66 8b 40 02              movw     2(%eax), %ax
0x000ed2e8:  66 89 44 24 06           movw     %ax, 6(%esp)
0x000ed2ed:  0f b7 73 0a              movzwl   0xa(%ebx), %esi
0x000ed2f1:  8b 2b                    movl     (%ebx), %ebp
0x000ed2f3:  89 d0                    movl     %edx, %eax
0x000ed2f5:  d1 f8                    sarl     $1, %eax
0x000ed2f7:  89 44 24 08              movl     %eax, 8(%esp)
0x000ed2fb:  0f b7 c1                 movzwl   %cx, %eax
0x000ed2fe:  89 44 24 0c              movl     %eax, 0xc(%esp)
0x000ed302:  8b 4c 24 08              movl     8(%esp), %ecx
0x000ed306:  89 ef                    movl     %ebp, %edi
0x000ed308:  8b 54 24 04              movl     4(%esp), %edx
0x000ed30c:  66 f3 6d                 rep insw %dx, %es:(%edi)

----------------
IN: 
0x000ed30f:  66 8b 44 24 06           movw     6(%esp), %ax
0x000ed314:  8d 50 02                 leal     2(%eax), %edx
0x000ed317:  ec                       inb      %dx, %al

----------------
IN: 
0x000ed318:  8b 44 24 0c              movl     0xc(%esp), %eax
0x000ed31c:  e8 6b fe ff ff           calll    0xed18c

----------------
IN: 
0x000ed321:  83 f8 ff                 cmpl     $-1, %eax
0x000ed324:  75 06                    jne      0xed32c

----------------
IN: 
0x000ed32c:  25 89 00 00 00           andl     $0x89, %eax
0x000ed331:  4e                       decl     %esi
0x000ed332:  74 13                    je       0xed347

----------------
IN: 
0x000ed347:  85 c0                    testl    %eax, %eax
0x000ed349:  74 05                    je       0xed350

----------------
IN: 
0x000ed350:  83 c4 10                 addl     $0x10, %esp
0x000ed353:  5b                       popl     %ebx
0x000ed354:  5e                       popl     %esi
0x000ed355:  5f                       popl     %edi
0x000ed356:  5d                       popl     %ebp
0x000ed357:  c3                       retl     

----------------
IN: 
0x06fef7a2:  89 c1                    movl     %eax, %ecx
0x06fef7a4:  b0 08                    movb     $8, %al
0x06fef7a6:  89 da                    movl     %ebx, %edx
0x06fef7a8:  ee                       outb     %al, %dx

----------------
IN: 
0x06fef7a9:  89 c8                    movl     %ecx, %eax
0x06fef7ab:  83 c4 20                 addl     $0x20, %esp
0x06fef7ae:  5b                       popl     %ebx
0x06fef7af:  5e                       popl     %esi
0x06fef7b0:  5f                       popl     %edi
0x06fef7b1:  c3                       retl     

----------------
IN: 
0x06ff9b5e:  85 c0                    testl    %eax, %eax
0x06ff9b60:  74 11                    je       0x6ff9b73

----------------
IN: 
0x06ff9b73:  8d 54 24 74              leal     0x74(%esp), %edx
0x06ff9b77:  8d 44 24 40              leal     0x40(%esp), %eax
0x06ff9b7b:  e8 b7 52 ff ff           calll    0x6feee37

----------------
IN: 
0x06feee37:  57                       pushl    %edi
0x06feee38:  56                       pushl    %esi
0x06feee39:  53                       pushl    %ebx
0x06feee3a:  89 c7                    movl     %eax, %edi
0x06feee3c:  89 d6                    movl     %edx, %esi
0x06feee3e:  b8 34 00 00 00           movl     $0x34, %eax
0x06feee43:  e8 2b fc ff ff           calll    0x6feea73

----------------
IN: 
0x06feee48:  89 c3                    movl     %eax, %ebx
0x06feee4a:  85 c0                    testl    %eax, %eax
0x06feee4c:  75 11                    jne      0x6feee5f

----------------
IN: 
0x06feee5f:  b9 34 00 00 00           movl     $0x34, %ecx
0x06feee64:  31 d2                    xorl     %edx, %edx
0x06feee66:  e8 bb c8 0f f9           calll    0xeb726

----------------
IN: 
0x06feee6b:  8b 47 2c                 movl     0x2c(%edi), %eax
0x06feee6e:  89 43 2c                 movl     %eax, 0x2c(%ebx)
0x06feee71:  0f b6 57 30              movzbl   0x30(%edi), %edx
0x06feee75:  88 53 30                 movb     %dl, 0x30(%ebx)
0x06feee78:  0f b6 40 08              movzbl   8(%eax), %eax
0x06feee7c:  01 c0                    addl     %eax, %eax
0x06feee7e:  01 d0                    addl     %edx, %eax
0x06feee80:  89 43 14                 movl     %eax, 0x14(%ebx)
0x06feee83:  0f b7 06                 movzwl   (%esi), %eax
0x06feee86:  c0 e8 07                 shrb     $7, %al
0x06feee89:  88 43 18                 movb     %al, 0x18(%ebx)
0x06feee8c:  89 d8                    movl     %ebx, %eax
0x06feee8e:  5b                       popl     %ebx
0x06feee8f:  5e                       popl     %esi
0x06feee90:  5f                       popl     %edi
0x06feee91:  c3                       retl     

----------------
IN: 
0x06ff9b80:  89 c3                    movl     %eax, %ebx
0x06ff9b82:  85 c0                    testl    %eax, %eax
0x06ff9b84:  74 dc                    je       0x6ff9b62

----------------
IN: 
0x06ff9b86:  c6 00 21                 movb     $0x21, (%eax)
0x06ff9b89:  66 c7 40 1a 00 08        movw     $0x800, 0x1a(%eax)
0x06ff9b8f:  c7 40 0c ff ff ff ff     movl     $0xffffffff, 0xc(%eax)
0x06ff9b96:  c7 40 10 ff ff ff ff     movl     $0xffffffff, 0x10(%eax)
0x06ff9b9d:  0f b6 7c 24 75           movzbl   0x75(%esp), %edi
0x06ff9ba2:  83 e7 1f                 andl     $0x1f, %edi
0x06ff9ba5:  bd c9 30 0f 00           movl     $0xf30c9, %ebp
0x06ff9baa:  66 83 ff 05              cmpw     $5, %di
0x06ff9bae:  75 05                    jne      0x6ff9bb5

----------------
IN: 
0x06ff9bb0:  bd c2 30 0f 00           movl     $0xf30c2, %ebp
0x06ff9bb5:  8d 44 24 74              leal     0x74(%esp), %eax
0x06ff9bb9:  e8 cb 27 ff ff           calll    0x6fec389

----------------
IN: 
0x06fec389:  89 c2                    movl     %eax, %edx
0x06fec38b:  b8 0f 00 00 00           movl     $0xf, %eax
0x06fec390:  0f b7 92 a0 00 00 00     movzwl   0xa0(%edx), %edx
0x06fec397:  0f a3 c2                 btl      %eax, %edx
0x06fec39a:  72 05                    jb       0x6fec3a1

----------------
IN: 
0x06fec39c:  48                       decl     %eax
0x06fec39d:  75 f8                    jne      0x6fec397

----------------
IN: 
0x06fec397:  0f a3 c2                 btl      %eax, %edx
0x06fec39a:  72 05                    jb       0x6fec3a1

----------------
IN: 
0x06fec3a1:  c3                       retl     

----------------
IN: 
0x06ff9bbe:  89 c6                    movl     %eax, %esi
0x06ff9bc0:  8d 44 24 17              leal     0x17(%esp), %eax
0x06ff9bc4:  8d 54 24 74              leal     0x74(%esp), %edx
0x06ff9bc8:  e8 9d 37 ff ff           calll    0x6fed36a

----------------
IN: 
0x06fed36a:  53                       pushl    %ebx
0x06fed36b:  89 c3                    movl     %eax, %ebx
0x06fed36d:  89 d1                    movl     %edx, %ecx
0x06fed36f:  31 c0                    xorl     %eax, %eax
0x06fed371:  66 8b 54 41 36           movw     0x36(%ecx, %eax, 2), %dx
0x06fed376:  86 f2                    xchgb    %dh, %dl
0x06fed378:  66 89 14 43              movw     %dx, (%ebx, %eax, 2)
0x06fed37c:  40                       incl     %eax
0x06fed37d:  83 f8 14                 cmpl     $0x14, %eax
0x06fed380:  75 ef                    jne      0x6fed371

----------------
IN: 
0x06fed371:  66 8b 54 41 36           movw     0x36(%ecx, %eax, 2), %dx
0x06fed376:  86 f2                    xchgb    %dh, %dl
0x06fed378:  66 89 14 43              movw     %dx, (%ebx, %eax, 2)
0x06fed37c:  40                       incl     %eax
0x06fed37d:  83 f8 14                 cmpl     $0x14, %eax
0x06fed380:  75 ef                    jne      0x6fed371

----------------
IN: 
0x06fed382:  c6 43 28 00              movb     $0, 0x28(%ebx)
0x06fed386:  89 d8                    movl     %ebx, %eax
0x06fed388:  e8 50 ed ff ff           calll    0x6fec0dd

----------------
IN: 
0x06fec0f1:  48                       decl     %eax
0x06fec0f2:  c6 40 01 00              movb     $0, 1(%eax)
0x06fec0f6:  eb f0                    jmp      0x6fec0e8

----------------
IN: 
0x06fec0e8:  39 c8                    cmpl     %ecx, %eax
0x06fec0ea:  72 0c                    jb       0x6fec0f8

----------------
IN: 
0x06fed38d:  89 d8                    movl     %ebx, %eax
0x06fed38f:  5b                       popl     %ebx
0x06fed390:  c3                       retl     

----------------
IN: 
0x06ff9bcd:  55                       pushl    %ebp
0x06ff9bce:  56                       pushl    %esi
0x06ff9bcf:  50                       pushl    %eax
0x06ff9bd0:  0f b6 43 30              movzbl   0x30(%ebx), %eax
0x06ff9bd4:  50                       pushl    %eax
0x06ff9bd5:  8b 43 2c                 movl     0x2c(%ebx), %eax
0x06ff9bd8:  0f b6 40 08              movzbl   8(%eax), %eax
0x06ff9bdc:  50                       pushl    %eax
0x06ff9bdd:  68 d0 30 0f 00           pushl    $0xf30d0
0x06ff9be2:  6a 50                    pushl    $0x50
0x06ff9be4:  e8 19 a5 ff ff           calll    0x6ff4102

----------------
IN: 
0x06ff9be9:  89 c6                    movl     %eax, %esi
0x06ff9beb:  50                       pushl    %eax
0x06ff9bec:  68 f2 30 0f 00           pushl    $0xf30f2
0x06ff9bf1:  e8 2c 33 0f f9           calll    0xecf22

----------------
IN: 
0x06ff9bf6:  83 c4 24                 addl     $0x24, %esp
0x06ff9bf9:  66 83 ff 05              cmpw     $5, %di
0x06ff9bfd:  0f 85 9c 01 00 00        jne      0x6ff9d9f

----------------
IN: 
0x06ff9c03:  8b 43 2c                 movl     0x2c(%ebx), %eax
0x06ff9c06:  0f b6 4b 30              movzbl   0x30(%ebx), %ecx
0x06ff9c0a:  0f b6 50 07              movzbl   7(%eax), %edx
0x06ff9c0e:  8b 40 10                 movl     0x10(%eax), %eax
0x06ff9c11:  e8 80 a3 ff ff           calll    0x6ff3f96

----------------
IN: 
0x06ff3f96:  85 c0                    testl    %eax, %eax
0x06ff3f98:  74 43                    je       0x6ff3fdd

----------------
IN: 
0x06ff3f9a:  56                       pushl    %esi
0x06ff3f9b:  53                       pushl    %ebx
0x06ff3f9c:  81 ec 00 01 00 00        subl     $0x100, %esp
0x06ff3fa2:  89 ce                    movl     %ecx, %esi
0x06ff3fa4:  89 d3                    movl     %edx, %ebx
0x06ff3fa6:  89 c1                    movl     %eax, %ecx
0x06ff3fa8:  ba 07 21 0f 00           movl     $0xf2107, %edx
0x06ff3fad:  89 e0                    movl     %esp, %eax
0x06ff3faf:  e8 e5 fd ff ff           calll    0x6ff3d99

----------------
IN: 
0x06ff3e26:  0f b6 f8                 movzbl   %al, %edi
0x06ff3e29:  57                       pushl    %edi
0x06ff3e2a:  68 ce 20 0f 00           pushl    $0xf20ce
0x06ff3e2f:  29 de                    subl     %ebx, %esi
0x06ff3e31:  56                       pushl    %esi
0x06ff3e32:  53                       pushl    %ebx
0x06ff3e33:  e8 2b eb ff ff           calll    0x6ff2963

----------------
IN: 
0x06ff3e38:  01 c3                    addl     %eax, %ebx
0x06ff3e3a:  83 c4 10                 addl     $0x10, %esp
0x06ff3e3d:  89 d8                    movl     %ebx, %eax
0x06ff3e3f:  5b                       popl     %ebx
0x06ff3e40:  5e                       popl     %esi
0x06ff3e41:  5f                       popl     %edi
0x06ff3e42:  5d                       popl     %ebp
0x06ff3e43:  c3                       retl     

----------------
IN: 
0x06ff3fb4:  56                       pushl    %esi
0x06ff3fb5:  53                       pushl    %ebx
0x06ff3fb6:  68 09 21 0f 00           pushl    $0xf2109
0x06ff3fbb:  8d 94 24 0c 01 00 00     leal     0x10c(%esp), %edx
0x06ff3fc2:  29 c2                    subl     %eax, %edx
0x06ff3fc4:  52                       pushl    %edx
0x06ff3fc5:  50                       pushl    %eax
0x06ff3fc6:  e8 98 e9 ff ff           calll    0x6ff2963

----------------
IN: 
0x06ff3fcb:  8d 44 24 14              leal     0x14(%esp), %eax
0x06ff3fcf:  e8 b6 be ff ff           calll    0x6fefe8a

----------------
IN: 
0x06ff3fd4:  81 c4 14 01 00 00        addl     $0x114, %esp
0x06ff3fda:  5b                       popl     %ebx
0x06ff3fdb:  5e                       popl     %esi
0x06ff3fdc:  c3                       retl     

----------------
IN: 
0x06ff9c16:  89 c7                    movl     %eax, %edi
0x06ff9c18:  8b 43 2c                 movl     0x2c(%ebx), %eax
0x06ff9c1b:  0f b6 4b 30              movzbl   0x30(%ebx), %ecx
0x06ff9c1f:  0f b6 50 07              movzbl   7(%eax), %edx
0x06ff9c23:  8b 40 10                 movl     0x10(%eax), %eax
0x06ff9c26:  8d 6b 02                 leal     2(%ebx), %ebp
0x06ff9c29:  55                       pushl    %ebp
0x06ff9c2a:  e8 68 a4 ff ff           calll    0x6ff4097

----------------
IN: 
0x06ff4097:  57                       pushl    %edi
0x06ff4098:  56                       pushl    %esi
0x06ff4099:  53                       pushl    %ebx
0x06ff409a:  81 ec 00 01 00 00        subl     $0x100, %esp
0x06ff40a0:  8b 9c 24 10 01 00 00     movl     0x110(%esp), %ebx
0x06ff40a7:  85 c0                    testl    %eax, %eax
0x06ff40a9:  74 4d                    je       0x6ff40f8

----------------
IN: 
0x06ff40ab:  89 cf                    movl     %ecx, %edi
0x06ff40ad:  89 d6                    movl     %edx, %esi
0x06ff40af:  89 c1                    movl     %eax, %ecx
0x06ff40b1:  ba 07 21 0f 00           movl     $0xf2107, %edx
0x06ff40b6:  89 e0                    movl     %esp, %eax
0x06ff40b8:  e8 dc fc ff ff           calll    0x6ff3d99

----------------
IN: 
0x06ff40bd:  57                       pushl    %edi
0x06ff40be:  56                       pushl    %esi
0x06ff40bf:  68 09 21 0f 00           pushl    $0xf2109
0x06ff40c4:  8d 94 24 0c 01 00 00     leal     0x10c(%esp), %edx
0x06ff40cb:  29 c2                    subl     %eax, %edx
0x06ff40cd:  52                       pushl    %edx
0x06ff40ce:  50                       pushl    %eax
0x06ff40cf:  e8 8f e8 ff ff           calll    0x6ff2963

----------------
IN: 
0x06ff40d4:  8d 44 24 14              leal     0x14(%esp), %eax
0x06ff40d8:  e8 64 bd ff ff           calll    0x6fefe41

----------------
IN: 
0x06fefe41:  55                       pushl    %ebp
0x06fefe42:  57                       pushl    %edi
0x06fefe43:  56                       pushl    %esi
0x06fefe44:  53                       pushl    %ebx
0x06fefe45:  51                       pushl    %ecx
0x06fefe46:  89 c7                    movl     %eax, %edi
0x06fefe48:  50                       pushl    %eax
0x06fefe49:  68 be 11 0f 00           pushl    $0xf11be
0x06fefe4e:  e8 cf d0 0f f9           calll    0xecf22

----------------
IN: 
0x06fefe53:  a1 48 ff ff 06           movl     0x6ffff48, %eax
0x06fefe58:  89 44 24 08              movl     %eax, 8(%esp)
0x06fefe5c:  8b 1d 58 fe ff 06        movl     0x6fffe58, %ebx
0x06fefe62:  5e                       popl     %esi
0x06fefe63:  5d                       popl     %ebp
0x06fefe64:  31 f6                    xorl     %esi, %esi
0x06fefe66:  39 34 24                 cmpl     %esi, (%esp)
0x06fefe69:  7e 15                    jle      0x6fefe80

----------------
IN: 
0x06fefe80:  31 ed                    xorl     %ebp, %ebp
0x06fefe82:  89 e8                    movl     %ebp, %eax
0x06fefe84:  5a                       popl     %edx
0x06fefe85:  5b                       popl     %ebx
0x06fefe86:  5e                       popl     %esi
0x06fefe87:  5f                       popl     %edi
0x06fefe88:  5d                       popl     %ebp
0x06fefe89:  c3                       retl     

----------------
IN: 
0x06ff40dd:  83 c4 14                 addl     $0x14, %esp
0x06ff40e0:  85 c0                    testl    %eax, %eax
0x06ff40e2:  74 14                    je       0x6ff40f8

----------------
IN: 
0x06ff40f8:  81 c4 00 01 00 00        addl     $0x100, %esp
0x06ff40fe:  5b                       popl     %ebx
0x06ff40ff:  5e                       popl     %esi
0x06ff4100:  5f                       popl     %edi
0x06ff4101:  c3                       retl     

----------------
IN: 
0x06ff9c2f:  89 f9                    movl     %edi, %ecx
0x06ff9c31:  89 f2                    movl     %esi, %edx
0x06ff9c33:  89 d8                    movl     %ebx, %eax
0x06ff9c35:  e8 37 fd ff ff           calll    0x6ff9971

----------------
IN: 
0x06ff9971:  55                       pushl    %ebp
0x06ff9972:  57                       pushl    %edi
0x06ff9973:  56                       pushl    %esi
0x06ff9974:  53                       pushl    %ebx
0x06ff9975:  89 c6                    movl     %eax, %esi
0x06ff9977:  89 d3                    movl     %edx, %ebx
0x06ff9979:  89 cf                    movl     %ecx, %edi
0x06ff997b:  f6 05 20 56 0f 00 01     testb    $1, 0xf5620
0x06ff9982:  74 25                    je       0x6ff99a9

----------------
IN: 
0x06ff9984:  e8 2b ff ff ff           calll    0x6ff98b4

----------------
IN: 
0x06ff98b4:  53                       pushl    %ebx
0x06ff98b5:  81 ec 14 08 00 00        subl     $0x814, %esp
0x06ff98bb:  89 c3                    movl     %eax, %ebx
0x06ff98bd:  b9 14 00 00 00           movl     $0x14, %ecx
0x06ff98c2:  31 d2                    xorl     %edx, %edx
0x06ff98c4:  89 e0                    movl     %esp, %eax
0x06ff98c6:  e8 5b 1e 0f f9           calll    0xeb726

----------------
IN: 
0x06ff98cb:  89 5c 24 04              movl     %ebx, 4(%esp)
0x06ff98cf:  e8 2a 65 0f f9           calll    0xefdfe

----------------
IN: 
0x000efdfe:  55                       pushl    %ebp
0x000efdff:  57                       pushl    %edi
0x000efe00:  56                       pushl    %esi
0x000efe01:  53                       pushl    %ebx
0x000efe02:  83 ec 28                 subl     $0x28, %esp
0x000efe05:  89 c3                    movl     %eax, %ebx
0x000efe07:  b8 88 13 00 00           movl     $0x1388, %eax
0x000efe0c:  e8 e2 c6 ff ff           calll    0xec4f3

----------------
IN: 
0x000efe11:  89 04 24                 movl     %eax, (%esp)
0x000efe14:  31 ed                    xorl     %ebp, %ebp
0x000efe16:  be 03 00 00 00           movl     $3, %esi
0x000efe1b:  8b 04 24                 movl     (%esp), %eax
0x000efe1e:  e8 27 c7 ff ff           calll    0xec54a

----------------
IN: 
0x000efe23:  85 c0                    testl    %eax, %eax
0x000efe25:  74 10                    je       0xefe37

----------------
IN: 
0x000efe37:  8d 7c 24 16              leal     0x16(%esp), %edi
0x000efe3b:  b9 10 00 00 00           movl     $0x10, %ecx
0x000efe40:  31 d2                    xorl     %edx, %edx
0x000efe42:  89 f8                    movl     %edi, %eax
0x000efe44:  e8 dd b8 ff ff           calll    0xeb726

----------------
IN: 
0x000efe49:  c6 44 24 16 00           movb     $0, 0x16(%esp)
0x000efe4e:  c6 43 08 20              movb     $0x20, 8(%ebx)
0x000efe52:  31 c0                    xorl     %eax, %eax
0x000efe54:  89 03                    movl     %eax, (%ebx)
0x000efe56:  89 7b 10                 movl     %edi, 0x10(%ebx)
0x000efe59:  31 c0                    xorl     %eax, %eax
0x000efe5b:  89 43 0a                 movl     %eax, 0xa(%ebx)
0x000efe5e:  89 d8                    movl     %ebx, %eax
0x000efe60:  e8 58 ff ff ff           calll    0xefdbd

----------------
IN: 
0x000efdbd:  56                       pushl    %esi
0x000efdbe:  53                       pushl    %ebx
0x000efdbf:  0f b7 70 0a              movzwl   0xa(%eax), %esi
0x000efdc3:  8b 50 04                 movl     4(%eax), %edx
0x000efdc6:  0f b7 52 1a              movzwl   0x1a(%edx), %edx
0x000efdca:  0f af d6                 imull    %esi, %edx
0x000efdcd:  81 fa 00 00 01 00        cmpl     $0x10000, %edx
0x000efdd3:  7e 0d                    jle      0xefde2

----------------
IN: 
0x000efde2:  89 c3                    movl     %eax, %ebx
0x000efde4:  e8 7b f3 ff ff           calll    0xef164

----------------
IN: 
0x000ef164:  55                       pushl    %ebp
0x000ef165:  57                       pushl    %edi
0x000ef166:  56                       pushl    %esi
0x000ef167:  53                       pushl    %ebx
0x000ef168:  81 ec f0 00 00 00        subl     $0xf0, %esp
0x000ef16e:  89 c2                    movl     %eax, %edx
0x000ef170:  8b 68 04                 movl     4(%eax), %ebp
0x000ef173:  8a 45 00                 movb     (%ebp), %al
0x000ef176:  3c 71                    cmpb     $0x71, %al
0x000ef178:  0f 84 85 01 00 00        je       0xef303

----------------
IN: 
0x000ef17e:  89 14 24                 movl     %edx, (%esp)
0x000ef181:  77 24                    ja       0xef1a7

----------------
IN: 
0x000ef183:  3c 60                    cmpb     $0x60, %al
0x000ef185:  0f 84 b1 01 00 00        je       0xef33c

----------------
IN: 
0x000ef18b:  77 11                    ja       0xef19e

----------------
IN: 
0x000ef18d:  3c 50                    cmpb     $0x50, %al
0x000ef18f:  74 6f                    je       0xef200

----------------
IN: 
0x000ef191:  3c 51                    cmpb     $0x51, %al
0x000ef193:  0f 84 94 00 00 00        je       0xef22d

----------------
IN: 
0x000ef199:  e9 ca 05 00 00           jmp      0xef768

----------------
IN: 
0x000ef768:  3c 21                    cmpb     $0x21, %al
0x000ef76a:  74 24                    je       0xef790

----------------
IN: 
0x000ef790:  8b 04 24                 movl     (%esp), %eax
0x000ef793:  8a 58 08                 movb     8(%eax), %bl
0x000ef796:  8d 43 fd                 leal     -3(%ebx), %eax
0x000ef799:  a8 fd                    testb    $0xfd, %al
0x000ef79b:  0f 84 0a 06 00 00        je       0xefdab

----------------
IN: 
0x000ef7a1:  8d 54 24 51              leal     0x51(%esp), %edx
0x000ef7a5:  b9 0c 00 00 00           movl     $0xc, %ecx
0x000ef7aa:  8b 04 24                 movl     (%esp), %eax
0x000ef7ad:  e8 32 c3 ff ff           calll    0xebae4

----------------
IN: 
0x000ebae4:  55                       pushl    %ebp
0x000ebae5:  57                       pushl    %edi
0x000ebae6:  56                       pushl    %esi
0x000ebae7:  53                       pushl    %ebx
0x000ebae8:  89 d5                    movl     %edx, %ebp
0x000ebaea:  8a 50 08                 movb     8(%eax), %dl
0x000ebaed:  80 fa 03                 cmpb     $3, %dl
0x000ebaf0:  77 07                    ja       0xebaf9

----------------
IN: 
0x000ebaf9:  80 fa 20                 cmpb     $0x20, %dl
0x000ebafc:  0f 84 84 00 00 00        je       0xebb86

----------------
IN: 
0x000ebb86:  8b 70 10                 movl     0x10(%eax), %esi
0x000ebb89:  89 ef                    movl     %ebp, %edi
0x000ebb8b:  f3 a4                    rep movsb (%esi), %es:(%edi)

----------------
IN: 
0x000ebb8d:  0f b7 40 0c              movzwl   0xc(%eax), %eax
0x000ebb91:  5b                       popl     %ebx
0x000ebb92:  5e                       popl     %esi
0x000ebb93:  5f                       popl     %edi
0x000ebb94:  5d                       popl     %ebp
0x000ebb95:  c3                       retl     

----------------
IN: 
0x000ef7b2:  89 c7                    movl     %eax, %edi
0x000ef7b4:  88 d8                    movb     %bl, %al
0x000ef7b6:  83 ff ff                 cmpl     $-1, %edi
0x000ef7b9:  0f 84 ae 04 00 00        je       0xefc6d

----------------
IN: 
0x000ef7bf:  8b 45 2c                 movl     0x2c(%ebp), %eax
0x000ef7c2:  66 8b 30                 movw     (%eax), %si
0x000ef7c5:  66 89 74 24 04           movw     %si, 4(%esp)
0x000ef7ca:  66 8b 58 02              movw     2(%eax), %bx
0x000ef7ce:  b9 0c 00 00 00           movl     $0xc, %ecx
0x000ef7d3:  31 d2                    xorl     %edx, %edx
0x000ef7d5:  8d 84 24 84 00 00 00     leal     0x84(%esp), %eax
0x000ef7dc:  e8 45 bf ff ff           calll    0xeb726

----------------
IN: 
0x000ef7e1:  66 89 bc 24 87 00 00 00  movw     %di, 0x87(%esp)
0x000ef7e9:  c6 84 24 8a 00 00 00 a0  movb     $0xa0, 0x8a(%esp)
0x000ef7f1:  83 c3 02                 addl     $2, %ebx
0x000ef7f4:  b0 0a                    movb     $0xa, %al
0x000ef7f6:  89 da                    movl     %ebx, %edx
0x000ef7f8:  ee                       outb     %al, %dx

----------------
IN: 
0x000ef7f9:  8d 94 24 84 00 00 00     leal     0x84(%esp), %edx
0x000ef800:  89 e8                    movl     %ebp, %eax
0x000ef802:  e8 eb d9 ff ff           calll    0xed1f2

----------------
IN: 
0x000ef807:  85 c0                    testl    %eax, %eax
0x000ef809:  74 0a                    je       0xef815

----------------
IN: 
0x000ef815:  0f b7 6c 24 04           movzwl   4(%esp), %ebp
0x000ef81a:  89 e8                    movl     %ebp, %eax
0x000ef81c:  e8 ae d9 ff ff           calll    0xed1cf

----------------
IN: 
0x000ef821:  85 c0                    testl    %eax, %eax
0x000ef823:  75 e6                    jne      0xef80b

----------------
IN: 
0x000ef825:  8d 74 24 51              leal     0x51(%esp), %esi
0x000ef829:  b9 06 00 00 00           movl     $6, %ecx
0x000ef82e:  8b 54 24 04              movl     4(%esp), %edx
0x000ef832:  26 66 f3 6f              rep outsw %es:(%esi), %dx

----------------
IN: 
0x000ef836:  89 da                    movl     %ebx, %edx
0x000ef838:  ec                       inb      %dx, %al

----------------
IN: 
0x000ef839:  89 e8                    movl     %ebp, %eax
0x000ef83b:  e8 4c d9 ff ff           calll    0xed18c

----------------
IN: 
0x000ef840:  83 f8 ff                 cmpl     $-1, %eax
0x000ef843:  74 c6                    je       0xef80b

----------------
IN: 
0x000ef845:  89 c6                    movl     %eax, %esi
0x000ef847:  83 e6 01                 andl     $1, %esi
0x000ef84a:  74 08                    je       0xef854

----------------
IN: 
0x000ef84c:  8b 54 24 04              movl     4(%esp), %edx
0x000ef850:  42                       incl     %edx
0x000ef851:  ec                       inb      %dx, %al

----------------
IN: 
0x000ef852:  eb b7                    jmp      0xef80b

----------------
IN: 
0x000ef80b:  b0 08                    movb     $8, %al
0x000ef80d:  89 da                    movl     %ebx, %edx
0x000ef80f:  ee                       outb     %al, %dx

----------------
IN: 
0x000ef810:  e9 7c 05 00 00           jmp      0xefd91

----------------
IN: 
0x000efd91:  be 0c 00 00 00           movl     $0xc, %esi
0x000efd96:  eb 18                    jmp      0xefdb0

----------------
IN: 
0x000efdb0:  89 f0                    movl     %esi, %eax
0x000efdb2:  81 c4 f0 00 00 00        addl     $0xf0, %esp
0x000efdb8:  5b                       popl     %ebx
0x000efdb9:  5e                       popl     %esi
0x000efdba:  5f                       popl     %edi
0x000efdbb:  5d                       popl     %ebp
0x000efdbc:  c3                       retl     

----------------
IN: 
0x000efde9:  85 c0                    testl    %eax, %eax
0x000efdeb:  74 0e                    je       0xefdfb

----------------
IN: 
0x000efded:  0f b7 53 0a              movzwl   0xa(%ebx), %edx
0x000efdf1:  39 d6                    cmpl     %edx, %esi
0x000efdf3:  75 06                    jne      0xefdfb

----------------
IN: 
0x000efdf5:  66 c7 43 0a 00 00        movw     $0, 0xa(%ebx)
0x000efdfb:  5b                       popl     %ebx
0x000efdfc:  5e                       popl     %esi
0x000efdfd:  c3                       retl     

----------------
IN: 
0x000efe65:  85 c0                    testl    %eax, %eax
0x000efe67:  0f 84 96 00 00 00        je       0xeff03

----------------
IN: 
0x000efe6d:  8d 44 24 06              leal     6(%esp), %eax
0x000efe71:  b9 10 00 00 00           movl     $0x10, %ecx
0x000efe76:  31 d2                    xorl     %edx, %edx
0x000efe78:  e8 a9 b8 ff ff           calll    0xeb726

----------------
IN: 
0x000efe7d:  c6 44 24 06 03           movb     $3, 6(%esp)
0x000efe82:  c6 44 24 0a 12           movb     $0x12, 0xa(%esp)
0x000efe87:  c6 43 08 20              movb     $0x20, 8(%ebx)
0x000efe8b:  89 3b                    movl     %edi, (%ebx)
0x000efe8d:  89 43 10                 movl     %eax, 0x10(%ebx)
0x000efe90:  c7 43 0a 01 00 12 00     movl     $0x120001, 0xa(%ebx)
0x000efe97:  89 d8                    movl     %ebx, %eax
0x000efe99:  e8 1f ff ff ff           calll    0xefdbd

----------------
IN: 
0x000ef854:  85 ff                    testl    %edi, %edi
0x000ef856:  75 0a                    jne      0xef862

----------------
IN: 
0x000ef862:  a8 08                    testb    $8, %al
0x000ef864:  74 a5                    je       0xef80b

----------------
IN: 
0x000ef866:  89 fa                    movl     %edi, %edx
0x000ef868:  8b 04 24                 movl     (%esp), %eax
0x000ef86b:  e8 5a da ff ff           calll    0xed2ca

----------------
IN: 
0x000ef870:  89 c1                    movl     %eax, %ecx
0x000ef872:  b0 08                    movb     $8, %al
0x000ef874:  89 da                    movl     %ebx, %edx
0x000ef876:  ee                       outb     %al, %dx

----------------
IN: 
0x000ef877:  85 c9                    testl    %ecx, %ecx
0x000ef879:  e9 c6 03 00 00           jmp      0xefc44

----------------
IN: 
0x000efc44:  0f 85 47 01 00 00        jne      0xefd91

----------------
IN: 
0x000efc4a:  e9 61 01 00 00           jmp      0xefdb0

----------------
IN: 
0x000efdfb:  5b                       popl     %ebx
0x000efdfc:  5e                       popl     %esi
0x000efdfd:  c3                       retl     

----------------
IN: 
0x000efe9e:  85 c0                    testl    %eax, %eax
0x000efea0:  0f 85 75 ff ff ff        jne      0xefe1b

----------------
IN: 
0x000efea6:  80 7c 24 22 3a           cmpb     $0x3a, 0x22(%esp)
0x000efeab:  75 12                    jne      0xefebf

----------------
IN: 
0x000efead:  4e                       decl     %esi
0x000efeae:  56                       pushl    %esi
0x000efeaf:  68 77 2f 0f 00           pushl    $0xf2f77
0x000efeb4:  e8 69 d0 ff ff           calll    0xecf22

----------------
IN: 
0x000efeb9:  5a                       popl     %edx
0x000efeba:  59                       popl     %ecx
0x000efebb:  85 f6                    testl    %esi, %esi
0x000efebd:  74 41                    je       0xeff00

----------------
IN: 
0x000efebf:  80 7c 24 22 04           cmpb     $4, 0x22(%esp)
0x000efec4:  0f 85 51 ff ff ff        jne      0xefe1b

----------------
IN: 
0x000efe1b:  8b 04 24                 movl     (%esp), %eax
0x000efe1e:  e8 27 c7 ff ff           calll    0xec54a

----------------
IN: 
0x000eff00:  83 c8 ff                 orl      $0xffffffff, %eax
0x000eff03:  83 c4 28                 addl     $0x28, %esp
0x000eff06:  5b                       popl     %ebx
0x000eff07:  5e                       popl     %esi
0x000eff08:  5f                       popl     %edi
0x000eff09:  5d                       popl     %ebp
0x000eff0a:  c3                       retl     

----------------
IN: 
0x06ff98d4:  85 c0                    testl    %eax, %eax
0x06ff98d6:  74 07                    je       0x6ff98df

----------------
IN: 
0x06ff98d8:  31 db                    xorl     %ebx, %ebx
0x06ff98da:  e9 88 00 00 00           jmp      0x6ff9967

----------------
IN: 
0x06ff9967:  89 d8                    movl     %ebx, %eax
0x06ff9969:  81 c4 14 08 00 00        addl     $0x814, %esp
0x06ff996f:  5b                       popl     %ebx
0x06ff9970:  c3                       retl     

----------------
IN: 
0x06ff9989:  89 c5                    movl     %eax, %ebp
0x06ff998b:  85 c0                    testl    %eax, %eax
0x06ff998d:  74 1a                    je       0x6ff99a9

----------------
IN: 
0x06ff99a9:  85 ff                    testl    %edi, %edi
0x06ff99ab:  79 06                    jns      0x6ff99b3

----------------
IN: 
0x06ff99ad:  8b 3d 4c fe ff 06        movl     0x6fffe4c, %edi
0x06ff99b3:  53                       pushl    %ebx
0x06ff99b4:  89 f1                    movl     %esi, %ecx
0x06ff99b6:  89 fa                    movl     %edi, %edx
0x06ff99b8:  b8 03 00 00 00           movl     $3, %eax
0x06ff99bd:  e8 24 52 ff ff           calll    0x6feebe6

----------------
IN: 
0x06feec5a:  8b 0a                    movl     (%edx), %ecx
0x06feec5c:  39 71 f8                 cmpl     %esi, -8(%ecx)
0x06feec5f:  7f ea                    jg       0x6feec4b

----------------
IN: 
0x06feec61:  7c 25                    jl       0x6feec88

----------------
IN: 
0x06feec88:  89 ca                    movl     %ecx, %edx
0x06feec8a:  8b 09                    movl     (%ecx), %ecx
0x06feec8c:  eb b9                    jmp      0x6feec47

----------------
IN: 
0x06feec47:  85 c9                    testl    %ecx, %ecx
0x06feec49:  75 0f                    jne      0x6feec5a

----------------
IN: 
0x06ff99c2:  58                       popl     %eax
0x06ff99c3:  5b                       popl     %ebx
0x06ff99c4:  5e                       popl     %esi
0x06ff99c5:  5f                       popl     %edi
0x06ff99c6:  5d                       popl     %ebp
0x06ff99c7:  c3                       retl     

----------------
IN: 
0x06ff9c3a:  58                       popl     %eax
0x06ff9c3b:  e9 5f 01 00 00           jmp      0x6ff9d9f

----------------
IN: 
0x06ff9d9f:  80 7c 24 03 00           cmpb     $0, 3(%esp)
0x06ff9da4:  75 2a                    jne      0x6ff9dd0

----------------
IN: 
0x06ff9da6:  66 8b 84 24 2e 01 00 00  movw     0x12e(%esp), %ax
0x06ff9dae:  66 25 61 df              andw     $0xdf61, %ax
0x06ff9db2:  66 3d 41 40              cmpw     $0x4041, %ax
0x06ff9db6:  74 18                    je       0x6ff9dd0

----------------
IN: 
0x06ff9db8:  be 01 00 00 00           movl     $1, %esi
0x06ff9dbd:  eb 07                    jmp      0x6ff9dc6

----------------
IN: 
0x000ed225:  b1 b0                    movb     $0xb0, %cl
0x000ed227:  09 c1                    orl      %eax, %ecx
0x000ed229:  8d 55 06                 leal     6(%ebp), %edx
0x000ed22c:  ec                       inb      %dx, %al

----------------
IN: 
0x06fef7a4:  b0 08                    movb     $8, %al
0x06fef7a6:  89 da                    movl     %ebx, %edx
0x06fef7a8:  ee                       outb     %al, %dx

----------------
IN: 
0x06ff9b62:  8d 55 07                 leal     7(%ebp), %edx
0x06ff9b65:  ec                       inb      %dx, %al

----------------
IN: 
0x06ff9b66:  84 c0                    testb    %al, %al
0x06ff9b68:  0f 84 fe 00 00 00        je       0x6ff9c6c

----------------
IN: 
0x06ff9c6c:  be 01 00 00 00           movl     $1, %esi
0x06ff9c71:  e9 49 01 00 00           jmp      0x6ff9dbf

----------------
IN: 
0x06ff231c:  0f b6 45 00              movzbl   (%ebp), %eax
0x06ff2320:  ba c8 00 00 00           movl     $0xc8, %edx
0x06ff2325:  e8 20 ff ff ff           calll    0x6ff224a

----------------
IN: 
0x06ff232a:  f7 d8                    negl     %eax
0x06ff232c:  19 db                    sbbl     %ebx, %ebx
0x06ff232e:  eb 22                    jmp      0x6ff2352

----------------
IN: 
0x06ff24a5:  85 c0                    testl    %eax, %eax
0x06ff24a7:  75 22                    jne      0x6ff24cb

----------------
IN: 
0x06ff24a9:  c6 05 ac 99 0e 00 61     movb     $0x61, 0xe99ac
0x06ff24b0:  31 d2                    xorl     %edx, %edx
0x06ff24b2:  b8 f4 00 00 00           movl     $0xf4, %eax
0x06ff24b7:  e8 c2 fd ff ff           calll    0x6ff227e

----------------
IN: 
0x06fee259:  eb ed                    jmp      0x6fee248

----------------
IN: 
0x06ff24bc:  85 c0                    testl    %eax, %eax
0x06ff24be:  75 0b                    jne      0x6ff24cb

----------------
IN: 
0x06ff24c0:  68 d1 1c 0f 00           pushl    $0xf1cd1
0x06ff24c5:  e8 58 aa 0f f9           calll    0xecf22

----------------
IN: 
0x06ff24ca:  5a                       popl     %edx
0x06ff24cb:  58                       popl     %eax
0x06ff24cc:  5b                       popl     %ebx
0x06ff24cd:  5e                       popl     %esi
0x06ff24ce:  5f                       popl     %edi
0x06ff24cf:  c3                       retl     

----------------
IN: 
0x06fee582:  68 a1 0f 0f 00           pushl    $0xf0fa1
0x06fee587:  e8 96 e9 0f f9           calll    0xecf22

----------------
IN: 
0x06fee58c:  58                       popl     %eax
0x06fee58d:  c3                       retl     

----------------
IN: 
0x06fee25b:  c3                       retl     

----------------
IN: 
0x06ffbeec:  e8 71 98 ff ff           calll    0x6ff5762

----------------
IN: 
0x06ff5762:  57                       pushl    %edi
0x06ff5763:  8d 7c 24 08              leal     8(%esp), %edi
0x06ff5767:  83 e4 f8                 andl     $0xfffffff8, %esp
0x06ff576a:  ff 77 fc                 pushl    -4(%edi)
0x06ff576d:  55                       pushl    %ebp
0x06ff576e:  89 e5                    movl     %esp, %ebp
0x06ff5770:  57                       pushl    %edi
0x06ff5771:  56                       pushl    %esi
0x06ff5772:  53                       pushl    %ebx
0x06ff5773:  81 ec 14 03 00 00        subl     $0x314, %esp
0x06ff5779:  68 08 26 0f 00           pushl    $0xf2608
0x06ff577e:  e8 9f 77 0f f9           calll    0xecf22

----------------
IN: 
0x06ff5783:  b9 00 03 00 00           movl     $0x300, %ecx
0x06ff5788:  31 d2                    xorl     %edx, %edx
0x06ff578a:  8d 85 f0 fc ff ff        leal     -0x310(%ebp), %eax
0x06ff5790:  e8 91 5f 0f f9           calll    0xeb726

----------------
IN: 
0x06ff5795:  8b 1d 60 fe ff 06        movl     0x6fffe60, %ebx
0x06ff579b:  a1 f8 fd ff 06           movl     0x6fffdf8, %eax
0x06ff57a0:  8d 70 fc                 leal     -4(%eax), %esi
0x06ff57a3:  59                       popl     %ecx
0x06ff57a4:  83 fe fc                 cmpl     $-4, %esi
0x06ff57a7:  74 28                    je       0x6ff57d1

----------------
IN: 
0x06ff57a9:  8b 46 14                 movl     0x14(%esi), %eax
0x06ff57ac:  24 7f                    andb     $0x7f, %al
0x06ff57ae:  66 3d 00 03              cmpw     $0x300, %ax
0x06ff57b2:  74 15                    je       0x6ff57c9

----------------
IN: 
0x06ff57b4:  83 7e 1c 00              cmpl     $0, 0x1c(%esi)
0x06ff57b8:  75 0f                    jne      0x6ff57c9

----------------
IN: 
0x06ff57ba:  8d 8d f0 fc ff ff        leal     -0x310(%ebp), %ecx
0x06ff57c0:  31 d2                    xorl     %edx, %edx
0x06ff57c2:  89 f0                    movl     %esi, %eax
0x06ff57c4:  e8 72 fe ff ff           calll    0x6ff563b

----------------
IN: 
0x06fefe29:  89 e9                    movl     %ebp, %ecx
0x06fefe2b:  ba 30 00 00 00           movl     $0x30, %edx
0x06fefe30:  89 f0                    movl     %esi, %eax
0x06fefe32:  e8 1b a6 0f f9           calll    0xea452

----------------
IN: 
0x06fefe37:  31 db                    xorl     %ebx, %ebx
0x06fefe39:  89 d8                    movl     %ebx, %eax
0x06fefe3b:  5a                       popl     %edx
0x06fefe3c:  5b                       popl     %ebx
0x06fefe3d:  5e                       popl     %esi
0x06fefe3e:  5f                       popl     %edi
0x06fefe3f:  5d                       popl     %ebp
0x06fefe40:  c3                       retl     

----------------
IN: 
0x06ff57c9:  8b 76 04                 movl     4(%esi), %esi
0x06ff57cc:  83 ee 04                 subl     $4, %esi
0x06ff57cf:  eb d3                    jmp      0x6ff57a4

----------------
IN: 
0x06ff57a4:  83 fe fc                 cmpl     $-4, %esi
0x06ff57a7:  74 28                    je       0x6ff57d1

----------------
IN: 
0x06fec478:  89 c8                    movl     %ecx, %eax
0x06fec47a:  83 c0 10                 addl     $0x10, %eax
0x06fec47d:  89 43 08                 movl     %eax, 8(%ebx)
0x06fec480:  89 d0                    movl     %edx, %eax
0x06fec482:  eb 02                    jmp      0x6fec486

----------------
IN: 
0x06ff56d1:  83 7c 24 04 00           cmpl     $0, 4(%esp)
0x06ff56d6:  74 18                    je       0x6ff56f0

----------------
IN: 
0x06ff56d8:  8d 90 00 00 f4 ff        leal     -0xc0000(%eax), %edx
0x06ff56de:  c1 ea 0b                 shrl     $0xb, %edx
0x06ff56e1:  8b 4c 24 04              movl     4(%esp), %ecx
0x06ff56e5:  89 34 d1                 movl     %esi, (%ecx, %edx, 8)
0x06ff56e8:  c7 44 d1 04 02 00 00 00  movl     $2, 4(%ecx, %edx, 8)
0x06ff56f0:  0f b7 16                 movzwl   (%esi), %edx
0x06ff56f3:  8b 0c 24                 movl     (%esp), %ecx
0x06ff56f6:  89 44 24 04              movl     %eax, 4(%esp)
0x06ff56fa:  e8 e9 fd ff ff           calll    0x6ff54e8

----------------
IN: 
0x06ff558f:  0f b7 43 1a              movzwl   0x1a(%ebx), %eax
0x06ff5593:  81 3c 03 24 50 6e 50     cmpl     $0x506e5024, (%ebx, %eax)
0x06ff559a:  75 0f                    jne      0x6ff55ab

----------------
IN: 
0x000ca003:  e9 a2 00                 jmp      0xca0a8

----------------
IN: 
0x000ca0a8:  60                       pushaw   
0x000ca0a9:  1e                       pushw    %ds
0x000ca0aa:  06                       pushw    %es
0x000ca0ab:  0f a0                    pushw    %fs
0x000ca0ad:  0f a8                    pushw    %gs
0x000ca0af:  fc                       cld      
0x000ca0b0:  0e                       pushw    %cs
0x000ca0b1:  1f                       popw     %ds
0x000ca0b2:  be 27 03                 movw     $0x327, %si
0x000ca0b5:  31 ff                    xorw     %di, %di
0x000ca0b7:  e8 4c 04                 callw    0xca506

----------------
IN: 
0x000ca506:  50                       pushw    %ax
0x000ca507:  ac                       lodsb    (%si), %al
0x000ca508:  84 c0                    testb    %al, %al
0x000ca50a:  74 05                    je       0xca511

----------------
IN: 
0x000ca50c:  e8 d0 ff                 callw    0xca4df

----------------
IN: 
0x000ca4df:  50                       pushw    %ax
0x000ca4e0:  53                       pushw    %bx
0x000ca4e1:  55                       pushw    %bp
0x000ca4e2:  85 ff                    testw    %di, %di
0x000ca4e4:  74 05                    je       0xca4eb

----------------
IN: 
0x000ca4eb:  bb 07 00                 movw     $7, %bx
0x000ca4ee:  b4 0e                    movb     $0xe, %ah
0x000ca4f0:  3c 0a                    cmpb     $0xa, %al
0x000ca4f2:  75 04                    jne      0xca4f8

----------------
IN: 
0x000ca4f4:  cd 10                    int      $0x10

----------------
IN: 
0x000ca4f6:  b0 0d                    movb     $0xd, %al
0x000ca4f8:  cd 10                    int      $0x10

----------------
IN: 
0x000ca4fa:  5d                       popw     %bp
0x000ca4fb:  5b                       popw     %bx
0x000ca4fc:  58                       popw     %ax
0x000ca4fd:  c3                       retw     

----------------
IN: 
0x000ca50f:  eb f6                    jmp      0xca507

----------------
IN: 
0x000ca507:  ac                       lodsb    (%si), %al
0x000ca508:  84 c0                    testb    %al, %al
0x000ca50a:  74 05                    je       0xca511

----------------
IN: 
0x000ca4f8:  cd 10                    int      $0x10

----------------
IN: 
0x000f8a8c:  66 e8 96 e2 ff ff        calll    0xf6d28

----------------
IN: 
0x000ca511:  58                       popw     %ax
0x000ca512:  c3                       retw     

----------------
IN: 
0x000ca0ba:  8e eb                    movw     %bx, %gs
0x000ca0bc:  31 ff                    xorw     %di, %di
0x000ca0be:  e8 3d 04                 callw    0xca4fe

----------------
IN: 
0x000ca4fe:  50                       pushw    %ax
0x000ca4ff:  b0 20                    movb     $0x20, %al
0x000ca501:  e8 db ff                 callw    0xca4df

----------------
IN: 
0x000ca504:  58                       popw     %ax
0x000ca505:  c3                       retw     

----------------
IN: 
0x000ca0c1:  a3 79 03                 movw     %ax, 0x379
0x000ca0c4:  e8 74 04                 callw    0xca53b

----------------
IN: 
0x000ca53b:  50                       pushw    %ax
0x000ca53c:  86 c4                    xchgb    %al, %ah
0x000ca53e:  e8 e4 ff                 callw    0xca525

----------------
IN: 
0x000ca525:  c0 c8 04                 rorb     $4, %al
0x000ca528:  e8 03 00                 callw    0xca52e

----------------
IN: 
0x000ca52e:  50                       pushw    %ax
0x000ca52f:  24 0f                    andb     $0xf, %al
0x000ca531:  3c 0a                    cmpb     $0xa, %al
0x000ca533:  1c 69                    sbbb     $0x69, %al
0x000ca535:  2f                       das      
0x000ca536:  e8 a6 ff                 callw    0xca4df

----------------
IN: 
0x000ca539:  58                       popw     %ax
0x000ca53a:  c3                       retw     

